algorithm,map,trial,executionTimeMs,nodesExpanded,pathLength,pathFound,maxFringeSize
Dijkstra,Empty,1,2.03,300,34,true,16
DFS,Empty,1,0.416,34,34,true,33
BFS,Empty,1,1.095,300,34,true,16
A*,Empty,1,2.072,300,34,true,16
Dijkstra,Empty,2,0.857,300,34,true,16
DFS,Empty,2,0.164,34,34,true,33
BFS,Empty,2,0.81,300,34,true,16
A*,Empty,2,1.86,300,34,true,16
Dijkstra,Empty,3,1.019,300,34,true,16
DFS,Empty,3,0.204,34,34,true,33
BFS,Empty,3,0.998,300,34,true,16
A*,Empty,3,1.823,300,34,true,16
Dijkstra,Empty,4,0.776,300,34,true,16
DFS,Empty,4,0.101,34,34,true,33
BFS,Empty,4,0.698,300,34,true,16
A*,Empty,4,2.027,300,34,true,16
Dijkstra,Empty,5,0.792,300,34,true,16
DFS,Empty,5,0.109,34,34,true,33
BFS,Empty,5,0.317,300,34,true,16
A*,Empty,5,1.317,300,34,true,16
Dijkstra,Empty,6,0.755,300,34,true,16
DFS,Empty,6,0.097,34,34,true,33
BFS,Empty,6,0.49,300,34,true,16
A*,Empty,6,1.674,300,34,true,16
Dijkstra,Empty,7,0.6,300,34,true,16
DFS,Empty,7,0.065,34,34,true,33
BFS,Empty,7,0.221,300,34,true,16
A*,Empty,7,1.206,300,34,true,16
Dijkstra,Empty,8,0.917,300,34,true,16
DFS,Empty,8,0.151,34,34,true,33
BFS,Empty,8,0.473,300,34,true,16
A*,Empty,8,0.882,300,34,true,16
Dijkstra,Empty,9,0.399,300,34,true,16
DFS,Empty,9,0.097,34,34,true,33
BFS,Empty,9,0.263,300,34,true,16
A*,Empty,9,0.445,300,34,true,16
Dijkstra,Empty,10,0.53,300,34,true,16
DFS,Empty,10,0.1,34,34,true,33
BFS,Empty,10,0.327,300,34,true,16
A*,Empty,10,0.828,300,34,true,16
Dijkstra,Empty,11,0.317,300,34,true,16
DFS,Empty,11,0.056,34,34,true,33
BFS,Empty,11,0.16,300,34,true,16
A*,Empty,11,0.335,300,34,true,16
Dijkstra,Empty,12,0.322,300,34,true,16
DFS,Empty,12,0.055,34,34,true,33
BFS,Empty,12,0.224,300,34,true,16
A*,Empty,12,0.319,300,34,true,16
Dijkstra,Empty,13,0.666,300,34,true,16
DFS,Empty,13,0.059,34,34,true,33
BFS,Empty,13,0.164,300,34,true,16
A*,Empty,13,0.527,300,34,true,16
Dijkstra,Empty,14,0.351,300,34,true,16
DFS,Empty,14,0.08,34,34,true,33
BFS,Empty,14,0.162,300,34,true,16
A*,Empty,14,0.436,300,34,true,16
Dijkstra,Empty,15,0.825,300,34,true,16
DFS,Empty,15,0.088,34,34,true,33
BFS,Empty,15,0.208,300,34,true,16
A*,Empty,15,0.886,300,34,true,16
Dijkstra,Empty,16,0.622,300,34,true,16
DFS,Empty,16,0.059,34,34,true,33
BFS,Empty,16,0.295,300,34,true,16
A*,Empty,16,0.59,300,34,true,16
Dijkstra,Empty,17,1.356,300,34,true,16
DFS,Empty,17,0.05,34,34,true,33
BFS,Empty,17,0.19,300,34,true,16
A*,Empty,17,0.502,300,34,true,16
Dijkstra,Empty,18,0.367,300,34,true,16
DFS,Empty,18,0.03,34,34,true,33
BFS,Empty,18,0.13,300,34,true,16
A*,Empty,18,0.297,300,34,true,16
Dijkstra,Empty,19,0.353,300,34,true,16
DFS,Empty,19,0.03,34,34,true,33
BFS,Empty,19,0.782,300,34,true,16
A*,Empty,19,0.495,300,34,true,16
Dijkstra,Empty,20,0.347,300,34,true,16
DFS,Empty,20,0.03,34,34,true,33
BFS,Empty,20,0.131,300,34,true,16
A*,Empty,20,0.309,300,34,true,16
Dijkstra,Empty,21,0.294,300,34,true,16
DFS,Empty,21,0.028,34,34,true,33
BFS,Empty,21,0.646,300,34,true,16
A*,Empty,21,0.298,300,34,true,16
Dijkstra,Empty,22,0.285,300,34,true,16
DFS,Empty,22,0.031,34,34,true,33
BFS,Empty,22,0.128,300,34,true,16
A*,Empty,22,0.327,300,34,true,16
Dijkstra,Empty,23,0.294,300,34,true,16
DFS,Empty,23,0.043,34,34,true,33
BFS,Empty,23,0.127,300,34,true,16
A*,Empty,23,0.626,300,34,true,16
Dijkstra,Empty,24,0.299,300,34,true,16
DFS,Empty,24,0.028,34,34,true,33
BFS,Empty,24,0.165,300,34,true,16
A*,Empty,24,0.306,300,34,true,16
Dijkstra,Empty,25,0.294,300,34,true,16
DFS,Empty,25,0.028,34,34,true,33
BFS,Empty,25,0.134,300,34,true,16
A*,Empty,25,0.662,300,34,true,16
Dijkstra,Empty,26,0.283,300,34,true,16
DFS,Empty,26,0.029,34,34,true,33
BFS,Empty,26,0.133,300,34,true,16
A*,Empty,26,0.301,300,34,true,16
Dijkstra,Empty,27,0.281,300,34,true,16
DFS,Empty,27,0.028,34,34,true,33
BFS,Empty,27,0.129,300,34,true,16
A*,Empty,27,0.317,300,34,true,16
Dijkstra,Empty,28,0.727,300,34,true,16
DFS,Empty,28,0.053,34,34,true,33
BFS,Empty,28,0.202,300,34,true,16
A*,Empty,28,0.476,300,34,true,16
Dijkstra,Empty,29,0.478,300,34,true,16
DFS,Empty,29,0.072,34,34,true,33
BFS,Empty,29,0.292,300,34,true,16
A*,Empty,29,0.892,300,34,true,16
Dijkstra,Empty,30,1.089,300,34,true,16
DFS,Empty,30,0.052,34,34,true,33
BFS,Empty,30,0.224,300,34,true,16
A*,Empty,30,0.533,300,34,true,16
Dijkstra,Empty,31,0.521,300,34,true,16
DFS,Empty,31,0.06,34,34,true,33
BFS,Empty,31,0.197,300,34,true,16
A*,Empty,31,0.38,300,34,true,16
Dijkstra,Empty,32,0.513,300,34,true,16
DFS,Empty,32,0.085,34,34,true,33
BFS,Empty,32,0.605,300,34,true,16
A*,Empty,32,0.524,300,34,true,16
Dijkstra,Empty,33,0.514,300,34,true,16
DFS,Empty,33,0.054,34,34,true,33
BFS,Empty,33,0.235,300,34,true,16
A*,Empty,33,0.565,300,34,true,16
Dijkstra,Empty,34,0.726,300,34,true,16
DFS,Empty,34,0.058,34,34,true,33
BFS,Empty,34,0.243,300,34,true,16
A*,Empty,34,1.159,300,34,true,16
Dijkstra,Empty,35,0.55,300,34,true,16
DFS,Empty,35,0.079,34,34,true,33
BFS,Empty,35,0.272,300,34,true,16
A*,Empty,35,0.431,300,34,true,16
Dijkstra,Empty,36,0.43,300,34,true,16
DFS,Empty,36,0.043,34,34,true,33
BFS,Empty,36,0.152,300,34,true,16
A*,Empty,36,1.046,300,34,true,16
Dijkstra,Empty,37,0.59,300,34,true,16
DFS,Empty,37,0.056,34,34,true,33
BFS,Empty,37,0.214,300,34,true,16
A*,Empty,37,0.503,300,34,true,16
Dijkstra,Empty,38,0.475,300,34,true,16
DFS,Empty,38,0.114,34,34,true,33
BFS,Empty,38,0.251,300,34,true,16
A*,Empty,38,0.534,300,34,true,16
Dijkstra,Empty,39,1.957,300,34,true,16
DFS,Empty,39,0.268,34,34,true,33
BFS,Empty,39,0.224,300,34,true,16
A*,Empty,39,0.716,300,34,true,16
Dijkstra,Empty,40,0.604,300,34,true,16
DFS,Empty,40,0.055,34,34,true,33
BFS,Empty,40,0.237,300,34,true,16
A*,Empty,40,0.7,300,34,true,16
Dijkstra,Empty,41,1.334,300,34,true,16
DFS,Empty,41,0.047,34,34,true,33
BFS,Empty,41,0.2,300,34,true,16
A*,Empty,41,0.413,300,34,true,16
Dijkstra,Empty,42,0.332,300,34,true,16
DFS,Empty,42,0.029,34,34,true,33
BFS,Empty,42,0.19,300,34,true,16
A*,Empty,42,0.388,300,34,true,16
Dijkstra,Empty,43,0.43,300,34,true,16
DFS,Empty,43,0.045,34,34,true,33
BFS,Empty,43,0.246,300,34,true,16
A*,Empty,43,0.882,300,34,true,16
Dijkstra,Empty,44,0.622,300,34,true,16
DFS,Empty,44,0.052,34,34,true,33
BFS,Empty,44,0.205,300,34,true,16
A*,Empty,44,0.289,300,34,true,16
Dijkstra,Empty,45,0.326,300,34,true,16
DFS,Empty,45,0.027,34,34,true,33
BFS,Empty,45,0.813,300,34,true,16
A*,Empty,45,0.586,300,34,true,16
Dijkstra,Empty,46,0.445,300,34,true,16
DFS,Empty,46,0.053,34,34,true,33
BFS,Empty,46,0.22,300,34,true,16
A*,Empty,46,0.469,300,34,true,16
Dijkstra,Empty,47,0.651,300,34,true,16
DFS,Empty,47,0.029,34,34,true,33
BFS,Empty,47,0.211,300,34,true,16
A*,Empty,47,1.697,300,34,true,16
Dijkstra,Empty,48,0.512,300,34,true,16
DFS,Empty,48,0.04,34,34,true,33
BFS,Empty,48,0.176,300,34,true,16
A*,Empty,48,0.399,300,34,true,16
Dijkstra,Empty,49,0.31,300,34,true,16
DFS,Empty,49,0.027,34,34,true,33
BFS,Empty,49,0.572,300,34,true,16
A*,Empty,49,1.06,300,34,true,16
Dijkstra,Empty,50,0.416,300,34,true,16
DFS,Empty,50,0.03,34,34,true,33
BFS,Empty,50,0.136,300,34,true,16
A*,Empty,50,0.308,300,34,true,16
Dijkstra,Empty,51,0.362,300,34,true,16
DFS,Empty,51,0.038,34,34,true,33
BFS,Empty,51,0.132,300,34,true,16
A*,Empty,51,0.317,300,34,true,16
Dijkstra,Empty,52,0.778,300,34,true,16
DFS,Empty,52,0.043,34,34,true,33
BFS,Empty,52,0.154,300,34,true,16
A*,Empty,52,0.368,300,34,true,16
Dijkstra,Empty,53,0.352,300,34,true,16
DFS,Empty,53,0.027,34,34,true,33
BFS,Empty,53,0.129,300,34,true,16
A*,Empty,53,0.315,300,34,true,16
Dijkstra,Empty,54,0.828,300,34,true,16
DFS,Empty,54,0.026,34,34,true,33
BFS,Empty,54,0.127,300,34,true,16
A*,Empty,54,0.294,300,34,true,16
Dijkstra,Empty,55,0.359,300,34,true,16
DFS,Empty,55,0.027,34,34,true,33
BFS,Empty,55,0.175,300,34,true,16
A*,Empty,55,0.575,300,34,true,16
Dijkstra,Empty,56,0.32,300,34,true,16
DFS,Empty,56,0.038,34,34,true,33
BFS,Empty,56,2.077,300,34,true,16
A*,Empty,56,0.875,300,34,true,16
Dijkstra,Empty,57,0.869,300,34,true,16
DFS,Empty,57,0.075,34,34,true,33
BFS,Empty,57,0.806,300,34,true,16
A*,Empty,57,0.615,300,34,true,16
Dijkstra,Empty,58,0.632,300,34,true,16
DFS,Empty,58,0.06,34,34,true,33
BFS,Empty,58,0.815,300,34,true,16
A*,Empty,58,0.572,300,34,true,16
Dijkstra,Empty,59,0.432,300,34,true,16
DFS,Empty,59,0.055,34,34,true,33
BFS,Empty,59,0.209,300,34,true,16
A*,Empty,59,0.363,300,34,true,16
Dijkstra,Empty,60,0.352,300,34,true,16
DFS,Empty,60,0.046,34,34,true,33
BFS,Empty,60,0.187,300,34,true,16
A*,Empty,60,1.872,300,34,true,16
Dijkstra,Empty,61,0.657,300,34,true,16
DFS,Empty,61,0.032,34,34,true,33
BFS,Empty,61,0.166,300,34,true,16
A*,Empty,61,0.353,300,34,true,16
Dijkstra,Empty,62,0.995,300,34,true,16
DFS,Empty,62,0.049,34,34,true,33
BFS,Empty,62,0.163,300,34,true,16
A*,Empty,62,1.132,300,34,true,16
Dijkstra,Empty,63,0.983,300,34,true,16
DFS,Empty,63,0.06,34,34,true,33
BFS,Empty,63,0.316,300,34,true,16
A*,Empty,63,1.268,300,34,true,16
Dijkstra,Empty,64,0.56,300,34,true,16
DFS,Empty,64,0.05,34,34,true,33
BFS,Empty,64,0.582,300,34,true,16
A*,Empty,64,2.005,300,34,true,16
Dijkstra,Empty,65,0.536,300,34,true,16
DFS,Empty,65,0.05,34,34,true,33
BFS,Empty,65,0.25,300,34,true,16
A*,Empty,65,0.472,300,34,true,16
Dijkstra,Empty,66,0.345,300,34,true,16
DFS,Empty,66,0.03,34,34,true,33
BFS,Empty,66,0.2,300,34,true,16
A*,Empty,66,0.767,300,34,true,16
Dijkstra,Empty,67,0.623,300,34,true,16
DFS,Empty,67,0.057,34,34,true,33
BFS,Empty,67,0.311,300,34,true,16
A*,Empty,67,0.629,300,34,true,16
Dijkstra,Empty,68,0.574,300,34,true,16
DFS,Empty,68,0.053,34,34,true,33
BFS,Empty,68,0.391,300,34,true,16
A*,Empty,68,0.567,300,34,true,16
Dijkstra,Empty,69,1.44,300,34,true,16
DFS,Empty,69,0.062,34,34,true,33
BFS,Empty,69,0.313,300,34,true,16
A*,Empty,69,0.565,300,34,true,16
Dijkstra,Empty,70,0.55,300,34,true,16
DFS,Empty,70,0.051,34,34,true,33
BFS,Empty,70,0.227,300,34,true,16
A*,Empty,70,0.442,300,34,true,16
Dijkstra,Empty,71,1.225,300,34,true,16
DFS,Empty,71,0.051,34,34,true,33
BFS,Empty,71,0.322,300,34,true,16
A*,Empty,71,0.488,300,34,true,16
Dijkstra,Empty,72,0.611,300,34,true,16
DFS,Empty,72,0.045,34,34,true,33
BFS,Empty,72,0.207,300,34,true,16
A*,Empty,72,0.579,300,34,true,16
Dijkstra,Empty,73,0.949,300,34,true,16
DFS,Empty,73,0.029,34,34,true,33
BFS,Empty,73,0.136,300,34,true,16
A*,Empty,73,0.313,300,34,true,16
Dijkstra,Empty,74,0.309,300,34,true,16
DFS,Empty,74,0.027,34,34,true,33
BFS,Empty,74,0.133,300,34,true,16
A*,Empty,74,0.292,300,34,true,16
Dijkstra,Empty,75,0.325,300,34,true,16
DFS,Empty,75,0.028,34,34,true,33
BFS,Empty,75,0.967,300,34,true,16
A*,Empty,75,0.41,300,34,true,16
Dijkstra,Empty,76,0.324,300,34,true,16
DFS,Empty,76,0.065,34,34,true,33
BFS,Empty,76,0.134,300,34,true,16
A*,Empty,76,0.417,300,34,true,16
Dijkstra,Empty,77,0.319,300,34,true,16
DFS,Empty,77,0.028,34,34,true,33
BFS,Empty,77,0.148,300,34,true,16
A*,Empty,77,0.316,300,34,true,16
Dijkstra,Empty,78,0.325,300,34,true,16
DFS,Empty,78,0.028,34,34,true,33
BFS,Empty,78,0.14,300,34,true,16
A*,Empty,78,0.311,300,34,true,16
Dijkstra,Empty,79,0.319,300,34,true,16
DFS,Empty,79,0.033,34,34,true,33
BFS,Empty,79,0.131,300,34,true,16
A*,Empty,79,0.649,300,34,true,16
Dijkstra,Empty,80,0.3,300,34,true,16
DFS,Empty,80,0.026,34,34,true,33
BFS,Empty,80,0.142,300,34,true,16
A*,Empty,80,0.302,300,34,true,16
Dijkstra,Empty,81,0.311,300,34,true,16
DFS,Empty,81,0.026,34,34,true,33
BFS,Empty,81,0.154,300,34,true,16
A*,Empty,81,0.324,300,34,true,16
Dijkstra,Empty,82,0.289,300,34,true,16
DFS,Empty,82,0.026,34,34,true,33
BFS,Empty,82,0.158,300,34,true,16
A*,Empty,82,0.31,300,34,true,16
Dijkstra,Empty,83,0.306,300,34,true,16
DFS,Empty,83,0.027,34,34,true,33
BFS,Empty,83,0.14,300,34,true,16
A*,Empty,83,0.327,300,34,true,16
Dijkstra,Empty,84,1.303,300,34,true,16
DFS,Empty,84,0.048,34,34,true,33
BFS,Empty,84,0.226,300,34,true,16
A*,Empty,84,0.46,300,34,true,16
Dijkstra,Empty,85,0.437,300,34,true,16
DFS,Empty,85,0.029,34,34,true,33
BFS,Empty,85,0.144,300,34,true,16
A*,Empty,85,0.332,300,34,true,16
Dijkstra,Empty,86,0.313,300,34,true,16
DFS,Empty,86,0.369,34,34,true,33
BFS,Empty,86,0.139,300,34,true,16
A*,Empty,86,0.318,300,34,true,16
Dijkstra,Empty,87,0.313,300,34,true,16
DFS,Empty,87,0.026,34,34,true,33
BFS,Empty,87,0.147,300,34,true,16
A*,Empty,87,0.318,300,34,true,16
Dijkstra,Empty,88,0.473,300,34,true,16
DFS,Empty,88,0.028,34,34,true,33
BFS,Empty,88,0.483,300,34,true,16
A*,Empty,88,0.331,300,34,true,16
Dijkstra,Empty,89,0.348,300,34,true,16
DFS,Empty,89,0.028,34,34,true,33
BFS,Empty,89,0.134,300,34,true,16
A*,Empty,89,0.299,300,34,true,16
Dijkstra,Empty,90,0.428,300,34,true,16
DFS,Empty,90,0.033,34,34,true,33
BFS,Empty,90,0.158,300,34,true,16
A*,Empty,90,0.77,300,34,true,16
Dijkstra,Empty,91,0.329,300,34,true,16
DFS,Empty,91,0.043,34,34,true,33
BFS,Empty,91,0.162,300,34,true,16
A*,Empty,91,0.404,300,34,true,16
Dijkstra,Empty,92,0.806,300,34,true,16
DFS,Empty,92,0.051,34,34,true,33
BFS,Empty,92,0.25,300,34,true,16
A*,Empty,92,0.956,300,34,true,16
Dijkstra,Empty,93,0.334,300,34,true,16
DFS,Empty,93,0.028,34,34,true,33
BFS,Empty,93,0.162,300,34,true,16
A*,Empty,93,0.326,300,34,true,16
Dijkstra,Empty,94,0.321,300,34,true,16
DFS,Empty,94,0.042,34,34,true,33
BFS,Empty,94,0.134,300,34,true,16
A*,Empty,94,0.354,300,34,true,16
Dijkstra,Empty,95,0.848,300,34,true,16
DFS,Empty,95,0.051,34,34,true,33
BFS,Empty,95,0.248,300,34,true,16
A*,Empty,95,0.548,300,34,true,16
Dijkstra,Empty,96,0.579,300,34,true,16
DFS,Empty,96,0.051,34,34,true,33
BFS,Empty,96,0.275,300,34,true,16
A*,Empty,96,0.574,300,34,true,16
Dijkstra,Empty,97,0.808,300,34,true,16
DFS,Empty,97,0.05,34,34,true,33
BFS,Empty,97,0.232,300,34,true,16
A*,Empty,97,0.547,300,34,true,16
Dijkstra,Empty,98,0.551,300,34,true,16
DFS,Empty,98,0.259,34,34,true,33
BFS,Empty,98,0.281,300,34,true,16
A*,Empty,98,0.577,300,34,true,16
Dijkstra,Empty,99,0.546,300,34,true,16
DFS,Empty,99,0.052,34,34,true,33
BFS,Empty,99,0.724,300,34,true,16
A*,Empty,99,0.482,300,34,true,16
Dijkstra,Empty,100,0.377,300,34,true,16
DFS,Empty,100,0.041,34,34,true,33
BFS,Empty,100,0.213,300,34,true,16
A*,Empty,100,0.528,300,34,true,16
Dijkstra,Empty,101,0.602,300,34,true,16
DFS,Empty,101,0.067,34,34,true,33
BFS,Empty,101,0.242,300,34,true,16
A*,Empty,101,1.064,300,34,true,16
Dijkstra,Empty,102,0.531,300,34,true,16
DFS,Empty,102,0.052,34,34,true,33
BFS,Empty,102,0.267,300,34,true,16
A*,Empty,102,0.552,300,34,true,16
Dijkstra,Empty,103,0.55,300,34,true,16
DFS,Empty,103,0.039,34,34,true,33
BFS,Empty,103,0.211,300,34,true,16
A*,Empty,103,1.395,300,34,true,16
Dijkstra,Empty,104,0.405,300,34,true,16
DFS,Empty,104,0.029,34,34,true,33
BFS,Empty,104,0.179,300,34,true,16
A*,Empty,104,0.371,300,34,true,16
Dijkstra,Empty,105,0.393,300,34,true,16
DFS,Empty,105,0.027,34,34,true,33
BFS,Empty,105,0.191,300,34,true,16
A*,Empty,105,0.343,300,34,true,16
Dijkstra,Empty,106,0.902,300,34,true,16
DFS,Empty,106,0.049,34,34,true,33
BFS,Empty,106,0.15,300,34,true,16
A*,Empty,106,0.366,300,34,true,16
Dijkstra,Empty,107,0.36,300,34,true,16
DFS,Empty,107,0.029,34,34,true,33
BFS,Empty,107,0.199,300,34,true,16
A*,Empty,107,0.39,300,34,true,16
Dijkstra,Empty,108,1.143,300,34,true,16
DFS,Empty,108,0.054,34,34,true,33
BFS,Empty,108,0.244,300,34,true,16
A*,Empty,108,0.549,300,34,true,16
Dijkstra,Empty,109,0.557,300,34,true,16
DFS,Empty,109,0.168,34,34,true,33
BFS,Empty,109,0.256,300,34,true,16
A*,Empty,109,0.531,300,34,true,16
Dijkstra,Empty,110,1.07,300,34,true,16
DFS,Empty,110,1.376,34,34,true,33
BFS,Empty,110,0.181,300,34,true,16
A*,Empty,110,0.484,300,34,true,16
Dijkstra,Empty,111,0.556,300,34,true,16
DFS,Empty,111,0.052,34,34,true,33
BFS,Empty,111,0.21,300,34,true,16
A*,Empty,111,0.653,300,34,true,16
Dijkstra,Empty,112,0.583,300,34,true,16
DFS,Empty,112,0.051,34,34,true,33
BFS,Empty,112,0.803,300,34,true,16
A*,Empty,112,0.614,300,34,true,16
Dijkstra,Empty,113,0.558,300,34,true,16
DFS,Empty,113,0.052,34,34,true,33
BFS,Empty,113,0.204,300,34,true,16
A*,Empty,113,0.511,300,34,true,16
Dijkstra,Empty,114,0.527,300,34,true,16
DFS,Empty,114,0.048,34,34,true,33
BFS,Empty,114,0.189,300,34,true,16
A*,Empty,114,1.619,300,34,true,16
Dijkstra,Empty,115,0.766,300,34,true,16
DFS,Empty,115,0.056,34,34,true,33
BFS,Empty,115,0.186,300,34,true,16
A*,Empty,115,0.545,300,34,true,16
Dijkstra,Empty,116,0.498,300,34,true,16
DFS,Empty,116,0.053,34,34,true,33
BFS,Empty,116,0.219,300,34,true,16
A*,Empty,116,1.038,300,34,true,16
Dijkstra,Empty,117,0.322,300,34,true,16
DFS,Empty,117,0.03,34,34,true,33
BFS,Empty,117,0.136,300,34,true,16
A*,Empty,117,0.324,300,34,true,16
Dijkstra,Empty,118,0.319,300,34,true,16
DFS,Empty,118,0.044,34,34,true,33
BFS,Empty,118,0.124,300,34,true,16
A*,Empty,118,0.327,300,34,true,16
Dijkstra,Empty,119,0.97,300,34,true,16
DFS,Empty,119,0.031,34,34,true,33
BFS,Empty,119,0.131,300,34,true,16
A*,Empty,119,0.338,300,34,true,16
Dijkstra,Empty,120,0.319,300,34,true,16
DFS,Empty,120,0.027,34,34,true,33
BFS,Empty,120,0.129,300,34,true,16
A*,Empty,120,0.332,300,34,true,16
Dijkstra,Empty,121,2.041,300,34,true,16
DFS,Empty,121,0.059,34,34,true,33
BFS,Empty,121,0.21,300,34,true,16
A*,Empty,121,0.579,300,34,true,16
Dijkstra,Empty,122,0.51,300,34,true,16
DFS,Empty,122,0.051,34,34,true,33
BFS,Empty,122,0.201,300,34,true,16
A*,Empty,122,0.6,300,34,true,16
Dijkstra,Empty,123,0.766,300,34,true,16
DFS,Empty,123,0.031,34,34,true,33
BFS,Empty,123,0.118,300,34,true,16
A*,Empty,123,0.324,300,34,true,16
Dijkstra,Empty,124,0.353,300,34,true,16
DFS,Empty,124,0.045,34,34,true,33
BFS,Empty,124,0.144,300,34,true,16
A*,Empty,124,0.784,300,34,true,16
Dijkstra,Empty,125,0.497,300,34,true,16
DFS,Empty,125,0.052,34,34,true,33
BFS,Empty,125,0.775,300,34,true,16
A*,Empty,125,0.415,300,34,true,16
Dijkstra,Empty,126,0.489,300,34,true,16
DFS,Empty,126,0.046,34,34,true,33
BFS,Empty,126,0.15,300,34,true,16
A*,Empty,126,0.485,300,34,true,16
Dijkstra,Empty,127,0.902,300,34,true,16
DFS,Empty,127,0.057,34,34,true,33
BFS,Empty,127,0.645,300,34,true,16
A*,Empty,127,0.386,300,34,true,16
Dijkstra,Empty,128,0.278,300,34,true,16
DFS,Empty,128,0.037,34,34,true,33
BFS,Empty,128,0.107,300,34,true,16
A*,Empty,128,1.013,300,34,true,16
Dijkstra,Empty,129,0.392,300,34,true,16
DFS,Empty,129,0.045,34,34,true,33
BFS,Empty,129,0.166,300,34,true,16
A*,Empty,129,0.771,300,34,true,16
Dijkstra,Empty,130,0.308,300,34,true,16
DFS,Empty,130,0.045,34,34,true,33
BFS,Empty,130,0.105,300,34,true,16
A*,Empty,130,0.284,300,34,true,16
Dijkstra,Empty,131,0.31,300,34,true,16
DFS,Empty,131,0.054,34,34,true,33
BFS,Empty,131,0.104,300,34,true,16
A*,Empty,131,0.626,300,34,true,16
Dijkstra,Empty,132,0.292,300,34,true,16
DFS,Empty,132,0.029,34,34,true,33
BFS,Empty,132,0.104,300,34,true,16
A*,Empty,132,0.328,300,34,true,16
Dijkstra,Empty,133,0.285,300,34,true,16
DFS,Empty,133,0.027,34,34,true,33
BFS,Empty,133,0.135,300,34,true,16
A*,Empty,133,0.725,300,34,true,16
Dijkstra,Empty,134,0.325,300,34,true,16
DFS,Empty,134,0.041,34,34,true,33
BFS,Empty,134,0.104,300,34,true,16
A*,Empty,134,0.289,300,34,true,16
Dijkstra,Empty,135,0.382,300,34,true,16
DFS,Empty,135,0.047,34,34,true,33
BFS,Empty,135,0.219,300,34,true,16
A*,Empty,135,0.421,300,34,true,16
Dijkstra,Empty,136,0.42,300,34,true,16
DFS,Empty,136,0.045,34,34,true,33
BFS,Empty,136,0.137,300,34,true,16
A*,Empty,136,0.267,300,34,true,16
Dijkstra,Empty,137,0.28,300,34,true,16
DFS,Empty,137,0.028,34,34,true,33
BFS,Empty,137,0.126,300,34,true,16
A*,Empty,137,0.476,300,34,true,16
Dijkstra,Empty,138,0.839,300,34,true,16
DFS,Empty,138,0.054,34,34,true,33
BFS,Empty,138,0.169,300,34,true,16
A*,Empty,138,0.401,300,34,true,16
Dijkstra,Empty,139,0.425,300,34,true,16
DFS,Empty,139,0.043,34,34,true,33
BFS,Empty,139,0.164,300,34,true,16
A*,Empty,139,0.353,300,34,true,16
Dijkstra,Empty,140,0.764,300,34,true,16
DFS,Empty,140,0.056,34,34,true,33
BFS,Empty,140,0.192,300,34,true,16
A*,Empty,140,0.393,300,34,true,16
Dijkstra,Empty,141,0.419,300,34,true,16
DFS,Empty,141,0.037,34,34,true,33
BFS,Empty,141,0.139,300,34,true,16
A*,Empty,141,0.373,300,34,true,16
Dijkstra,Empty,142,0.819,300,34,true,16
DFS,Empty,142,0.036,34,34,true,33
BFS,Empty,142,0.127,300,34,true,16
A*,Empty,142,0.326,300,34,true,16
Dijkstra,Empty,143,0.459,300,34,true,16
DFS,Empty,143,0.032,34,34,true,33
BFS,Empty,143,0.125,300,34,true,16
A*,Empty,143,0.309,300,34,true,16
Dijkstra,Empty,144,0.344,300,34,true,16
DFS,Empty,144,0.029,34,34,true,33
BFS,Empty,144,0.958,300,34,true,16
A*,Empty,144,0.297,300,34,true,16
Dijkstra,Empty,145,0.297,300,34,true,16
DFS,Empty,145,0.03,34,34,true,33
BFS,Empty,145,0.104,300,34,true,16
A*,Empty,145,0.3,300,34,true,16
Dijkstra,Empty,146,0.286,300,34,true,16
DFS,Empty,146,0.044,34,34,true,33
BFS,Empty,146,0.198,300,34,true,16
A*,Empty,146,0.51,300,34,true,16
Dijkstra,Empty,147,0.597,300,34,true,16
DFS,Empty,147,0.045,34,34,true,33
BFS,Empty,147,0.258,300,34,true,16
A*,Empty,147,0.577,300,34,true,16
Dijkstra,Empty,148,0.582,300,34,true,16
DFS,Empty,148,0.051,34,34,true,33
BFS,Empty,148,0.352,300,34,true,16
A*,Empty,148,1.132,300,34,true,16
Dijkstra,Empty,149,0.517,300,34,true,16
DFS,Empty,149,0.055,34,34,true,33
BFS,Empty,149,0.184,300,34,true,16
A*,Empty,149,0.795,300,34,true,16
Dijkstra,Empty,150,0.505,300,34,true,16
DFS,Empty,150,0.055,34,34,true,33
BFS,Empty,150,0.202,300,34,true,16
A*,Empty,150,0.723,300,34,true,16
Dijkstra,Empty,151,0.837,300,34,true,16
DFS,Empty,151,0.072,34,34,true,33
BFS,Empty,151,0.367,300,34,true,16
A*,Empty,151,0.669,300,34,true,16
Dijkstra,Empty,152,0.578,300,34,true,16
DFS,Empty,152,0.068,34,34,true,33
BFS,Empty,152,0.363,300,34,true,16
A*,Empty,152,0.771,300,34,true,16
Dijkstra,Empty,153,0.739,300,34,true,16
DFS,Empty,153,0.031,34,34,true,33
BFS,Empty,153,0.105,300,34,true,16
A*,Empty,153,0.288,300,34,true,16
Dijkstra,Empty,154,0.281,300,34,true,16
DFS,Empty,154,0.027,34,34,true,33
BFS,Empty,154,0.104,300,34,true,16
A*,Empty,154,0.278,300,34,true,16
Dijkstra,Empty,155,0.321,300,34,true,16
DFS,Empty,155,0.034,34,34,true,33
BFS,Empty,155,0.103,300,34,true,16
A*,Empty,155,0.304,300,34,true,16
Dijkstra,Empty,156,0.469,300,34,true,16
DFS,Empty,156,0.046,34,34,true,33
BFS,Empty,156,0.175,300,34,true,16
A*,Empty,156,0.423,300,34,true,16
Dijkstra,Empty,157,0.84,300,34,true,16
DFS,Empty,157,0.029,34,34,true,33
BFS,Empty,157,0.125,300,34,true,16
A*,Empty,157,0.294,300,34,true,16
Dijkstra,Empty,158,0.341,300,34,true,16
DFS,Empty,158,0.028,34,34,true,33
BFS,Empty,158,0.12,300,34,true,16
A*,Empty,158,0.327,300,34,true,16
Dijkstra,Empty,159,0.288,300,34,true,16
DFS,Empty,159,0.077,34,34,true,33
BFS,Empty,159,0.122,300,34,true,16
A*,Empty,159,0.32,300,34,true,16
Dijkstra,Empty,160,0.324,300,34,true,16
DFS,Empty,160,0.035,34,34,true,33
BFS,Empty,160,0.143,300,34,true,16
A*,Empty,160,0.383,300,34,true,16
Dijkstra,Empty,161,0.344,300,34,true,16
DFS,Empty,161,0.027,34,34,true,33
BFS,Empty,161,0.793,300,34,true,16
A*,Empty,161,0.451,300,34,true,16
Dijkstra,Empty,162,0.33,300,34,true,16
DFS,Empty,162,0.052,34,34,true,33
BFS,Empty,162,0.192,300,34,true,16
A*,Empty,162,0.507,300,34,true,16
Dijkstra,Empty,163,0.349,300,34,true,16
DFS,Empty,163,0.03,34,34,true,33
BFS,Empty,163,0.167,300,34,true,16
A*,Empty,163,0.493,300,34,true,16
Dijkstra,Empty,164,0.402,300,34,true,16
DFS,Empty,164,0.052,34,34,true,33
BFS,Empty,164,0.186,300,34,true,16
A*,Empty,164,0.426,300,34,true,16
Dijkstra,Empty,165,0.28,300,34,true,16
DFS,Empty,165,0.03,34,34,true,33
BFS,Empty,165,0.107,300,34,true,16
A*,Empty,165,0.736,300,34,true,16
Dijkstra,Empty,166,0.304,300,34,true,16
DFS,Empty,166,0.03,34,34,true,33
BFS,Empty,166,0.118,300,34,true,16
A*,Empty,166,0.269,300,34,true,16
Dijkstra,Empty,167,0.372,300,34,true,16
DFS,Empty,167,0.039,34,34,true,33
BFS,Empty,167,0.134,300,34,true,16
A*,Empty,167,0.281,300,34,true,16
Dijkstra,Empty,168,0.265,300,34,true,16
DFS,Empty,168,0.028,34,34,true,33
BFS,Empty,168,0.104,300,34,true,16
A*,Empty,168,0.262,300,34,true,16
Dijkstra,Empty,169,0.272,300,34,true,16
DFS,Empty,169,0.028,34,34,true,33
BFS,Empty,169,0.12,300,34,true,16
A*,Empty,169,0.263,300,34,true,16
Dijkstra,Empty,170,0.653,300,34,true,16
DFS,Empty,170,0.029,34,34,true,33
BFS,Empty,170,0.104,300,34,true,16
A*,Empty,170,0.308,300,34,true,16
Dijkstra,Empty,171,0.265,300,34,true,16
DFS,Empty,171,0.027,34,34,true,33
BFS,Empty,171,0.104,300,34,true,16
A*,Empty,171,0.264,300,34,true,16
Dijkstra,Empty,172,0.283,300,34,true,16
DFS,Empty,172,0.026,34,34,true,33
BFS,Empty,172,0.155,300,34,true,16
A*,Empty,172,0.273,300,34,true,16
Dijkstra,Empty,173,0.263,300,34,true,16
DFS,Empty,173,0.029,34,34,true,33
BFS,Empty,173,0.111,300,34,true,16
A*,Empty,173,0.26,300,34,true,16
Dijkstra,Empty,174,0.262,300,34,true,16
DFS,Empty,174,0.026,34,34,true,33
BFS,Empty,174,0.505,300,34,true,16
A*,Empty,174,0.286,300,34,true,16
Dijkstra,Empty,175,0.271,300,34,true,16
DFS,Empty,175,0.353,34,34,true,33
BFS,Empty,175,0.141,300,34,true,16
A*,Empty,175,0.278,300,34,true,16
Dijkstra,Empty,176,0.325,300,34,true,16
DFS,Empty,176,0.031,34,34,true,33
BFS,Empty,176,0.117,300,34,true,16
A*,Empty,176,0.263,300,34,true,16
Dijkstra,Empty,177,0.285,300,34,true,16
DFS,Empty,177,0.027,34,34,true,33
BFS,Empty,177,0.124,300,34,true,16
A*,Empty,177,0.283,300,34,true,16
Dijkstra,Empty,178,0.266,300,34,true,16
DFS,Empty,178,0.027,34,34,true,33
BFS,Empty,178,0.104,300,34,true,16
A*,Empty,178,0.868,300,34,true,16
Dijkstra,Empty,179,0.465,300,34,true,16
DFS,Empty,179,0.047,34,34,true,33
BFS,Empty,179,0.171,300,34,true,16
A*,Empty,179,0.397,300,34,true,16
Dijkstra,Empty,180,0.436,300,34,true,16
DFS,Empty,180,0.046,34,34,true,33
BFS,Empty,180,0.176,300,34,true,16
A*,Empty,180,0.518,300,34,true,16
Dijkstra,Empty,181,0.526,300,34,true,16
DFS,Empty,181,0.05,34,34,true,33
BFS,Empty,181,0.229,300,34,true,16
A*,Empty,181,0.518,300,34,true,16
Dijkstra,Empty,182,0.524,300,34,true,16
DFS,Empty,182,0.053,34,34,true,33
BFS,Empty,182,0.206,300,34,true,16
A*,Empty,182,0.495,300,34,true,16
Dijkstra,Empty,183,1.25,300,34,true,16
DFS,Empty,183,0.034,34,34,true,33
BFS,Empty,183,0.107,300,34,true,16
A*,Empty,183,0.283,300,34,true,16
Dijkstra,Empty,184,0.269,300,34,true,16
DFS,Empty,184,0.028,34,34,true,33
BFS,Empty,184,0.116,300,34,true,16
A*,Empty,184,0.276,300,34,true,16
Dijkstra,Empty,185,0.393,300,34,true,16
DFS,Empty,185,0.048,34,34,true,33
BFS,Empty,185,0.138,300,34,true,16
A*,Empty,185,0.266,300,34,true,16
Dijkstra,Empty,186,0.265,300,34,true,16
DFS,Empty,186,0.037,34,34,true,33
BFS,Empty,186,0.178,300,34,true,16
A*,Empty,186,0.271,300,34,true,16
Dijkstra,Empty,187,0.767,300,34,true,16
DFS,Empty,187,0.045,34,34,true,33
BFS,Empty,187,0.14,300,34,true,16
A*,Empty,187,0.347,300,34,true,16
Dijkstra,Empty,188,0.426,300,34,true,16
DFS,Empty,188,0.048,34,34,true,33
BFS,Empty,188,0.182,300,34,true,16
A*,Empty,188,0.35,300,34,true,16
Dijkstra,Empty,189,0.284,300,34,true,16
DFS,Empty,189,0.029,34,34,true,33
BFS,Empty,189,0.127,300,34,true,16
A*,Empty,189,0.364,300,34,true,16
Dijkstra,Empty,190,0.281,300,34,true,16
DFS,Empty,190,0.029,34,34,true,33
BFS,Empty,190,0.106,300,34,true,16
A*,Empty,190,0.277,300,34,true,16
Dijkstra,Empty,191,0.265,300,34,true,16
DFS,Empty,191,0.027,34,34,true,33
BFS,Empty,191,0.102,300,34,true,16
A*,Empty,191,0.264,300,34,true,16
Dijkstra,Empty,192,0.275,300,34,true,16
DFS,Empty,192,0.028,34,34,true,33
BFS,Empty,192,0.105,300,34,true,16
A*,Empty,192,0.263,300,34,true,16
Dijkstra,Empty,193,0.331,300,34,true,16
DFS,Empty,193,0.03,34,34,true,33
BFS,Empty,193,0.381,300,34,true,16
A*,Empty,193,0.273,300,34,true,16
Dijkstra,Empty,194,0.3,300,34,true,16
DFS,Empty,194,0.044,34,34,true,33
BFS,Empty,194,0.114,300,34,true,16
A*,Empty,194,0.415,300,34,true,16
Dijkstra,Empty,195,0.403,300,34,true,16
DFS,Empty,195,0.033,34,34,true,33
BFS,Empty,195,0.15,300,34,true,16
A*,Empty,195,0.848,300,34,true,16
Dijkstra,Empty,196,0.273,300,34,true,16
DFS,Empty,196,0.042,34,34,true,33
BFS,Empty,196,0.154,300,34,true,16
A*,Empty,196,0.406,300,34,true,16
Dijkstra,Empty,197,0.433,300,34,true,16
DFS,Empty,197,0.041,34,34,true,33
BFS,Empty,197,0.183,300,34,true,16
A*,Empty,197,0.27,300,34,true,16
Dijkstra,Empty,198,0.329,300,34,true,16
DFS,Empty,198,0.043,34,34,true,33
BFS,Empty,198,0.144,300,34,true,16
A*,Empty,198,0.352,300,34,true,16
Dijkstra,Empty,199,0.374,300,34,true,16
DFS,Empty,199,0.029,34,34,true,33
BFS,Empty,199,0.135,300,34,true,16
A*,Empty,199,0.295,300,34,true,16
Dijkstra,Empty,200,0.721,300,34,true,16
DFS,Empty,200,0.049,34,34,true,33
BFS,Empty,200,0.176,300,34,true,16
A*,Empty,200,0.452,300,34,true,16
Dijkstra,Empty,201,0.362,300,34,true,16
DFS,Empty,201,0.03,34,34,true,33
BFS,Empty,201,0.109,300,34,true,16
A*,Empty,201,0.306,300,34,true,16
Dijkstra,Empty,202,0.734,300,34,true,16
DFS,Empty,202,0.049,34,34,true,33
BFS,Empty,202,0.171,300,34,true,16
A*,Empty,202,0.417,300,34,true,16
Dijkstra,Empty,203,0.415,300,34,true,16
DFS,Empty,203,0.029,34,34,true,33
BFS,Empty,203,0.106,300,34,true,16
A*,Empty,203,0.274,300,34,true,16
Dijkstra,Empty,204,0.264,300,34,true,16
DFS,Empty,204,0.028,34,34,true,33
BFS,Empty,204,0.469,300,34,true,16
A*,Empty,204,0.265,300,34,true,16
Dijkstra,Empty,205,0.263,300,34,true,16
DFS,Empty,205,0.028,34,34,true,33
BFS,Empty,205,0.117,300,34,true,16
A*,Empty,205,0.326,300,34,true,16
Dijkstra,Empty,206,0.266,300,34,true,16
DFS,Empty,206,0.027,34,34,true,33
BFS,Empty,206,0.103,300,34,true,16
A*,Empty,206,0.296,300,34,true,16
Dijkstra,Empty,207,0.265,300,34,true,16
DFS,Empty,207,0.027,34,34,true,33
BFS,Empty,207,0.103,300,34,true,16
A*,Empty,207,0.271,300,34,true,16
Dijkstra,Empty,208,0.304,300,34,true,16
DFS,Empty,208,0.042,34,34,true,33
BFS,Empty,208,0.166,300,34,true,16
A*,Empty,208,0.909,300,34,true,16
Dijkstra,Empty,209,0.355,300,34,true,16
DFS,Empty,209,0.029,34,34,true,33
BFS,Empty,209,0.168,300,34,true,16
A*,Empty,209,0.403,300,34,true,16
Dijkstra,Empty,210,0.441,300,34,true,16
DFS,Empty,210,0.046,34,34,true,33
BFS,Empty,210,0.169,300,34,true,16
A*,Empty,210,0.473,300,34,true,16
Dijkstra,Empty,211,0.874,300,34,true,16
DFS,Empty,211,0.049,34,34,true,33
BFS,Empty,211,0.74,300,34,true,16
A*,Empty,211,0.591,300,34,true,16
Dijkstra,Empty,212,0.639,300,34,true,16
DFS,Empty,212,0.057,34,34,true,33
BFS,Empty,212,0.205,300,34,true,16
A*,Empty,212,0.467,300,34,true,16
Dijkstra,Empty,213,0.838,300,34,true,16
DFS,Empty,213,0.044,34,34,true,33
BFS,Empty,213,0.122,300,34,true,16
A*,Empty,213,0.268,300,34,true,16
Dijkstra,Empty,214,0.288,300,34,true,16
DFS,Empty,214,0.027,34,34,true,33
BFS,Empty,214,0.124,300,34,true,16
A*,Empty,214,0.352,300,34,true,16
Dijkstra,Empty,215,0.284,300,34,true,16
DFS,Empty,215,0.027,34,34,true,33
BFS,Empty,215,0.105,300,34,true,16
A*,Empty,215,0.266,300,34,true,16
Dijkstra,Empty,216,0.279,300,34,true,16
DFS,Empty,216,0.029,34,34,true,33
BFS,Empty,216,0.111,300,34,true,16
A*,Empty,216,0.311,300,34,true,16
Dijkstra,Empty,217,0.694,300,34,true,16
DFS,Empty,217,0.028,34,34,true,33
BFS,Empty,217,0.108,300,34,true,16
A*,Empty,217,0.309,300,34,true,16
Dijkstra,Empty,218,0.382,300,34,true,16
DFS,Empty,218,0.035,34,34,true,33
BFS,Empty,218,0.106,300,34,true,16
A*,Empty,218,0.541,300,34,true,16
Dijkstra,Empty,219,0.485,300,34,true,16
DFS,Empty,219,0.054,34,34,true,33
BFS,Empty,219,0.201,300,34,true,16
A*,Empty,219,0.492,300,34,true,16
Dijkstra,Empty,220,0.267,300,34,true,16
DFS,Empty,220,0.028,34,34,true,33
BFS,Empty,220,0.106,300,34,true,16
A*,Empty,220,0.356,300,34,true,16
Dijkstra,Empty,221,0.351,300,34,true,16
DFS,Empty,221,0.037,34,34,true,33
BFS,Empty,221,0.241,300,34,true,16
A*,Empty,221,0.503,300,34,true,16
Dijkstra,Empty,222,0.351,300,34,true,16
DFS,Empty,222,0.031,34,34,true,33
BFS,Empty,222,0.123,300,34,true,16
A*,Empty,222,0.356,300,34,true,16
Dijkstra,Empty,223,0.323,300,34,true,16
DFS,Empty,223,0.027,34,34,true,33
BFS,Empty,223,0.124,300,34,true,16
A*,Empty,223,0.289,300,34,true,16
Dijkstra,Empty,224,0.333,300,34,true,16
DFS,Empty,224,0.028,34,34,true,33
BFS,Empty,224,0.253,300,34,true,16
A*,Empty,224,0.533,300,34,true,16
Dijkstra,Empty,225,0.551,300,34,true,16
DFS,Empty,225,0.05,34,34,true,33
BFS,Empty,225,0.182,300,34,true,16
A*,Empty,225,1,300,34,true,16
Dijkstra,Empty,226,0.35,300,34,true,16
DFS,Empty,226,0.029,34,34,true,33
BFS,Empty,226,0.107,300,34,true,16
A*,Empty,226,0.607,300,34,true,16
Dijkstra,Empty,227,0.515,300,34,true,16
DFS,Empty,227,0.056,34,34,true,33
BFS,Empty,227,0.209,300,34,true,16
A*,Empty,227,0.522,300,34,true,16
Dijkstra,Empty,228,0.513,300,34,true,16
DFS,Empty,228,0.053,34,34,true,33
BFS,Empty,228,0.206,300,34,true,16
A*,Empty,228,0.508,300,34,true,16
Dijkstra,Empty,229,0.543,300,34,true,16
DFS,Empty,229,0.052,34,34,true,33
BFS,Empty,229,0.209,300,34,true,16
A*,Empty,229,0.504,300,34,true,16
Dijkstra,Empty,230,0.834,300,34,true,16
DFS,Empty,230,0.028,34,34,true,33
BFS,Empty,230,0.175,300,34,true,16
A*,Empty,230,0.328,300,34,true,16
Dijkstra,Empty,231,0.315,300,34,true,16
DFS,Empty,231,0.039,34,34,true,33
BFS,Empty,231,0.173,300,34,true,16
A*,Empty,231,0.45,300,34,true,16
Dijkstra,Empty,232,0.448,300,34,true,16
DFS,Empty,232,0.037,34,34,true,33
BFS,Empty,232,0.192,300,34,true,16
A*,Empty,232,0.42,300,34,true,16
Dijkstra,Empty,233,0.415,300,34,true,16
DFS,Empty,233,0.053,34,34,true,33
BFS,Empty,233,0.226,300,34,true,16
A*,Empty,233,0.774,300,34,true,16
Dijkstra,Empty,234,0.508,300,34,true,16
DFS,Empty,234,0.079,34,34,true,33
BFS,Empty,234,0.758,300,34,true,16
A*,Empty,234,0.496,300,34,true,16
Dijkstra,Empty,235,0.497,300,34,true,16
DFS,Empty,235,0.054,34,34,true,33
BFS,Empty,235,0.169,300,34,true,16
A*,Empty,235,0.452,300,34,true,16
Dijkstra,Empty,236,0.351,300,34,true,16
DFS,Empty,236,0.031,34,34,true,33
BFS,Empty,236,0.112,300,34,true,16
A*,Empty,236,0.409,300,34,true,16
Dijkstra,Empty,237,0.53,300,34,true,16
DFS,Empty,237,0.054,34,34,true,33
BFS,Empty,237,0.23,300,34,true,16
A*,Empty,237,0.47,300,34,true,16
Dijkstra,Empty,238,0.305,300,34,true,16
DFS,Empty,238,0.03,34,34,true,33
BFS,Empty,238,0.107,300,34,true,16
A*,Empty,238,0.766,300,34,true,16
Dijkstra,Empty,239,0.406,300,34,true,16
DFS,Empty,239,0.047,34,34,true,33
BFS,Empty,239,0.172,300,34,true,16
A*,Empty,239,0.415,300,34,true,16
Dijkstra,Empty,240,0.375,300,34,true,16
DFS,Empty,240,0.042,34,34,true,33
BFS,Empty,240,0.106,300,34,true,16
A*,Empty,240,0.285,300,34,true,16
Dijkstra,Empty,241,0.603,300,34,true,16
DFS,Empty,241,0.045,34,34,true,33
BFS,Empty,241,0.17,300,34,true,16
A*,Empty,241,0.422,300,34,true,16
Dijkstra,Empty,242,0.434,300,34,true,16
DFS,Empty,242,0.045,34,34,true,33
BFS,Empty,242,0.177,300,34,true,16
A*,Empty,242,0.266,300,34,true,16
Dijkstra,Empty,243,0.634,300,34,true,16
DFS,Empty,243,0.028,34,34,true,33
BFS,Empty,243,0.127,300,34,true,16
A*,Empty,243,0.307,300,34,true,16
Dijkstra,Empty,244,0.264,300,34,true,16
DFS,Empty,244,0.027,34,34,true,33
BFS,Empty,244,0.104,300,34,true,16
A*,Empty,244,0.263,300,34,true,16
Dijkstra,Empty,245,0.321,300,34,true,16
DFS,Empty,245,0.027,34,34,true,33
BFS,Empty,245,0.103,300,34,true,16
A*,Empty,245,0.263,300,34,true,16
Dijkstra,Empty,246,0.262,300,34,true,16
DFS,Empty,246,0.034,34,34,true,33
BFS,Empty,246,0.131,300,34,true,16
A*,Empty,246,0.263,300,34,true,16
Dijkstra,Empty,247,0.637,300,34,true,16
DFS,Empty,247,0.068,34,34,true,33
BFS,Empty,247,0.173,300,34,true,16
A*,Empty,247,0.431,300,34,true,16
Dijkstra,Empty,248,0.418,300,34,true,16
DFS,Empty,248,0.047,34,34,true,33
BFS,Empty,248,0.149,300,34,true,16
A*,Empty,248,0.498,300,34,true,16
Dijkstra,Empty,249,0.475,300,34,true,16
DFS,Empty,249,0.05,34,34,true,33
BFS,Empty,249,0.192,300,34,true,16
A*,Empty,249,0.516,300,34,true,16
Dijkstra,Empty,250,0.695,300,34,true,16
DFS,Empty,250,0.06,34,34,true,33
BFS,Empty,250,0.128,300,34,true,16
A*,Empty,250,0.329,300,34,true,16
Dijkstra,Empty,251,0.424,300,34,true,16
DFS,Empty,251,0.028,34,34,true,33
BFS,Empty,251,0.12,300,34,true,16
A*,Empty,251,0.407,300,34,true,16
Dijkstra,Empty,252,0.289,300,34,true,16
DFS,Empty,252,0.029,34,34,true,33
BFS,Empty,252,0.215,300,34,true,16
A*,Empty,252,0.406,300,34,true,16
Dijkstra,Empty,253,0.484,300,34,true,16
DFS,Empty,253,0.051,34,34,true,33
BFS,Empty,253,0.194,300,34,true,16
A*,Empty,253,0.497,300,34,true,16
Dijkstra,Empty,254,0.377,300,34,true,16
DFS,Empty,254,0.028,34,34,true,33
BFS,Empty,254,0.103,300,34,true,16
A*,Empty,254,0.263,300,34,true,16
Dijkstra,Empty,255,0.271,300,34,true,16
DFS,Empty,255,0.027,34,34,true,33
BFS,Empty,255,0.103,300,34,true,16
A*,Empty,255,0.657,300,34,true,16
Dijkstra,Empty,256,0.262,300,34,true,16
DFS,Empty,256,0.028,34,34,true,33
BFS,Empty,256,0.104,300,34,true,16
A*,Empty,256,0.264,300,34,true,16
Dijkstra,Empty,257,0.263,300,34,true,16
DFS,Empty,257,0.028,34,34,true,33
BFS,Empty,257,0.128,300,34,true,16
A*,Empty,257,0.263,300,34,true,16
Dijkstra,Empty,258,0.335,300,34,true,16
DFS,Empty,258,0.028,34,34,true,33
BFS,Empty,258,0.105,300,34,true,16
A*,Empty,258,0.323,300,34,true,16
Dijkstra,Empty,259,0.278,300,34,true,16
DFS,Empty,259,0.052,34,34,true,33
BFS,Empty,259,0.413,300,34,true,16
A*,Empty,259,0.325,300,34,true,16
Dijkstra,Empty,260,0.795,300,34,true,16
DFS,Empty,260,0.029,34,34,true,33
BFS,Empty,260,0.105,300,34,true,16
A*,Empty,260,0.281,300,34,true,16
Dijkstra,Empty,261,0.284,300,34,true,16
DFS,Empty,261,0.036,34,34,true,33
BFS,Empty,261,0.105,300,34,true,16
A*,Empty,261,0.271,300,34,true,16
Dijkstra,Empty,262,0.362,300,34,true,16
DFS,Empty,262,0.029,34,34,true,33
BFS,Empty,262,0.109,300,34,true,16
A*,Empty,262,0.269,300,34,true,16
Dijkstra,Empty,263,0.289,300,34,true,16
DFS,Empty,263,0.028,34,34,true,33
BFS,Empty,263,0.124,300,34,true,16
A*,Empty,263,0.32,300,34,true,16
Dijkstra,Empty,264,0.367,300,34,true,16
DFS,Empty,264,0.029,34,34,true,33
BFS,Empty,264,0.586,300,34,true,16
A*,Empty,264,0.351,300,34,true,16
Dijkstra,Empty,265,0.289,300,34,true,16
DFS,Empty,265,0.03,34,34,true,33
BFS,Empty,265,0.106,300,34,true,16
A*,Empty,265,0.292,300,34,true,16
Dijkstra,Empty,266,0.358,300,34,true,16
DFS,Empty,266,0.032,34,34,true,33
BFS,Empty,266,0.111,300,34,true,16
A*,Empty,266,0.264,300,34,true,16
Dijkstra,Empty,267,0.289,300,34,true,16
DFS,Empty,267,0.028,34,34,true,33
BFS,Empty,267,0.121,300,34,true,16
A*,Empty,267,0.311,300,34,true,16
Dijkstra,Empty,268,0.281,300,34,true,16
DFS,Empty,268,0.028,34,34,true,33
BFS,Empty,268,0.105,300,34,true,16
A*,Empty,268,0.797,300,34,true,16
Dijkstra,Empty,269,0.659,300,34,true,16
DFS,Empty,269,0.033,34,34,true,33
BFS,Empty,269,0.106,300,34,true,16
A*,Empty,269,0.267,300,34,true,16
Dijkstra,Empty,270,0.268,300,34,true,16
DFS,Empty,270,0.026,34,34,true,33
BFS,Empty,270,0.105,300,34,true,16
A*,Empty,270,0.266,300,34,true,16
Dijkstra,Empty,271,0.267,300,34,true,16
DFS,Empty,271,0.041,34,34,true,33
BFS,Empty,271,0.107,300,34,true,16
A*,Empty,271,0.263,300,34,true,16
Dijkstra,Empty,272,0.272,300,34,true,16
DFS,Empty,272,0.028,34,34,true,33
BFS,Empty,272,0.104,300,34,true,16
A*,Empty,272,0.262,300,34,true,16
Dijkstra,Empty,273,0.561,300,34,true,16
DFS,Empty,273,0.027,34,34,true,33
BFS,Empty,273,0.103,300,34,true,16
A*,Empty,273,0.274,300,34,true,16
Dijkstra,Empty,274,0.263,300,34,true,16
DFS,Empty,274,0.028,34,34,true,33
BFS,Empty,274,0.102,300,34,true,16
A*,Empty,274,0.262,300,34,true,16
Dijkstra,Empty,275,0.261,300,34,true,16
DFS,Empty,275,0.026,34,34,true,33
BFS,Empty,275,0.102,300,34,true,16
A*,Empty,275,0.263,300,34,true,16
Dijkstra,Empty,276,0.266,300,34,true,16
DFS,Empty,276,0.04,34,34,true,33
BFS,Empty,276,0.19,300,34,true,16
A*,Empty,276,0.266,300,34,true,16
Dijkstra,Empty,277,0.573,300,34,true,16
DFS,Empty,277,0.027,34,34,true,33
BFS,Empty,277,0.103,300,34,true,16
A*,Empty,277,0.262,300,34,true,16
Dijkstra,Empty,278,0.262,300,34,true,16
DFS,Empty,278,0.026,34,34,true,33
BFS,Empty,278,0.101,300,34,true,16
A*,Empty,278,0.261,300,34,true,16
Dijkstra,Empty,279,0.262,300,34,true,16
DFS,Empty,279,0.026,34,34,true,33
BFS,Empty,279,0.101,300,34,true,16
A*,Empty,279,0.275,300,34,true,16
Dijkstra,Empty,280,0.26,300,34,true,16
DFS,Empty,280,0.026,34,34,true,33
BFS,Empty,280,0.102,300,34,true,16
A*,Empty,280,0.316,300,34,true,16
Dijkstra,Empty,281,0.733,300,34,true,16
DFS,Empty,281,0.047,34,34,true,33
BFS,Empty,281,0.2,300,34,true,16
A*,Empty,281,0.511,300,34,true,16
Dijkstra,Empty,282,0.508,300,34,true,16
DFS,Empty,282,0.056,34,34,true,33
BFS,Empty,282,0.21,300,34,true,16
A*,Empty,282,0.428,300,34,true,16
Dijkstra,Empty,283,0.456,300,34,true,16
DFS,Empty,283,0.049,34,34,true,33
BFS,Empty,283,0.187,300,34,true,16
A*,Empty,283,0.383,300,34,true,16
Dijkstra,Empty,284,0.551,300,34,true,16
DFS,Empty,284,0.048,34,34,true,33
BFS,Empty,284,0.172,300,34,true,16
A*,Empty,284,0.287,300,34,true,16
Dijkstra,Empty,285,0.274,300,34,true,16
DFS,Empty,285,0.028,34,34,true,33
BFS,Empty,285,0.107,300,34,true,16
A*,Empty,285,0.622,300,34,true,16
Dijkstra,Empty,286,0.265,300,34,true,16
DFS,Empty,286,0.028,34,34,true,33
BFS,Empty,286,0.105,300,34,true,16
A*,Empty,286,0.262,300,34,true,16
Dijkstra,Empty,287,0.264,300,34,true,16
DFS,Empty,287,0.028,34,34,true,33
BFS,Empty,287,0.103,300,34,true,16
A*,Empty,287,0.26,300,34,true,16
Dijkstra,Empty,288,0.279,300,34,true,16
DFS,Empty,288,0.026,34,34,true,33
BFS,Empty,288,0.102,300,34,true,16
A*,Empty,288,0.261,300,34,true,16
Dijkstra,Empty,289,0.27,300,34,true,16
DFS,Empty,289,0.027,34,34,true,33
BFS,Empty,289,0.103,300,34,true,16
A*,Empty,289,0.262,300,34,true,16
Dijkstra,Empty,290,0.809,300,34,true,16
DFS,Empty,290,0.042,34,34,true,33
BFS,Empty,290,0.177,300,34,true,16
A*,Empty,290,0.41,300,34,true,16
Dijkstra,Empty,291,0.426,300,34,true,16
DFS,Empty,291,0.048,34,34,true,33
BFS,Empty,291,0.149,300,34,true,16
A*,Empty,291,0.264,300,34,true,16
Dijkstra,Empty,292,0.299,300,34,true,16
DFS,Empty,292,0.039,34,34,true,33
BFS,Empty,292,0.106,300,34,true,16
A*,Empty,292,0.269,300,34,true,16
Dijkstra,Empty,293,0.356,300,34,true,16
DFS,Empty,293,0.047,34,34,true,33
BFS,Empty,293,0.115,300,34,true,16
A*,Empty,293,0.266,300,34,true,16
Dijkstra,Empty,294,0.262,300,34,true,16
DFS,Empty,294,0.034,34,34,true,33
BFS,Empty,294,0.482,300,34,true,16
A*,Empty,294,0.264,300,34,true,16
Dijkstra,Empty,295,0.264,300,34,true,16
DFS,Empty,295,0.03,34,34,true,33
BFS,Empty,295,0.105,300,34,true,16
A*,Empty,295,0.264,300,34,true,16
Dijkstra,Empty,296,0.262,300,34,true,16
DFS,Empty,296,0.03,34,34,true,33
BFS,Empty,296,0.16,300,34,true,16
A*,Empty,296,0.364,300,34,true,16
Dijkstra,Empty,297,0.455,300,34,true,16
DFS,Empty,297,0.051,34,34,true,33
BFS,Empty,297,0.207,300,34,true,16
A*,Empty,297,0.424,300,34,true,16
Dijkstra,Empty,298,0.45,300,34,true,16
DFS,Empty,298,0.032,34,34,true,33
BFS,Empty,298,0.11,300,34,true,16
A*,Empty,298,0.793,300,34,true,16
Dijkstra,Empty,299,0.306,300,34,true,16
DFS,Empty,299,0.082,34,34,true,33
BFS,Empty,299,0.24,300,34,true,16
A*,Empty,299,0.593,300,34,true,16
Dijkstra,Empty,300,0.522,300,34,true,16
DFS,Empty,300,0.055,34,34,true,33
BFS,Empty,300,0.202,300,34,true,16
A*,Empty,300,0.503,300,34,true,16
Dijkstra,Empty,301,0.318,300,34,true,16
DFS,Empty,301,0.029,34,34,true,33
BFS,Empty,301,0.109,300,34,true,16
A*,Empty,301,0.332,300,34,true,16
Dijkstra,Empty,302,0.275,300,34,true,16
DFS,Empty,302,0.028,34,34,true,33
BFS,Empty,302,0.103,300,34,true,16
A*,Empty,302,0.263,300,34,true,16
Dijkstra,Empty,303,0.655,300,34,true,16
DFS,Empty,303,0.027,34,34,true,33
BFS,Empty,303,0.103,300,34,true,16
A*,Empty,303,0.264,300,34,true,16
Dijkstra,Empty,304,0.262,300,34,true,16
DFS,Empty,304,0.027,34,34,true,33
BFS,Empty,304,0.104,300,34,true,16
A*,Empty,304,0.26,300,34,true,16
Dijkstra,Empty,305,0.281,300,34,true,16
DFS,Empty,305,0.026,34,34,true,33
BFS,Empty,305,0.103,300,34,true,16
A*,Empty,305,0.284,300,34,true,16
Dijkstra,Empty,306,0.261,300,34,true,16
DFS,Empty,306,0.027,34,34,true,33
BFS,Empty,306,0.109,300,34,true,16
A*,Empty,306,0.264,300,34,true,16
Dijkstra,Empty,307,0.577,300,34,true,16
DFS,Empty,307,0.028,34,34,true,33
BFS,Empty,307,0.103,300,34,true,16
A*,Empty,307,0.263,300,34,true,16
Dijkstra,Empty,308,0.261,300,34,true,16
DFS,Empty,308,0.028,34,34,true,33
BFS,Empty,308,0.101,300,34,true,16
A*,Empty,308,0.261,300,34,true,16
Dijkstra,Empty,309,0.265,300,34,true,16
DFS,Empty,309,0.026,34,34,true,33
BFS,Empty,309,0.102,300,34,true,16
A*,Empty,309,0.682,300,34,true,16
Dijkstra,Empty,310,0.263,300,34,true,16
DFS,Empty,310,0.029,34,34,true,33
BFS,Empty,310,0.106,300,34,true,16
A*,Empty,310,0.273,300,34,true,16
Dijkstra,Empty,311,0.267,300,34,true,16
DFS,Empty,311,0.026,34,34,true,33
BFS,Empty,311,0.104,300,34,true,16
A*,Empty,311,0.27,300,34,true,16
Dijkstra,Empty,312,0.317,300,34,true,16
DFS,Empty,312,0.028,34,34,true,33
BFS,Empty,312,0.104,300,34,true,16
A*,Empty,312,0.365,300,34,true,16
Dijkstra,Empty,313,0.29,300,34,true,16
DFS,Empty,313,0.028,34,34,true,33
BFS,Empty,313,0.103,300,34,true,16
A*,Empty,313,0.278,300,34,true,16
Dijkstra,Empty,314,0.264,300,34,true,16
DFS,Empty,314,0.028,34,34,true,33
BFS,Empty,314,0.104,300,34,true,16
A*,Empty,314,0.264,300,34,true,16
Dijkstra,Empty,315,0.319,300,34,true,16
DFS,Empty,315,0.027,34,34,true,33
BFS,Empty,315,0.105,300,34,true,16
A*,Empty,315,0.63,300,34,true,16
Dijkstra,Empty,316,0.263,300,34,true,16
DFS,Empty,316,0.032,34,34,true,33
BFS,Empty,316,0.104,300,34,true,16
A*,Empty,316,0.262,300,34,true,16
Dijkstra,Empty,317,0.263,300,34,true,16
DFS,Empty,317,0.027,34,34,true,33
BFS,Empty,317,0.101,300,34,true,16
A*,Empty,317,0.263,300,34,true,16
Dijkstra,Empty,318,0.276,300,34,true,16
DFS,Empty,318,0.026,34,34,true,33
BFS,Empty,318,0.118,300,34,true,16
A*,Empty,318,0.267,300,34,true,16
Dijkstra,Empty,319,0.404,300,34,true,16
DFS,Empty,319,0.043,34,34,true,33
BFS,Empty,319,0.198,300,34,true,16
A*,Empty,319,0.466,300,34,true,16
Dijkstra,Empty,320,1.486,300,34,true,16
DFS,Empty,320,0.078,34,34,true,33
BFS,Empty,320,0.165,300,34,true,16
A*,Empty,320,0.349,300,34,true,16
Dijkstra,Empty,321,0.446,300,34,true,16
DFS,Empty,321,0.054,34,34,true,33
BFS,Empty,321,0.182,300,34,true,16
A*,Empty,321,0.403,300,34,true,16
Dijkstra,Empty,322,0.492,300,34,true,16
DFS,Empty,322,0.048,34,34,true,33
BFS,Empty,322,0.204,300,34,true,16
A*,Empty,322,0.476,300,34,true,16
Dijkstra,Empty,323,0.451,300,34,true,16
DFS,Empty,323,0.045,34,34,true,33
BFS,Empty,323,0.168,300,34,true,16
A*,Empty,323,0.513,300,34,true,16
Dijkstra,Empty,324,0.511,300,34,true,16
DFS,Empty,324,0.053,34,34,true,33
BFS,Empty,324,0.643,300,34,true,16
A*,Empty,324,0.375,300,34,true,16
Dijkstra,Empty,325,0.314,300,34,true,16
DFS,Empty,325,0.034,34,34,true,33
BFS,Empty,325,0.141,300,34,true,16
A*,Empty,325,0.315,300,34,true,16
Dijkstra,Empty,326,0.335,300,34,true,16
DFS,Empty,326,0.028,34,34,true,33
BFS,Empty,326,0.145,300,34,true,16
A*,Empty,326,0.339,300,34,true,16
Dijkstra,Empty,327,0.329,300,34,true,16
DFS,Empty,327,0.028,34,34,true,33
BFS,Empty,327,0.13,300,34,true,16
A*,Empty,327,0.514,300,34,true,16
Dijkstra,Empty,328,0.449,300,34,true,16
DFS,Empty,328,0.1,34,34,true,33
BFS,Empty,328,0.17,300,34,true,16
A*,Empty,328,1.449,300,34,true,16
Dijkstra,Empty,329,0.7,300,34,true,16
DFS,Empty,329,0.048,34,34,true,33
BFS,Empty,329,0.223,300,34,true,16
A*,Empty,329,0.521,300,34,true,16
Dijkstra,Empty,330,1.169,300,34,true,16
DFS,Empty,330,0.194,34,34,true,33
BFS,Empty,330,0.184,300,34,true,16
A*,Empty,330,0.382,300,34,true,16
Dijkstra,Empty,331,0.288,300,34,true,16
DFS,Empty,331,0.093,34,34,true,33
BFS,Empty,331,0.107,300,34,true,16
A*,Empty,331,0.366,300,34,true,16
Dijkstra,Empty,332,0.502,300,34,true,16
DFS,Empty,332,0.11,34,34,true,33
BFS,Empty,332,0.194,300,34,true,16
A*,Empty,332,0.397,300,34,true,16
Dijkstra,Empty,333,0.729,300,34,true,16
DFS,Empty,333,0.056,34,34,true,33
BFS,Empty,333,0.161,300,34,true,16
A*,Empty,333,0.392,300,34,true,16
Dijkstra,Empty,334,0.493,300,34,true,16
DFS,Empty,334,0.105,34,34,true,33
BFS,Empty,334,0.198,300,34,true,16
A*,Empty,334,0.484,300,34,true,16
Dijkstra,Empty,335,0.499,300,34,true,16
DFS,Empty,335,0.095,34,34,true,33
BFS,Empty,335,0.195,300,34,true,16
A*,Empty,335,0.478,300,34,true,16
Dijkstra,Empty,336,0.477,300,34,true,16
DFS,Empty,336,0.096,34,34,true,33
BFS,Empty,336,0.205,300,34,true,16
A*,Empty,336,0.279,300,34,true,16
Dijkstra,Empty,337,0.802,300,34,true,16
DFS,Empty,337,0.089,34,34,true,33
BFS,Empty,337,0.145,300,34,true,16
A*,Empty,337,0.362,300,34,true,16
Dijkstra,Empty,338,0.377,300,34,true,16
DFS,Empty,338,0.077,34,34,true,33
BFS,Empty,338,0.212,300,34,true,16
A*,Empty,338,0.478,300,34,true,16
Dijkstra,Empty,339,0.484,300,34,true,16
DFS,Empty,339,0.101,34,34,true,33
BFS,Empty,339,0.203,300,34,true,16
A*,Empty,339,0.509,300,34,true,16
Dijkstra,Empty,340,0.501,300,34,true,16
DFS,Empty,340,0.095,34,34,true,33
BFS,Empty,340,0.212,300,34,true,16
A*,Empty,340,0.525,300,34,true,16
Dijkstra,Empty,341,0.568,300,34,true,16
DFS,Empty,341,0.088,34,34,true,33
BFS,Empty,341,0.742,300,34,true,16
A*,Empty,341,0.404,300,34,true,16
Dijkstra,Empty,342,0.386,300,34,true,16
DFS,Empty,342,0.087,34,34,true,33
BFS,Empty,342,0.167,300,34,true,16
A*,Empty,342,0.518,300,34,true,16
Dijkstra,Empty,343,0.501,300,34,true,16
DFS,Empty,343,0.124,34,34,true,33
BFS,Empty,343,0.201,300,34,true,16
A*,Empty,343,0.499,300,34,true,16
Dijkstra,Empty,344,0.481,300,34,true,16
DFS,Empty,344,0.098,34,34,true,33
BFS,Empty,344,0.193,300,34,true,16
A*,Empty,344,0.463,300,34,true,16
Dijkstra,Empty,345,0.574,300,34,true,16
DFS,Empty,345,0.029,34,34,true,33
BFS,Empty,345,0.106,300,34,true,16
A*,Empty,345,0.731,300,34,true,16
Dijkstra,Empty,346,0.313,300,34,true,16
DFS,Empty,346,0.045,34,34,true,33
BFS,Empty,346,0.164,300,34,true,16
A*,Empty,346,0.342,300,34,true,16
Dijkstra,Empty,347,0.338,300,34,true,16
DFS,Empty,347,0.028,34,34,true,33
BFS,Empty,347,0.135,300,34,true,16
A*,Empty,347,0.377,300,34,true,16
Dijkstra,Empty,348,0.353,300,34,true,16
DFS,Empty,348,0.31,34,34,true,33
BFS,Empty,348,0.177,300,34,true,16
A*,Empty,348,0.423,300,34,true,16
Dijkstra,Empty,349,0.416,300,34,true,16
DFS,Empty,349,0.051,34,34,true,33
BFS,Empty,349,0.151,300,34,true,16
A*,Empty,349,0.387,300,34,true,16
Dijkstra,Empty,350,0.813,300,34,true,16
DFS,Empty,350,0.104,34,34,true,33
BFS,Empty,350,0.309,300,34,true,16
A*,Empty,350,0.554,300,34,true,16
Dijkstra,Empty,351,0.76,300,34,true,16
DFS,Empty,351,0.054,34,34,true,33
BFS,Empty,351,0.235,300,34,true,16
A*,Empty,351,0.496,300,34,true,16
Dijkstra,Empty,352,1.156,300,34,true,16
DFS,Empty,352,0.047,34,34,true,33
BFS,Empty,352,0.171,300,34,true,16
A*,Empty,352,0.554,300,34,true,16
Dijkstra,Empty,353,0.51,300,34,true,16
DFS,Empty,353,0.053,34,34,true,33
BFS,Empty,353,0.187,300,34,true,16
A*,Empty,353,0.452,300,34,true,16
Dijkstra,Empty,354,0.463,300,34,true,16
DFS,Empty,354,0.047,34,34,true,33
BFS,Empty,354,0.675,300,34,true,16
A*,Empty,354,0.636,300,34,true,16
Dijkstra,Empty,355,0.51,300,34,true,16
DFS,Empty,355,0.055,34,34,true,33
BFS,Empty,355,0.192,300,34,true,16
A*,Empty,355,0.441,300,34,true,16
Dijkstra,Empty,356,0.75,300,34,true,16
DFS,Empty,356,0.046,34,34,true,33
BFS,Empty,356,0.208,300,34,true,16
A*,Empty,356,0.48,300,34,true,16
Dijkstra,Empty,357,0.491,300,34,true,16
DFS,Empty,357,0.038,34,34,true,33
BFS,Empty,357,0.159,300,34,true,16
A*,Empty,357,0.499,300,34,true,16
Dijkstra,Empty,358,0.498,300,34,true,16
DFS,Empty,358,0.089,34,34,true,33
BFS,Empty,358,0.201,300,34,true,16
A*,Empty,358,1.198,300,34,true,16
Dijkstra,Empty,359,0.486,300,34,true,16
DFS,Empty,359,0.051,34,34,true,33
BFS,Empty,359,0.195,300,34,true,16
A*,Empty,359,0.482,300,34,true,16
Dijkstra,Empty,360,0.492,300,34,true,16
DFS,Empty,360,0.059,34,34,true,33
BFS,Empty,360,0.227,300,34,true,16
A*,Empty,360,0.435,300,34,true,16
Dijkstra,Empty,361,0.483,300,34,true,16
DFS,Empty,361,0.053,34,34,true,33
BFS,Empty,361,0.194,300,34,true,16
A*,Empty,361,0.487,300,34,true,16
Dijkstra,Empty,362,0.514,300,34,true,16
DFS,Empty,362,0.052,34,34,true,33
BFS,Empty,362,0.182,300,34,true,16
A*,Empty,362,0.461,300,34,true,16
Dijkstra,Empty,363,1.004,300,34,true,16
DFS,Empty,363,0.057,34,34,true,33
BFS,Empty,363,0.201,300,34,true,16
A*,Empty,363,0.44,300,34,true,16
Dijkstra,Empty,364,0.528,300,34,true,16
DFS,Empty,364,0.058,34,34,true,33
BFS,Empty,364,0.274,300,34,true,16
A*,Empty,364,0.597,300,34,true,16
Dijkstra,Empty,365,0.428,300,34,true,16
DFS,Empty,365,0.058,34,34,true,33
BFS,Empty,365,0.169,300,34,true,16
A*,Empty,365,0.485,300,34,true,16
Dijkstra,Empty,366,0.507,300,34,true,16
DFS,Empty,366,0.046,34,34,true,33
BFS,Empty,366,0.192,300,34,true,16
A*,Empty,366,0.488,300,34,true,16
Dijkstra,Empty,367,1.086,300,34,true,16
DFS,Empty,367,0.045,34,34,true,33
BFS,Empty,367,0.203,300,34,true,16
A*,Empty,367,0.403,300,34,true,16
Dijkstra,Empty,368,0.481,300,34,true,16
DFS,Empty,368,0.046,34,34,true,33
BFS,Empty,368,0.158,300,34,true,16
A*,Empty,368,0.41,300,34,true,16
Dijkstra,Empty,369,0.492,300,34,true,16
DFS,Empty,369,0.059,34,34,true,33
BFS,Empty,369,0.243,300,34,true,16
A*,Empty,369,0.573,300,34,true,16
Dijkstra,Empty,370,0.565,300,34,true,16
DFS,Empty,370,0.047,34,34,true,33
BFS,Empty,370,0.209,300,34,true,16
A*,Empty,370,0.457,300,34,true,16
Dijkstra,Empty,371,0.534,300,34,true,16
DFS,Empty,371,0.049,34,34,true,33
BFS,Empty,371,0.942,300,34,true,16
A*,Empty,371,0.826,300,34,true,16
Dijkstra,Empty,372,0.595,300,34,true,16
DFS,Empty,372,0.09,34,34,true,33
BFS,Empty,372,0.426,300,34,true,16
A*,Empty,372,0.679,300,34,true,16
Dijkstra,Empty,373,0.487,300,34,true,16
DFS,Empty,373,0.052,34,34,true,33
BFS,Empty,373,0.198,300,34,true,16
A*,Empty,373,0.481,300,34,true,16
Dijkstra,Empty,374,0.488,300,34,true,16
DFS,Empty,374,0.049,34,34,true,33
BFS,Empty,374,0.238,300,34,true,16
A*,Empty,374,0.481,300,34,true,16
Dijkstra,Empty,375,0.499,300,34,true,16
DFS,Empty,375,0.052,34,34,true,33
BFS,Empty,375,0.195,300,34,true,16
A*,Empty,375,1.121,300,34,true,16
Dijkstra,Empty,376,0.42,300,34,true,16
DFS,Empty,376,0.05,34,34,true,33
BFS,Empty,376,0.136,300,34,true,16
A*,Empty,376,0.609,300,34,true,16
Dijkstra,Empty,377,0.374,300,34,true,16
DFS,Empty,377,0.054,34,34,true,33
BFS,Empty,377,0.196,300,34,true,16
A*,Empty,377,0.425,300,34,true,16
Dijkstra,Empty,378,0.46,300,34,true,16
DFS,Empty,378,0.043,34,34,true,33
BFS,Empty,378,0.203,300,34,true,16
A*,Empty,378,0.451,300,34,true,16
Dijkstra,Empty,379,0.353,300,34,true,16
DFS,Empty,379,0.045,34,34,true,33
BFS,Empty,379,0.166,300,34,true,16
A*,Empty,379,0.42,300,34,true,16
Dijkstra,Empty,380,1.032,300,34,true,16
DFS,Empty,380,0.061,34,34,true,33
BFS,Empty,380,0.243,300,34,true,16
A*,Empty,380,0.569,300,34,true,16
Dijkstra,Empty,381,0.372,300,34,true,16
DFS,Empty,381,0.037,34,34,true,33
BFS,Empty,381,0.15,300,34,true,16
A*,Empty,381,0.568,300,34,true,16
Dijkstra,Empty,382,0.559,300,34,true,16
DFS,Empty,382,0.047,34,34,true,33
BFS,Empty,382,0.168,300,34,true,16
A*,Empty,382,0.66,300,34,true,16
Dijkstra,Empty,383,0.603,300,34,true,16
DFS,Empty,383,0.049,34,34,true,33
BFS,Empty,383,0.173,300,34,true,16
A*,Empty,383,0.412,300,34,true,16
Dijkstra,Empty,384,0.403,300,34,true,16
DFS,Empty,384,0.041,34,34,true,33
BFS,Empty,384,0.708,300,34,true,16
A*,Empty,384,0.441,300,34,true,16
Dijkstra,Empty,385,0.424,300,34,true,16
DFS,Empty,385,0.031,34,34,true,33
BFS,Empty,385,0.135,300,34,true,16
A*,Empty,385,0.404,300,34,true,16
Dijkstra,Empty,386,0.426,300,34,true,16
DFS,Empty,386,0.053,34,34,true,33
BFS,Empty,386,0.228,300,34,true,16
A*,Empty,386,0.582,300,34,true,16
Dijkstra,Empty,387,0.601,300,34,true,16
DFS,Empty,387,0.06,34,34,true,33
BFS,Empty,387,0.246,300,34,true,16
A*,Empty,387,0.583,300,34,true,16
Dijkstra,Empty,388,0.537,300,34,true,16
DFS,Empty,388,0.043,34,34,true,33
BFS,Empty,388,0.192,300,34,true,16
A*,Empty,388,0.989,300,34,true,16
Dijkstra,Empty,389,0.501,300,34,true,16
DFS,Empty,389,0.053,34,34,true,33
BFS,Empty,389,0.216,300,34,true,16
A*,Empty,389,0.481,300,34,true,16
Dijkstra,Empty,390,0.485,300,34,true,16
DFS,Empty,390,0.051,34,34,true,33
BFS,Empty,390,0.194,300,34,true,16
A*,Empty,390,0.491,300,34,true,16
Dijkstra,Empty,391,0.477,300,34,true,16
DFS,Empty,391,0.052,34,34,true,33
BFS,Empty,391,0.194,300,34,true,16
A*,Empty,391,0.474,300,34,true,16
Dijkstra,Empty,392,0.475,300,34,true,16
DFS,Empty,392,0.067,34,34,true,33
BFS,Empty,392,0.197,300,34,true,16
A*,Empty,392,0.5,300,34,true,16
Dijkstra,Empty,393,0.974,300,34,true,16
DFS,Empty,393,0.048,34,34,true,33
BFS,Empty,393,0.248,300,34,true,16
A*,Empty,393,0.504,300,34,true,16
Dijkstra,Empty,394,0.414,300,34,true,16
DFS,Empty,394,0.045,34,34,true,33
BFS,Empty,394,0.164,300,34,true,16
A*,Empty,394,0.418,300,34,true,16
Dijkstra,Empty,395,0.45,300,34,true,16
DFS,Empty,395,0.05,34,34,true,33
BFS,Empty,395,0.197,300,34,true,16
A*,Empty,395,0.501,300,34,true,16
Dijkstra,Empty,396,0.512,300,34,true,16
DFS,Empty,396,0.06,34,34,true,33
BFS,Empty,396,0.181,300,34,true,16
A*,Empty,396,0.294,300,34,true,16
Dijkstra,Empty,397,0.642,300,34,true,16
DFS,Empty,397,0.028,34,34,true,33
BFS,Empty,397,0.105,300,34,true,16
A*,Empty,397,0.263,300,34,true,16
Dijkstra,Empty,398,0.264,300,34,true,16
DFS,Empty,398,0.028,34,34,true,33
BFS,Empty,398,0.121,300,34,true,16
A*,Empty,398,0.31,300,34,true,16
Dijkstra,Empty,399,0.301,300,34,true,16
DFS,Empty,399,0.028,34,34,true,33
BFS,Empty,399,0.105,300,34,true,16
A*,Empty,399,0.319,300,34,true,16
Dijkstra,Empty,400,0.269,300,34,true,16
DFS,Empty,400,0.039,34,34,true,33
BFS,Empty,400,0.106,300,34,true,16
A*,Empty,400,0.368,300,34,true,16
Dijkstra,Empty,401,0.368,300,34,true,16
DFS,Empty,401,0.047,34,34,true,33
BFS,Empty,401,0.171,300,34,true,16
A*,Empty,401,0.418,300,34,true,16
Dijkstra,Empty,402,0.418,300,34,true,16
DFS,Empty,402,0.041,34,34,true,33
BFS,Empty,402,0.122,300,34,true,16
A*,Empty,402,0.29,300,34,true,16
Dijkstra,Empty,403,0.299,300,34,true,16
DFS,Empty,403,0.039,34,34,true,33
BFS,Empty,403,0.105,300,34,true,16
A*,Empty,403,0.283,300,34,true,16
Dijkstra,Empty,404,0.284,300,34,true,16
DFS,Empty,404,0.028,34,34,true,33
BFS,Empty,404,0.137,300,34,true,16
A*,Empty,404,0.43,300,34,true,16
Dijkstra,Empty,405,0.314,300,34,true,16
DFS,Empty,405,0.034,34,34,true,33
BFS,Empty,405,0.119,300,34,true,16
A*,Empty,405,0.715,300,34,true,16
Dijkstra,Empty,406,0.288,300,34,true,16
DFS,Empty,406,0.03,34,34,true,33
BFS,Empty,406,0.134,300,34,true,16
A*,Empty,406,0.264,300,34,true,16
Dijkstra,Empty,407,0.312,300,34,true,16
DFS,Empty,407,0.047,34,34,true,33
BFS,Empty,407,0.164,300,34,true,16
A*,Empty,407,0.438,300,34,true,16
Dijkstra,Empty,408,0.479,300,34,true,16
DFS,Empty,408,0.047,34,34,true,33
BFS,Empty,408,0.219,300,34,true,16
A*,Empty,408,0.443,300,34,true,16
Dijkstra,Empty,409,0.44,300,34,true,16
DFS,Empty,409,0.046,34,34,true,33
BFS,Empty,409,0.168,300,34,true,16
A*,Empty,409,0.512,300,34,true,16
Dijkstra,Empty,410,1.27,300,34,true,16
DFS,Empty,410,0.051,34,34,true,33
BFS,Empty,410,0.212,300,34,true,16
A*,Empty,410,0.513,300,34,true,16
Dijkstra,Empty,411,0.507,300,34,true,16
DFS,Empty,411,0.055,34,34,true,33
BFS,Empty,411,0.205,300,34,true,16
A*,Empty,411,0.504,300,34,true,16
Dijkstra,Empty,412,0.511,300,34,true,16
DFS,Empty,412,0.058,34,34,true,33
BFS,Empty,412,0.197,300,34,true,16
A*,Empty,412,0.312,300,34,true,16
Dijkstra,Empty,413,0.278,300,34,true,16
DFS,Empty,413,0.033,34,34,true,33
BFS,Empty,413,0.103,300,34,true,16
A*,Empty,413,0.264,300,34,true,16
Dijkstra,Empty,414,0.259,300,34,true,16
DFS,Empty,414,0.027,34,34,true,33
BFS,Empty,414,0.472,300,34,true,16
A*,Empty,414,0.289,300,34,true,16
Dijkstra,Empty,415,0.284,300,34,true,16
DFS,Empty,415,0.03,34,34,true,33
BFS,Empty,415,0.123,300,34,true,16
A*,Empty,415,0.281,300,34,true,16
Dijkstra,Empty,416,0.29,300,34,true,16
DFS,Empty,416,0.027,34,34,true,33
BFS,Empty,416,0.105,300,34,true,16
A*,Empty,416,0.282,300,34,true,16
Dijkstra,Empty,417,0.281,300,34,true,16
DFS,Empty,417,0.032,34,34,true,33
BFS,Empty,417,0.112,300,34,true,16
A*,Empty,417,0.37,300,34,true,16
Dijkstra,Empty,418,0.46,300,34,true,16
DFS,Empty,418,0.052,34,34,true,33
BFS,Empty,418,0.187,300,34,true,16
A*,Empty,418,1.168,300,34,true,16
Dijkstra,Empty,419,0.583,300,34,true,16
DFS,Empty,419,0.058,34,34,true,33
BFS,Empty,419,0.263,300,34,true,16
A*,Empty,419,0.514,300,34,true,16
Dijkstra,Empty,420,0.273,300,34,true,16
DFS,Empty,420,0.036,34,34,true,33
BFS,Empty,420,0.114,300,34,true,16
A*,Empty,420,0.437,300,34,true,16
Dijkstra,Empty,421,0.336,300,34,true,16
DFS,Empty,421,0.033,34,34,true,33
BFS,Empty,421,0.126,300,34,true,16
A*,Empty,421,0.325,300,34,true,16
Dijkstra,Empty,422,0.365,300,34,true,16
DFS,Empty,422,0.039,34,34,true,33
BFS,Empty,422,0.119,300,34,true,16
A*,Empty,422,0.266,300,34,true,16
Dijkstra,Empty,423,0.676,300,34,true,16
DFS,Empty,423,0.036,34,34,true,33
BFS,Empty,423,0.108,300,34,true,16
A*,Empty,423,0.318,300,34,true,16
Dijkstra,Empty,424,0.347,300,34,true,16
DFS,Empty,424,0.046,34,34,true,33
BFS,Empty,424,0.11,300,34,true,16
A*,Empty,424,0.333,300,34,true,16
Dijkstra,Empty,425,0.341,300,34,true,16
DFS,Empty,425,0.029,34,34,true,33
BFS,Empty,425,0.139,300,34,true,16
A*,Empty,425,0.356,300,34,true,16
Dijkstra,Empty,426,0.329,300,34,true,16
DFS,Empty,426,0.052,34,34,true,33
BFS,Empty,426,0.15,300,34,true,16
A*,Empty,426,0.326,300,34,true,16
Dijkstra,Empty,427,0.375,300,34,true,16
DFS,Empty,427,0.648,34,34,true,33
BFS,Empty,427,0.208,300,34,true,16
A*,Empty,427,0.588,300,34,true,16
Dijkstra,Empty,428,0.585,300,34,true,16
DFS,Empty,428,0.058,34,34,true,33
BFS,Empty,428,0.245,300,34,true,16
A*,Empty,428,0.538,300,34,true,16
Dijkstra,Empty,429,0.293,300,34,true,16
DFS,Empty,429,0.029,34,34,true,33
BFS,Empty,429,0.106,300,34,true,16
A*,Empty,429,0.328,300,34,true,16
Dijkstra,Empty,430,0.291,300,34,true,16
DFS,Empty,430,0.028,34,34,true,33
BFS,Empty,430,0.105,300,34,true,16
A*,Empty,430,0.284,300,34,true,16
Dijkstra,Empty,431,0.601,300,34,true,16
DFS,Empty,431,0.141,34,34,true,33
BFS,Empty,431,0.251,300,34,true,16
A*,Empty,431,0.974,300,34,true,16
Dijkstra,Empty,432,0.424,300,34,true,16
DFS,Empty,432,0.042,34,34,true,33
BFS,Empty,432,0.134,300,34,true,16
A*,Empty,432,0.524,300,34,true,16
Dijkstra,Empty,433,0.589,300,34,true,16
DFS,Empty,433,0.057,34,34,true,33
BFS,Empty,433,0.242,300,34,true,16
A*,Empty,433,0.566,300,34,true,16
Dijkstra,Empty,434,1.012,300,34,true,16
DFS,Empty,434,0.054,34,34,true,33
BFS,Empty,434,0.196,300,34,true,16
A*,Empty,434,0.547,300,34,true,16
Dijkstra,Empty,435,0.523,300,34,true,16
DFS,Empty,435,0.048,34,34,true,33
BFS,Empty,435,0.172,300,34,true,16
A*,Empty,435,0.978,300,34,true,16
Dijkstra,Empty,436,0.535,300,34,true,16
DFS,Empty,436,0.06,34,34,true,33
BFS,Empty,436,0.247,300,34,true,16
A*,Empty,436,0.578,300,34,true,16
Dijkstra,Empty,437,0.602,300,34,true,16
DFS,Empty,437,0.056,34,34,true,33
BFS,Empty,437,0.245,300,34,true,16
A*,Empty,437,0.576,300,34,true,16
Dijkstra,Empty,438,0.592,300,34,true,16
DFS,Empty,438,0.067,34,34,true,33
BFS,Empty,438,0.227,300,34,true,16
A*,Empty,438,0.494,300,34,true,16
Dijkstra,Empty,439,0.265,300,34,true,16
DFS,Empty,439,0.027,34,34,true,33
BFS,Empty,439,0.103,300,34,true,16
A*,Empty,439,0.26,300,34,true,16
Dijkstra,Empty,440,0.63,300,34,true,16
DFS,Empty,440,0.029,34,34,true,33
BFS,Empty,440,0.103,300,34,true,16
A*,Empty,440,0.263,300,34,true,16
Dijkstra,Empty,441,0.276,300,34,true,16
DFS,Empty,441,0.078,34,34,true,33
BFS,Empty,441,0.204,300,34,true,16
A*,Empty,441,0.477,300,34,true,16
Dijkstra,Empty,442,0.483,300,34,true,16
DFS,Empty,442,0.05,34,34,true,33
BFS,Empty,442,0.193,300,34,true,16
A*,Empty,442,0.494,300,34,true,16
Dijkstra,Empty,443,0.478,300,34,true,16
DFS,Empty,443,0.048,34,34,true,33
BFS,Empty,443,0.195,300,34,true,16
A*,Empty,443,0.482,300,34,true,16
Dijkstra,Empty,444,0.489,300,34,true,16
DFS,Empty,444,0.048,34,34,true,33
BFS,Empty,444,0.582,300,34,true,16
A*,Empty,444,0.264,300,34,true,16
Dijkstra,Empty,445,0.265,300,34,true,16
DFS,Empty,445,0.028,34,34,true,33
BFS,Empty,445,0.104,300,34,true,16
A*,Empty,445,0.261,300,34,true,16
Dijkstra,Empty,446,0.263,300,34,true,16
DFS,Empty,446,0.027,34,34,true,33
BFS,Empty,446,0.102,300,34,true,16
A*,Empty,446,0.359,300,34,true,16
Dijkstra,Empty,447,0.268,300,34,true,16
DFS,Empty,447,0.029,34,34,true,33
BFS,Empty,447,0.106,300,34,true,16
A*,Empty,447,0.272,300,34,true,16
Dijkstra,Empty,448,0.27,300,34,true,16
DFS,Empty,448,0.027,34,34,true,33
BFS,Empty,448,0.104,300,34,true,16
A*,Empty,448,0.652,300,34,true,16
Dijkstra,Empty,449,0.262,300,34,true,16
DFS,Empty,449,0.027,34,34,true,33
BFS,Empty,449,0.103,300,34,true,16
A*,Empty,449,0.261,300,34,true,16
Dijkstra,Empty,450,0.262,300,34,true,16
DFS,Empty,450,0.026,34,34,true,33
BFS,Empty,450,0.123,300,34,true,16
A*,Empty,450,0.262,300,34,true,16
Dijkstra,Empty,451,0.632,300,34,true,16
DFS,Empty,451,0.052,34,34,true,33
BFS,Empty,451,0.179,300,34,true,16
A*,Empty,451,0.485,300,34,true,16
Dijkstra,Empty,452,0.37,300,34,true,16
DFS,Empty,452,0.029,34,34,true,33
BFS,Empty,452,0.105,300,34,true,16
A*,Empty,452,0.262,300,34,true,16
Dijkstra,Empty,453,0.62,300,34,true,16
DFS,Empty,453,0.029,34,34,true,33
BFS,Empty,453,0.103,300,34,true,16
A*,Empty,453,0.263,300,34,true,16
Dijkstra,Empty,454,0.263,300,34,true,16
DFS,Empty,454,0.026,34,34,true,33
BFS,Empty,454,0.103,300,34,true,16
A*,Empty,454,0.262,300,34,true,16
Dijkstra,Empty,455,0.261,300,34,true,16
DFS,Empty,455,0.026,34,34,true,33
BFS,Empty,455,0.115,300,34,true,16
A*,Empty,455,0.262,300,34,true,16
Dijkstra,Empty,456,0.263,300,34,true,16
DFS,Empty,456,0.027,34,34,true,33
BFS,Empty,456,0.107,300,34,true,16
A*,Empty,456,0.265,300,34,true,16
Dijkstra,Empty,457,0.263,300,34,true,16
DFS,Empty,457,0.027,34,34,true,33
BFS,Empty,457,0.401,300,34,true,16
A*,Empty,457,0.261,300,34,true,16
Dijkstra,Empty,458,0.261,300,34,true,16
DFS,Empty,458,0.027,34,34,true,33
BFS,Empty,458,0.103,300,34,true,16
A*,Empty,458,0.26,300,34,true,16
Dijkstra,Empty,459,0.261,300,34,true,16
DFS,Empty,459,0.027,34,34,true,33
BFS,Empty,459,0.108,300,34,true,16
A*,Empty,459,0.275,300,34,true,16
Dijkstra,Empty,460,0.26,300,34,true,16
DFS,Empty,460,0.027,34,34,true,33
BFS,Empty,460,0.101,300,34,true,16
A*,Empty,460,0.268,300,34,true,16
Dijkstra,Empty,461,0.261,300,34,true,16
DFS,Empty,461,0.026,34,34,true,33
BFS,Empty,461,0.102,300,34,true,16
A*,Empty,461,0.917,300,34,true,16
Dijkstra,Empty,462,0.262,300,34,true,16
DFS,Empty,462,0.029,34,34,true,33
BFS,Empty,462,0.106,300,34,true,16
A*,Empty,462,0.263,300,34,true,16
Dijkstra,Empty,463,0.261,300,34,true,16
DFS,Empty,463,0.027,34,34,true,33
BFS,Empty,463,0.103,300,34,true,16
A*,Empty,463,0.275,300,34,true,16
Dijkstra,Empty,464,0.26,300,34,true,16
DFS,Empty,464,0.026,34,34,true,33
BFS,Empty,464,0.1,300,34,true,16
A*,Empty,464,0.259,300,34,true,16
Dijkstra,Empty,465,0.31,300,34,true,16
DFS,Empty,465,0.045,34,34,true,33
BFS,Empty,465,0.129,300,34,true,16
A*,Empty,465,0.378,300,34,true,16
Dijkstra,Empty,466,0.724,300,34,true,16
DFS,Empty,466,0.029,34,34,true,33
BFS,Empty,466,0.106,300,34,true,16
A*,Empty,466,0.265,300,34,true,16
Dijkstra,Empty,467,0.265,300,34,true,16
DFS,Empty,467,0.027,34,34,true,33
BFS,Empty,467,0.105,300,34,true,16
A*,Empty,467,0.272,300,34,true,16
Dijkstra,Empty,468,0.283,300,34,true,16
DFS,Empty,468,0.027,34,34,true,33
BFS,Empty,468,0.103,300,34,true,16
A*,Empty,468,0.261,300,34,true,16
Dijkstra,Empty,469,0.359,300,34,true,16
DFS,Empty,469,0.044,34,34,true,33
BFS,Empty,469,0.175,300,34,true,16
A*,Empty,469,0.295,300,34,true,16
Dijkstra,Empty,470,0.637,300,34,true,16
DFS,Empty,470,0.028,34,34,true,33
BFS,Empty,470,0.102,300,34,true,16
A*,Empty,470,0.263,300,34,true,16
Dijkstra,Empty,471,0.26,300,34,true,16
DFS,Empty,471,0.027,34,34,true,33
BFS,Empty,471,0.102,300,34,true,16
A*,Empty,471,0.261,300,34,true,16
Dijkstra,Empty,472,0.263,300,34,true,16
DFS,Empty,472,0.026,34,34,true,33
BFS,Empty,472,0.105,300,34,true,16
A*,Empty,472,0.279,300,34,true,16
Dijkstra,Empty,473,0.641,300,34,true,16
DFS,Empty,473,0.032,34,34,true,33
BFS,Empty,473,0.107,300,34,true,16
A*,Empty,473,0.289,300,34,true,16
Dijkstra,Empty,474,0.265,300,34,true,16
DFS,Empty,474,0.027,34,34,true,33
BFS,Empty,474,0.474,300,34,true,16
A*,Empty,474,0.264,300,34,true,16
Dijkstra,Empty,475,0.281,300,34,true,16
DFS,Empty,475,0.032,34,34,true,33
BFS,Empty,475,0.115,300,34,true,16
A*,Empty,475,0.294,300,34,true,16
Dijkstra,Empty,476,0.32,300,34,true,16
DFS,Empty,476,0.028,34,34,true,33
BFS,Empty,476,0.114,300,34,true,16
A*,Empty,476,0.261,300,34,true,16
Dijkstra,Empty,477,0.261,300,34,true,16
DFS,Empty,477,0.027,34,34,true,33
BFS,Empty,477,0.102,300,34,true,16
A*,Empty,477,0.269,300,34,true,16
Dijkstra,Empty,478,0.268,300,34,true,16
DFS,Empty,478,0.028,34,34,true,33
BFS,Empty,478,0.101,300,34,true,16
A*,Empty,478,0.629,300,34,true,16
Dijkstra,Empty,479,0.262,300,34,true,16
DFS,Empty,479,0.028,34,34,true,33
BFS,Empty,479,0.105,300,34,true,16
A*,Empty,479,0.262,300,34,true,16
Dijkstra,Empty,480,0.263,300,34,true,16
DFS,Empty,480,0.027,34,34,true,33
BFS,Empty,480,0.102,300,34,true,16
A*,Empty,480,0.261,300,34,true,16
Dijkstra,Empty,481,0.278,300,34,true,16
DFS,Empty,481,0.027,34,34,true,33
BFS,Empty,481,0.103,300,34,true,16
A*,Empty,481,0.266,300,34,true,16
Dijkstra,Empty,482,0.267,300,34,true,16
DFS,Empty,482,0.027,34,34,true,33
BFS,Empty,482,0.1,300,34,true,16
A*,Empty,482,0.26,300,34,true,16
Dijkstra,Empty,483,0.553,300,34,true,16
DFS,Empty,483,0.028,34,34,true,33
BFS,Empty,483,0.107,300,34,true,16
A*,Empty,483,0.264,300,34,true,16
Dijkstra,Empty,484,0.507,300,34,true,16
DFS,Empty,484,0.062,34,34,true,33
BFS,Empty,484,0.202,300,34,true,16
A*,Empty,484,0.485,300,34,true,16
Dijkstra,Empty,485,0.493,300,34,true,16
DFS,Empty,485,6.593,34,34,true,33
BFS,Empty,485,0.182,300,34,true,16
A*,Empty,485,0.419,300,34,true,16
Dijkstra,Empty,486,0.414,300,34,true,16
DFS,Empty,486,0.046,34,34,true,33
BFS,Empty,486,0.155,300,34,true,16
A*,Empty,486,0.38,300,34,true,16
Dijkstra,Empty,487,0.378,300,34,true,16
DFS,Empty,487,0.153,34,34,true,33
BFS,Empty,487,0.737,300,34,true,16
A*,Empty,487,0.526,300,34,true,16
Dijkstra,Empty,488,0.556,300,34,true,16
DFS,Empty,488,0.059,34,34,true,33
BFS,Empty,488,0.26,300,34,true,16
A*,Empty,488,0.525,300,34,true,16
Dijkstra,Empty,489,0.465,300,34,true,16
DFS,Empty,489,0.051,34,34,true,33
BFS,Empty,489,0.198,300,34,true,16
A*,Empty,489,0.862,300,34,true,16
Dijkstra,Empty,490,0.483,300,34,true,16
DFS,Empty,490,0.053,34,34,true,33
BFS,Empty,490,0.342,300,34,true,16
A*,Empty,490,0.672,300,34,true,16
Dijkstra,Empty,491,0.842,300,34,true,16
DFS,Empty,491,0.059,34,34,true,33
BFS,Empty,491,0.181,300,34,true,16
A*,Empty,491,1.279,300,34,true,16
Dijkstra,Empty,492,0.484,300,34,true,16
DFS,Empty,492,0.051,34,34,true,33
BFS,Empty,492,0.186,300,34,true,16
A*,Empty,492,0.479,300,34,true,16
Dijkstra,Empty,493,0.446,300,34,true,16
DFS,Empty,493,0.043,34,34,true,33
BFS,Empty,493,0.136,300,34,true,16
A*,Empty,493,0.296,300,34,true,16
Dijkstra,Empty,494,0.265,300,34,true,16
DFS,Empty,494,0.027,34,34,true,33
BFS,Empty,494,0.105,300,34,true,16
A*,Empty,494,0.332,300,34,true,16
Dijkstra,Empty,495,0.307,300,34,true,16
DFS,Empty,495,0.028,34,34,true,33
BFS,Empty,495,0.105,300,34,true,16
A*,Empty,495,0.282,300,34,true,16
Dijkstra,Empty,496,1.033,300,34,true,16
DFS,Empty,496,0.058,34,34,true,33
BFS,Empty,496,0.244,300,34,true,16
A*,Empty,496,0.573,300,34,true,16
Dijkstra,Empty,497,0.291,300,34,true,16
DFS,Empty,497,0.029,34,34,true,33
BFS,Empty,497,0.103,300,34,true,16
A*,Empty,497,0.263,300,34,true,16
Dijkstra,Empty,498,0.283,300,34,true,16
DFS,Empty,498,0.033,34,34,true,33
BFS,Empty,498,0.122,300,34,true,16
A*,Empty,498,0.271,300,34,true,16
Dijkstra,Empty,499,0.264,300,34,true,16
DFS,Empty,499,0.029,34,34,true,33
BFS,Empty,499,0.115,300,34,true,16
A*,Empty,499,0.28,300,34,true,16
Dijkstra,Empty,500,0.648,300,34,true,16
DFS,Empty,500,0.028,34,34,true,33
BFS,Empty,500,0.107,300,34,true,16
A*,Empty,500,0.272,300,34,true,16
Dijkstra,Random20,1,0.295,227,34,true,16
DFS,Random20,1,0.275,100,88,true,69
BFS,Random20,1,0.134,227,34,true,16
A*,Random20,1,0.304,169,34,true,25
Dijkstra,Random20,2,0.319,227,34,true,16
DFS,Random20,2,0.225,100,88,true,69
BFS,Random20,2,0.164,227,34,true,16
A*,Random20,2,0.349,169,34,true,25
Dijkstra,Random20,3,0.348,227,34,true,16
DFS,Random20,3,0.217,100,88,true,69
BFS,Random20,3,0.132,227,34,true,16
A*,Random20,3,0.248,169,34,true,25
Dijkstra,Random20,4,0.282,227,34,true,16
DFS,Random20,4,0.217,100,88,true,69
BFS,Random20,4,0.144,227,34,true,16
A*,Random20,4,0.22,169,34,true,25
Dijkstra,Random20,5,0.214,227,34,true,16
DFS,Random20,5,0.128,100,88,true,69
BFS,Random20,5,0.487,227,34,true,16
A*,Random20,5,0.189,169,34,true,25
Dijkstra,Random20,6,0.189,227,34,true,16
DFS,Random20,6,0.126,100,88,true,69
BFS,Random20,6,0.085,227,34,true,16
A*,Random20,6,0.186,169,34,true,25
Dijkstra,Random20,7,0.188,227,34,true,16
DFS,Random20,7,0.122,100,88,true,69
BFS,Random20,7,0.084,227,34,true,16
A*,Random20,7,0.184,169,34,true,25
Dijkstra,Random20,8,0.202,227,34,true,16
DFS,Random20,8,0.123,100,88,true,69
BFS,Random20,8,0.083,227,34,true,16
A*,Random20,8,0.24,169,34,true,25
Dijkstra,Random20,9,0.195,227,34,true,16
DFS,Random20,9,0.068,100,88,true,69
BFS,Random20,9,0.085,227,34,true,16
A*,Random20,9,0.187,169,34,true,25
Dijkstra,Random20,10,0.201,227,34,true,16
DFS,Random20,10,0.084,100,88,true,69
BFS,Random20,10,0.13,227,34,true,16
A*,Random20,10,0.401,169,34,true,25
Dijkstra,Random20,11,1.215,227,34,true,16
DFS,Random20,11,0.1,100,88,true,69
BFS,Random20,11,0.141,227,34,true,16
A*,Random20,11,0.305,169,34,true,25
Dijkstra,Random20,12,0.298,227,34,true,16
DFS,Random20,12,0.089,100,88,true,69
BFS,Random20,12,0.127,227,34,true,16
A*,Random20,12,0.206,169,34,true,25
Dijkstra,Random20,13,0.192,227,34,true,16
DFS,Random20,13,0.059,100,88,true,69
BFS,Random20,13,0.085,227,34,true,16
A*,Random20,13,0.215,169,34,true,25
Dijkstra,Random20,14,0.293,227,34,true,16
DFS,Random20,14,0.077,100,88,true,69
BFS,Random20,14,0.122,227,34,true,16
A*,Random20,14,0.223,169,34,true,25
Dijkstra,Random20,15,0.207,227,34,true,16
DFS,Random20,15,0.06,100,88,true,69
BFS,Random20,15,0.114,227,34,true,16
A*,Random20,15,0.283,169,34,true,25
Dijkstra,Random20,16,0.26,227,34,true,16
DFS,Random20,16,0.08,100,88,true,69
BFS,Random20,16,0.617,227,34,true,16
A*,Random20,16,0.247,169,34,true,25
Dijkstra,Random20,17,0.189,227,34,true,16
DFS,Random20,17,0.059,100,88,true,69
BFS,Random20,17,0.084,227,34,true,16
A*,Random20,17,0.201,169,34,true,25
Dijkstra,Random20,18,0.186,227,34,true,16
DFS,Random20,18,0.058,100,88,true,69
BFS,Random20,18,0.084,227,34,true,16
A*,Random20,18,0.184,169,34,true,25
Dijkstra,Random20,19,0.186,227,34,true,16
DFS,Random20,19,0.072,100,88,true,69
BFS,Random20,19,0.083,227,34,true,16
A*,Random20,19,0.185,169,34,true,25
Dijkstra,Random20,20,0.186,227,34,true,16
DFS,Random20,20,0.058,100,88,true,69
BFS,Random20,20,0.083,227,34,true,16
A*,Random20,20,0.183,169,34,true,25
Dijkstra,Random20,21,0.195,227,34,true,16
DFS,Random20,21,0.06,100,88,true,69
BFS,Random20,21,0.083,227,34,true,16
A*,Random20,21,0.184,169,34,true,25
Dijkstra,Random20,22,0.5,227,34,true,16
DFS,Random20,22,0.059,100,88,true,69
BFS,Random20,22,0.084,227,34,true,16
A*,Random20,22,0.262,169,34,true,25
Dijkstra,Random20,23,0.764,227,34,true,16
DFS,Random20,23,0.096,100,88,true,69
BFS,Random20,23,0.129,227,34,true,16
A*,Random20,23,0.288,169,34,true,25
Dijkstra,Random20,24,0.299,227,34,true,16
DFS,Random20,24,0.106,100,88,true,69
BFS,Random20,24,0.283,227,34,true,16
A*,Random20,24,0.337,169,34,true,25
Dijkstra,Random20,25,0.313,227,34,true,16
DFS,Random20,25,0.099,100,88,true,69
BFS,Random20,25,0.158,227,34,true,16
A*,Random20,25,0.413,169,34,true,25
Dijkstra,Random20,26,0.441,227,34,true,16
DFS,Random20,26,0.138,100,88,true,69
BFS,Random20,26,0.202,227,34,true,16
A*,Random20,26,0.387,169,34,true,25
Dijkstra,Random20,27,0.4,227,34,true,16
DFS,Random20,27,0.117,100,88,true,69
BFS,Random20,27,0.567,227,34,true,16
A*,Random20,27,0.267,169,34,true,25
Dijkstra,Random20,28,0.279,227,34,true,16
DFS,Random20,28,0.065,100,88,true,69
BFS,Random20,28,0.087,227,34,true,16
A*,Random20,28,0.216,169,34,true,25
Dijkstra,Random20,29,0.293,227,34,true,16
DFS,Random20,29,0.061,100,88,true,69
BFS,Random20,29,0.086,227,34,true,16
A*,Random20,29,0.205,169,34,true,25
Dijkstra,Random20,30,0.261,227,34,true,16
DFS,Random20,30,0.071,100,88,true,69
BFS,Random20,30,0.085,227,34,true,16
A*,Random20,30,0.185,169,34,true,25
Dijkstra,Random20,31,0.188,227,34,true,16
DFS,Random20,31,0.062,100,88,true,69
BFS,Random20,31,0.111,227,34,true,16
A*,Random20,31,0.239,169,34,true,25
Dijkstra,Random20,32,0.281,227,34,true,16
DFS,Random20,32,0.06,100,88,true,69
BFS,Random20,32,0.101,227,34,true,16
A*,Random20,32,0.185,169,34,true,25
Dijkstra,Random20,33,1.024,227,34,true,16
DFS,Random20,33,0.097,100,88,true,69
BFS,Random20,33,0.15,227,34,true,16
A*,Random20,33,0.378,169,34,true,25
Dijkstra,Random20,34,0.4,227,34,true,16
DFS,Random20,34,0.116,100,88,true,69
BFS,Random20,34,0.208,227,34,true,16
A*,Random20,34,0.249,169,34,true,25
Dijkstra,Random20,35,0.188,227,34,true,16
DFS,Random20,35,0.059,100,88,true,69
BFS,Random20,35,0.105,227,34,true,16
A*,Random20,35,0.203,169,34,true,25
Dijkstra,Random20,36,0.186,227,34,true,16
DFS,Random20,36,0.06,100,88,true,69
BFS,Random20,36,0.084,227,34,true,16
A*,Random20,36,0.186,169,34,true,25
Dijkstra,Random20,37,0.219,227,34,true,16
DFS,Random20,37,0.061,100,88,true,69
BFS,Random20,37,0.092,227,34,true,16
A*,Random20,37,0.186,169,34,true,25
Dijkstra,Random20,38,0.187,227,34,true,16
DFS,Random20,38,0.058,100,88,true,69
BFS,Random20,38,0.421,227,34,true,16
A*,Random20,38,0.189,169,34,true,25
Dijkstra,Random20,39,0.189,227,34,true,16
DFS,Random20,39,0.06,100,88,true,69
BFS,Random20,39,0.09,227,34,true,16
A*,Random20,39,0.226,169,34,true,25
Dijkstra,Random20,40,0.316,227,34,true,16
DFS,Random20,40,0.074,100,88,true,69
BFS,Random20,40,0.128,227,34,true,16
A*,Random20,40,0.28,169,34,true,25
Dijkstra,Random20,41,0.31,227,34,true,16
DFS,Random20,41,0.122,100,88,true,69
BFS,Random20,41,0.188,227,34,true,16
A*,Random20,41,0.311,169,34,true,25
Dijkstra,Random20,42,0.299,227,34,true,16
DFS,Random20,42,0.093,100,88,true,69
BFS,Random20,42,0.154,227,34,true,16
A*,Random20,42,0.206,169,34,true,25
Dijkstra,Random20,43,0.237,227,34,true,16
DFS,Random20,43,0.061,100,88,true,69
BFS,Random20,43,0.087,227,34,true,16
A*,Random20,43,0.185,169,34,true,25
Dijkstra,Random20,44,0.76,227,34,true,16
DFS,Random20,44,0.089,100,88,true,69
BFS,Random20,44,0.13,227,34,true,16
A*,Random20,44,0.287,169,34,true,25
Dijkstra,Random20,45,0.276,227,34,true,16
DFS,Random20,45,0.076,100,88,true,69
BFS,Random20,45,0.086,227,34,true,16
A*,Random20,45,0.226,169,34,true,25
Dijkstra,Random20,46,0.267,227,34,true,16
DFS,Random20,46,0.088,100,88,true,69
BFS,Random20,46,0.117,227,34,true,16
A*,Random20,46,0.27,169,34,true,25
Dijkstra,Random20,47,0.279,227,34,true,16
DFS,Random20,47,0.062,100,88,true,69
BFS,Random20,47,0.11,227,34,true,16
A*,Random20,47,0.215,169,34,true,25
Dijkstra,Random20,48,0.192,227,34,true,16
DFS,Random20,48,0.077,100,88,true,69
BFS,Random20,48,0.098,227,34,true,16
A*,Random20,48,0.201,169,34,true,25
Dijkstra,Random20,49,0.188,227,34,true,16
DFS,Random20,49,0.059,100,88,true,69
BFS,Random20,49,0.085,227,34,true,16
A*,Random20,49,0.565,169,34,true,25
Dijkstra,Random20,50,0.204,227,34,true,16
DFS,Random20,50,0.062,100,88,true,69
BFS,Random20,50,0.084,227,34,true,16
A*,Random20,50,0.216,169,34,true,25
Dijkstra,Random20,51,0.271,227,34,true,16
DFS,Random20,51,0.093,100,88,true,69
BFS,Random20,51,0.119,227,34,true,16
A*,Random20,51,0.191,169,34,true,25
Dijkstra,Random20,52,0.19,227,34,true,16
DFS,Random20,52,0.06,100,88,true,69
BFS,Random20,52,0.106,227,34,true,16
A*,Random20,52,0.215,169,34,true,25
Dijkstra,Random20,53,0.187,227,34,true,16
DFS,Random20,53,0.08,100,88,true,69
BFS,Random20,53,0.09,227,34,true,16
A*,Random20,53,0.186,169,34,true,25
Dijkstra,Random20,54,0.197,227,34,true,16
DFS,Random20,54,0.06,100,88,true,69
BFS,Random20,54,0.084,227,34,true,16
A*,Random20,54,0.183,169,34,true,25
Dijkstra,Random20,55,0.555,227,34,true,16
DFS,Random20,55,0.076,100,88,true,69
BFS,Random20,55,0.087,227,34,true,16
A*,Random20,55,0.187,169,34,true,25
Dijkstra,Random20,56,0.221,227,34,true,16
DFS,Random20,56,0.061,100,88,true,69
BFS,Random20,56,0.093,227,34,true,16
A*,Random20,56,0.36,169,34,true,25
Dijkstra,Random20,57,0.227,227,34,true,16
DFS,Random20,57,0.061,100,88,true,69
BFS,Random20,57,0.097,227,34,true,16
A*,Random20,57,0.204,169,34,true,25
Dijkstra,Random20,58,0.255,227,34,true,16
DFS,Random20,58,0.065,100,88,true,69
BFS,Random20,58,0.087,227,34,true,16
A*,Random20,58,0.189,169,34,true,25
Dijkstra,Random20,59,0.191,227,34,true,16
DFS,Random20,59,0.059,100,88,true,69
BFS,Random20,59,0.116,227,34,true,16
A*,Random20,59,0.195,169,34,true,25
Dijkstra,Random20,60,0.188,227,34,true,16
DFS,Random20,60,0.06,100,88,true,69
BFS,Random20,60,0.085,227,34,true,16
A*,Random20,60,0.896,169,34,true,25
Dijkstra,Random20,61,0.229,227,34,true,16
DFS,Random20,61,0.082,100,88,true,69
BFS,Random20,61,0.106,227,34,true,16
A*,Random20,61,0.362,169,34,true,25
Dijkstra,Random20,62,0.376,227,34,true,16
DFS,Random20,62,0.119,100,88,true,69
BFS,Random20,62,0.188,227,34,true,16
A*,Random20,62,0.388,169,34,true,25
Dijkstra,Random20,63,0.418,227,34,true,16
DFS,Random20,63,0.117,100,88,true,69
BFS,Random20,63,0.135,227,34,true,16
A*,Random20,63,0.186,169,34,true,25
Dijkstra,Random20,64,0.186,227,34,true,16
DFS,Random20,64,0.059,100,88,true,69
BFS,Random20,64,0.096,227,34,true,16
A*,Random20,64,0.198,169,34,true,25
Dijkstra,Random20,65,0.288,227,34,true,16
DFS,Random20,65,0.073,100,88,true,69
BFS,Random20,65,0.125,227,34,true,16
A*,Random20,65,0.259,169,34,true,25
Dijkstra,Random20,66,0.663,227,34,true,16
DFS,Random20,66,0.063,100,88,true,69
BFS,Random20,66,0.086,227,34,true,16
A*,Random20,66,0.265,169,34,true,25
Dijkstra,Random20,67,0.296,227,34,true,16
DFS,Random20,67,0.097,100,88,true,69
BFS,Random20,67,0.152,227,34,true,16
A*,Random20,67,0.403,169,34,true,25
Dijkstra,Random20,68,0.402,227,34,true,16
DFS,Random20,68,0.121,100,88,true,69
BFS,Random20,68,0.131,227,34,true,16
A*,Random20,68,0.189,169,34,true,25
Dijkstra,Random20,69,0.205,227,34,true,16
DFS,Random20,69,0.059,100,88,true,69
BFS,Random20,69,0.084,227,34,true,16
A*,Random20,69,0.21,169,34,true,25
Dijkstra,Random20,70,0.207,227,34,true,16
DFS,Random20,70,0.061,100,88,true,69
BFS,Random20,70,0.113,227,34,true,16
A*,Random20,70,0.187,169,34,true,25
Dijkstra,Random20,71,0.232,227,34,true,16
DFS,Random20,71,0.061,100,88,true,69
BFS,Random20,71,0.086,227,34,true,16
A*,Random20,71,0.553,169,34,true,25
Dijkstra,Random20,72,0.19,227,34,true,16
DFS,Random20,72,0.061,100,88,true,69
BFS,Random20,72,0.086,227,34,true,16
A*,Random20,72,0.189,169,34,true,25
Dijkstra,Random20,73,0.188,227,34,true,16
DFS,Random20,73,0.058,100,88,true,69
BFS,Random20,73,0.083,227,34,true,16
A*,Random20,73,0.185,169,34,true,25
Dijkstra,Random20,74,0.226,227,34,true,16
DFS,Random20,74,0.099,100,88,true,69
BFS,Random20,74,0.175,227,34,true,16
A*,Random20,74,0.324,169,34,true,25
Dijkstra,Random20,75,0.193,227,34,true,16
DFS,Random20,75,0.063,100,88,true,69
BFS,Random20,75,0.089,227,34,true,16
A*,Random20,75,0.204,169,34,true,25
Dijkstra,Random20,76,0.201,227,34,true,16
DFS,Random20,76,0.062,100,88,true,69
BFS,Random20,76,0.087,227,34,true,16
A*,Random20,76,0.191,169,34,true,25
Dijkstra,Random20,77,0.572,227,34,true,16
DFS,Random20,77,0.063,100,88,true,69
BFS,Random20,77,0.086,227,34,true,16
A*,Random20,77,0.185,169,34,true,25
Dijkstra,Random20,78,0.188,227,34,true,16
DFS,Random20,78,0.059,100,88,true,69
BFS,Random20,78,0.085,227,34,true,16
A*,Random20,78,0.187,169,34,true,25
Dijkstra,Random20,79,0.187,227,34,true,16
DFS,Random20,79,0.06,100,88,true,69
BFS,Random20,79,0.085,227,34,true,16
A*,Random20,79,0.185,169,34,true,25
Dijkstra,Random20,80,0.21,227,34,true,16
DFS,Random20,80,0.1,100,88,true,69
BFS,Random20,80,0.227,227,34,true,16
A*,Random20,80,0.591,169,34,true,25
Dijkstra,Random20,81,0.302,227,34,true,16
DFS,Random20,81,0.101,100,88,true,69
BFS,Random20,81,0.154,227,34,true,16
A*,Random20,81,0.315,169,34,true,25
Dijkstra,Random20,82,0.404,227,34,true,16
DFS,Random20,82,0.094,100,88,true,69
BFS,Random20,82,0.134,227,34,true,16
A*,Random20,82,0.847,169,34,true,25
Dijkstra,Random20,83,0.413,227,34,true,16
DFS,Random20,83,0.111,100,88,true,69
BFS,Random20,83,0.174,227,34,true,16
A*,Random20,83,0.331,169,34,true,25
Dijkstra,Random20,84,0.314,227,34,true,16
DFS,Random20,84,0.09,100,88,true,69
BFS,Random20,84,0.348,227,34,true,16
A*,Random20,84,0.303,169,34,true,25
Dijkstra,Random20,85,0.324,227,34,true,16
DFS,Random20,85,0.108,100,88,true,69
BFS,Random20,85,0.155,227,34,true,16
A*,Random20,85,0.394,169,34,true,25
Dijkstra,Random20,86,0.319,227,34,true,16
DFS,Random20,86,0.095,100,88,true,69
BFS,Random20,86,0.13,227,34,true,16
A*,Random20,86,0.306,169,34,true,25
Dijkstra,Random20,87,0.38,227,34,true,16
DFS,Random20,87,0.109,100,88,true,69
BFS,Random20,87,0.162,227,34,true,16
A*,Random20,87,0.345,169,34,true,25
Dijkstra,Random20,88,0.799,227,34,true,16
DFS,Random20,88,0.082,100,88,true,69
BFS,Random20,88,0.547,227,34,true,16
A*,Random20,88,0.352,169,34,true,25
Dijkstra,Random20,89,0.314,227,34,true,16
DFS,Random20,89,0.122,100,88,true,69
BFS,Random20,89,0.13,227,34,true,16
A*,Random20,89,0.284,169,34,true,25
Dijkstra,Random20,90,0.347,227,34,true,16
DFS,Random20,90,0.104,100,88,true,69
BFS,Random20,90,0.142,227,34,true,16
A*,Random20,90,0.314,169,34,true,25
Dijkstra,Random20,91,0.342,227,34,true,16
DFS,Random20,91,0.097,100,88,true,69
BFS,Random20,91,0.191,227,34,true,16
A*,Random20,91,0.304,169,34,true,25
Dijkstra,Random20,92,0.3,227,34,true,16
DFS,Random20,92,0.097,100,88,true,69
BFS,Random20,92,0.951,227,34,true,16
A*,Random20,92,0.447,169,34,true,25
Dijkstra,Random20,93,0.619,227,34,true,16
DFS,Random20,93,0.104,100,88,true,69
BFS,Random20,93,0.137,227,34,true,16
A*,Random20,93,1.195,169,34,true,25
Dijkstra,Random20,94,0.386,227,34,true,16
DFS,Random20,94,0.139,100,88,true,69
BFS,Random20,94,0.194,227,34,true,16
A*,Random20,94,0.443,169,34,true,25
Dijkstra,Random20,95,1.364,227,34,true,16
DFS,Random20,95,0.856,100,88,true,69
BFS,Random20,95,0.148,227,34,true,16
A*,Random20,95,0.342,169,34,true,25
Dijkstra,Random20,96,1.904,227,34,true,16
DFS,Random20,96,0.103,100,88,true,69
BFS,Random20,96,0.135,227,34,true,16
A*,Random20,96,0.3,169,34,true,25
Dijkstra,Random20,97,0.42,227,34,true,16
DFS,Random20,97,0.097,100,88,true,69
BFS,Random20,97,0.142,227,34,true,16
A*,Random20,97,0.501,169,34,true,25
Dijkstra,Random20,98,0.322,227,34,true,16
DFS,Random20,98,0.097,100,88,true,69
BFS,Random20,98,0.146,227,34,true,16
A*,Random20,98,0.327,169,34,true,25
Dijkstra,Random20,99,0.803,227,34,true,16
DFS,Random20,99,0.15,100,88,true,69
BFS,Random20,99,0.155,227,34,true,16
A*,Random20,99,0.341,169,34,true,25
Dijkstra,Random20,100,0.396,227,34,true,16
DFS,Random20,100,1.153,100,88,true,69
BFS,Random20,100,0.138,227,34,true,16
A*,Random20,100,0.31,169,34,true,25
Dijkstra,Random20,101,0.443,227,34,true,16
DFS,Random20,101,0.135,100,88,true,69
BFS,Random20,101,0.138,227,34,true,16
A*,Random20,101,0.4,169,34,true,25
Dijkstra,Random20,102,2.103,227,34,true,16
DFS,Random20,102,0.098,100,88,true,69
BFS,Random20,102,0.396,227,34,true,16
A*,Random20,102,0.31,169,34,true,25
Dijkstra,Random20,103,0.588,227,34,true,16
DFS,Random20,103,0.114,100,88,true,69
BFS,Random20,103,0.166,227,34,true,16
A*,Random20,103,0.621,169,34,true,25
Dijkstra,Random20,104,0.331,227,34,true,16
DFS,Random20,104,0.342,100,88,true,69
BFS,Random20,104,0.197,227,34,true,16
A*,Random20,104,1.754,169,34,true,25
Dijkstra,Random20,105,0.379,227,34,true,16
DFS,Random20,105,0.108,100,88,true,69
BFS,Random20,105,0.156,227,34,true,16
A*,Random20,105,0.348,169,34,true,25
Dijkstra,Random20,106,0.351,227,34,true,16
DFS,Random20,106,0.103,100,88,true,69
BFS,Random20,106,0.147,227,34,true,16
A*,Random20,106,0.494,169,34,true,25
Dijkstra,Random20,107,0.29,227,34,true,16
DFS,Random20,107,0.101,100,88,true,69
BFS,Random20,107,0.148,227,34,true,16
A*,Random20,107,0.349,169,34,true,25
Dijkstra,Random20,108,0.371,227,34,true,16
DFS,Random20,108,0.097,100,88,true,69
BFS,Random20,108,0.126,227,34,true,16
A*,Random20,108,0.287,169,34,true,25
Dijkstra,Random20,109,0.365,227,34,true,16
DFS,Random20,109,0.121,100,88,true,69
BFS,Random20,109,0.138,227,34,true,16
A*,Random20,109,0.321,169,34,true,25
Dijkstra,Random20,110,0.957,227,34,true,16
DFS,Random20,110,0.102,100,88,true,69
BFS,Random20,110,0.141,227,34,true,16
A*,Random20,110,0.297,169,34,true,25
Dijkstra,Random20,111,0.304,227,34,true,16
DFS,Random20,111,0.238,100,88,true,69
BFS,Random20,111,0.181,227,34,true,16
A*,Random20,111,0.301,169,34,true,25
Dijkstra,Random20,112,1.189,227,34,true,16
DFS,Random20,112,0.109,100,88,true,69
BFS,Random20,112,0.155,227,34,true,16
A*,Random20,112,0.374,169,34,true,25
Dijkstra,Random20,113,0.336,227,34,true,16
DFS,Random20,113,0.108,100,88,true,69
BFS,Random20,113,0.161,227,34,true,16
A*,Random20,113,0.346,169,34,true,25
Dijkstra,Random20,114,0.4,227,34,true,16
DFS,Random20,114,0.095,100,88,true,69
BFS,Random20,114,0.157,227,34,true,16
A*,Random20,114,0.368,169,34,true,25
Dijkstra,Random20,115,0.349,227,34,true,16
DFS,Random20,115,0.095,100,88,true,69
BFS,Random20,115,0.284,227,34,true,16
A*,Random20,115,1.069,169,34,true,25
Dijkstra,Random20,116,0.392,227,34,true,16
DFS,Random20,116,0.125,100,88,true,69
BFS,Random20,116,0.164,227,34,true,16
A*,Random20,116,0.34,169,34,true,25
Dijkstra,Random20,117,0.342,227,34,true,16
DFS,Random20,117,0.106,100,88,true,69
BFS,Random20,117,0.141,227,34,true,16
A*,Random20,117,0.323,169,34,true,25
Dijkstra,Random20,118,0.35,227,34,true,16
DFS,Random20,118,0.11,100,88,true,69
BFS,Random20,118,0.14,227,34,true,16
A*,Random20,118,0.392,169,34,true,25
Dijkstra,Random20,119,0.323,227,34,true,16
DFS,Random20,119,0.128,100,88,true,69
BFS,Random20,119,0.15,227,34,true,16
A*,Random20,119,0.33,169,34,true,25
Dijkstra,Random20,120,0.346,227,34,true,16
DFS,Random20,120,0.105,100,88,true,69
BFS,Random20,120,0.137,227,34,true,16
A*,Random20,120,0.302,169,34,true,25
Dijkstra,Random20,121,0.783,227,34,true,16
DFS,Random20,121,0.116,100,88,true,69
BFS,Random20,121,0.134,227,34,true,16
A*,Random20,121,0.312,169,34,true,25
Dijkstra,Random20,122,0.32,227,34,true,16
DFS,Random20,122,0.099,100,88,true,69
BFS,Random20,122,0.155,227,34,true,16
A*,Random20,122,0.359,169,34,true,25
Dijkstra,Random20,123,0.379,227,34,true,16
DFS,Random20,123,0.122,100,88,true,69
BFS,Random20,123,0.174,227,34,true,16
A*,Random20,123,0.295,169,34,true,25
Dijkstra,Random20,124,0.245,227,34,true,16
DFS,Random20,124,0.096,100,88,true,69
BFS,Random20,124,0.134,227,34,true,16
A*,Random20,124,0.298,169,34,true,25
Dijkstra,Random20,125,0.441,227,34,true,16
DFS,Random20,125,0.096,100,88,true,69
BFS,Random20,125,0.163,227,34,true,16
A*,Random20,125,0.415,169,34,true,25
Dijkstra,Random20,126,0.291,227,34,true,16
DFS,Random20,126,0.113,100,88,true,69
BFS,Random20,126,0.191,227,34,true,16
A*,Random20,126,1.086,169,34,true,25
Dijkstra,Random20,127,0.818,227,34,true,16
DFS,Random20,127,0.963,100,88,true,69
BFS,Random20,127,0.335,227,34,true,16
A*,Random20,127,0.49,169,34,true,25
Dijkstra,Random20,128,0.499,227,34,true,16
DFS,Random20,128,0.094,100,88,true,69
BFS,Random20,128,0.681,227,34,true,16
A*,Random20,128,0.32,169,34,true,25
Dijkstra,Random20,129,0.343,227,34,true,16
DFS,Random20,129,0.208,100,88,true,69
BFS,Random20,129,0.164,227,34,true,16
A*,Random20,129,0.297,169,34,true,25
Dijkstra,Random20,130,0.405,227,34,true,16
DFS,Random20,130,0.12,100,88,true,69
BFS,Random20,130,0.134,227,34,true,16
A*,Random20,130,0.261,169,34,true,25
Dijkstra,Random20,131,0.252,227,34,true,16
DFS,Random20,131,0.077,100,88,true,69
BFS,Random20,131,0.119,227,34,true,16
A*,Random20,131,0.279,169,34,true,25
Dijkstra,Random20,132,0.283,227,34,true,16
DFS,Random20,132,0.524,100,88,true,69
BFS,Random20,132,0.11,227,34,true,16
A*,Random20,132,0.208,169,34,true,25
Dijkstra,Random20,133,0.225,227,34,true,16
DFS,Random20,133,0.105,100,88,true,69
BFS,Random20,133,0.156,227,34,true,16
A*,Random20,133,0.292,169,34,true,25
Dijkstra,Random20,134,0.363,227,34,true,16
DFS,Random20,134,0.093,100,88,true,69
BFS,Random20,134,0.129,227,34,true,16
A*,Random20,134,0.295,169,34,true,25
Dijkstra,Random20,135,0.349,227,34,true,16
DFS,Random20,135,0.108,100,88,true,69
BFS,Random20,135,0.157,227,34,true,16
A*,Random20,135,0.344,169,34,true,25
Dijkstra,Random20,136,0.351,227,34,true,16
DFS,Random20,136,0.106,100,88,true,69
BFS,Random20,136,0.156,227,34,true,16
A*,Random20,136,0.348,169,34,true,25
Dijkstra,Random20,137,0.323,227,34,true,16
DFS,Random20,137,0.101,100,88,true,69
BFS,Random20,137,0.161,227,34,true,16
A*,Random20,137,1.303,169,34,true,25
Dijkstra,Random20,138,0.356,227,34,true,16
DFS,Random20,138,0.129,100,88,true,69
BFS,Random20,138,0.178,227,34,true,16
A*,Random20,138,0.281,169,34,true,25
Dijkstra,Random20,139,0.262,227,34,true,16
DFS,Random20,139,0.107,100,88,true,69
BFS,Random20,139,0.089,227,34,true,16
A*,Random20,139,0.295,169,34,true,25
Dijkstra,Random20,140,0.339,227,34,true,16
DFS,Random20,140,0.105,100,88,true,69
BFS,Random20,140,0.136,227,34,true,16
A*,Random20,140,0.616,169,34,true,25
Dijkstra,Random20,141,0.3,227,34,true,16
DFS,Random20,141,0.102,100,88,true,69
BFS,Random20,141,0.147,227,34,true,16
A*,Random20,141,0.268,169,34,true,25
Dijkstra,Random20,142,0.32,227,34,true,16
DFS,Random20,142,0.084,100,88,true,69
BFS,Random20,142,0.137,227,34,true,16
A*,Random20,142,0.347,169,34,true,25
Dijkstra,Random20,143,0.314,227,34,true,16
DFS,Random20,143,0.625,100,88,true,69
BFS,Random20,143,0.173,227,34,true,16
A*,Random20,143,0.352,169,34,true,25
Dijkstra,Random20,144,0.347,227,34,true,16
DFS,Random20,144,0.052,100,88,true,69
BFS,Random20,144,0.085,227,34,true,16
A*,Random20,144,0.213,169,34,true,25
Dijkstra,Random20,145,0.21,227,34,true,16
DFS,Random20,145,0.074,100,88,true,69
BFS,Random20,145,0.142,227,34,true,16
A*,Random20,145,0.275,169,34,true,25
Dijkstra,Random20,146,0.27,227,34,true,16
DFS,Random20,146,0.076,100,88,true,69
BFS,Random20,146,0.127,227,34,true,16
A*,Random20,146,0.207,169,34,true,25
Dijkstra,Random20,147,0.21,227,34,true,16
DFS,Random20,147,0.052,100,88,true,69
BFS,Random20,147,0.107,227,34,true,16
A*,Random20,147,0.212,169,34,true,25
Dijkstra,Random20,148,0.209,227,34,true,16
DFS,Random20,148,0.058,100,88,true,69
BFS,Random20,148,0.085,227,34,true,16
A*,Random20,148,0.602,169,34,true,25
Dijkstra,Random20,149,0.191,227,34,true,16
DFS,Random20,149,0.054,100,88,true,69
BFS,Random20,149,0.094,227,34,true,16
A*,Random20,149,0.204,169,34,true,25
Dijkstra,Random20,150,0.204,227,34,true,16
DFS,Random20,150,0.049,100,88,true,69
BFS,Random20,150,0.084,227,34,true,16
A*,Random20,150,0.208,169,34,true,25
Dijkstra,Random20,151,0.255,227,34,true,16
DFS,Random20,151,0.053,100,88,true,69
BFS,Random20,151,0.087,227,34,true,16
A*,Random20,151,0.249,169,34,true,25
Dijkstra,Random20,152,0.225,227,34,true,16
DFS,Random20,152,0.063,100,88,true,69
BFS,Random20,152,0.131,227,34,true,16
A*,Random20,152,0.415,169,34,true,25
Dijkstra,Random20,153,0.803,227,34,true,16
DFS,Random20,153,0.081,100,88,true,69
BFS,Random20,153,0.154,227,34,true,16
A*,Random20,153,0.322,169,34,true,25
Dijkstra,Random20,154,0.298,227,34,true,16
DFS,Random20,154,0.572,100,88,true,69
BFS,Random20,154,0.164,227,34,true,16
A*,Random20,154,0.355,169,34,true,25
Dijkstra,Random20,155,0.321,227,34,true,16
DFS,Random20,155,0.091,100,88,true,69
BFS,Random20,155,0.154,227,34,true,16
A*,Random20,155,0.354,169,34,true,25
Dijkstra,Random20,156,0.354,227,34,true,16
DFS,Random20,156,0.099,100,88,true,69
BFS,Random20,156,0.168,227,34,true,16
A*,Random20,156,0.351,169,34,true,25
Dijkstra,Random20,157,0.358,227,34,true,16
DFS,Random20,157,0.095,100,88,true,69
BFS,Random20,157,0.146,227,34,true,16
A*,Random20,157,0.211,169,34,true,25
Dijkstra,Random20,158,0.19,227,34,true,16
DFS,Random20,158,0.053,100,88,true,69
BFS,Random20,158,0.089,227,34,true,16
A*,Random20,158,0.215,169,34,true,25
Dijkstra,Random20,159,0.216,227,34,true,16
DFS,Random20,159,0.05,100,88,true,69
BFS,Random20,159,0.084,227,34,true,16
A*,Random20,159,0.568,169,34,true,25
Dijkstra,Random20,160,0.195,227,34,true,16
DFS,Random20,160,0.067,100,88,true,69
BFS,Random20,160,0.087,227,34,true,16
A*,Random20,160,0.206,169,34,true,25
Dijkstra,Random20,161,0.206,227,34,true,16
DFS,Random20,161,0.05,100,88,true,69
BFS,Random20,161,0.085,227,34,true,16
A*,Random20,161,0.202,169,34,true,25
Dijkstra,Random20,162,0.206,227,34,true,16
DFS,Random20,162,0.065,100,88,true,69
BFS,Random20,162,0.103,227,34,true,16
A*,Random20,162,0.185,169,34,true,25
Dijkstra,Random20,163,0.236,227,34,true,16
DFS,Random20,163,0.079,100,88,true,69
BFS,Random20,163,0.087,227,34,true,16
A*,Random20,163,0.659,169,34,true,25
Dijkstra,Random20,164,0.238,227,34,true,16
DFS,Random20,164,0.054,100,88,true,69
BFS,Random20,164,0.112,227,34,true,16
A*,Random20,164,0.189,169,34,true,25
Dijkstra,Random20,165,0.205,227,34,true,16
DFS,Random20,165,0.332,100,88,true,69
BFS,Random20,165,0.088,227,34,true,16
A*,Random20,165,0.187,169,34,true,25
Dijkstra,Random20,166,0.212,227,34,true,16
DFS,Random20,166,0.052,100,88,true,69
BFS,Random20,166,0.103,227,34,true,16
A*,Random20,166,0.185,169,34,true,25
Dijkstra,Random20,167,0.198,227,34,true,16
DFS,Random20,167,0.05,100,88,true,69
BFS,Random20,167,0.103,227,34,true,16
A*,Random20,167,0.203,169,34,true,25
Dijkstra,Random20,168,0.187,227,34,true,16
DFS,Random20,168,0.05,100,88,true,69
BFS,Random20,168,0.101,227,34,true,16
A*,Random20,168,0.184,169,34,true,25
Dijkstra,Random20,169,0.199,227,34,true,16
DFS,Random20,169,0.048,100,88,true,69
BFS,Random20,169,0.101,227,34,true,16
A*,Random20,169,0.191,169,34,true,25
Dijkstra,Random20,170,0.186,227,34,true,16
DFS,Random20,170,0.047,100,88,true,69
BFS,Random20,170,0.098,227,34,true,16
A*,Random20,170,0.545,169,34,true,25
Dijkstra,Random20,171,0.199,227,34,true,16
DFS,Random20,171,0.059,100,88,true,69
BFS,Random20,171,0.085,227,34,true,16
A*,Random20,171,0.207,169,34,true,25
Dijkstra,Random20,172,0.303,227,34,true,16
DFS,Random20,172,0.09,100,88,true,69
BFS,Random20,172,0.156,227,34,true,16
A*,Random20,172,0.374,169,34,true,25
Dijkstra,Random20,173,0.353,227,34,true,16
DFS,Random20,173,0.093,100,88,true,69
BFS,Random20,173,0.162,227,34,true,16
A*,Random20,173,0.346,169,34,true,25
Dijkstra,Random20,174,0.358,227,34,true,16
DFS,Random20,174,0.091,100,88,true,69
BFS,Random20,174,0.163,227,34,true,16
A*,Random20,174,0.366,169,34,true,25
Dijkstra,Random20,175,0.362,227,34,true,16
DFS,Random20,175,0.109,100,88,true,69
BFS,Random20,175,0.148,227,34,true,16
A*,Random20,175,0.386,169,34,true,25
Dijkstra,Random20,176,0.346,227,34,true,16
DFS,Random20,176,0.465,100,88,true,69
BFS,Random20,176,0.146,227,34,true,16
A*,Random20,176,0.334,169,34,true,25
Dijkstra,Random20,177,0.285,227,34,true,16
DFS,Random20,177,0.079,100,88,true,69
BFS,Random20,177,0.1,227,34,true,16
A*,Random20,177,0.216,169,34,true,25
Dijkstra,Random20,178,0.199,227,34,true,16
DFS,Random20,178,0.063,100,88,true,69
BFS,Random20,178,0.084,227,34,true,16
A*,Random20,178,0.209,169,34,true,25
Dijkstra,Random20,179,0.212,227,34,true,16
DFS,Random20,179,0.05,100,88,true,69
BFS,Random20,179,0.098,227,34,true,16
A*,Random20,179,0.19,169,34,true,25
Dijkstra,Random20,180,0.211,227,34,true,16
DFS,Random20,180,0.056,100,88,true,69
BFS,Random20,180,0.093,227,34,true,16
A*,Random20,180,0.219,169,34,true,25
Dijkstra,Random20,181,0.212,227,34,true,16
DFS,Random20,181,0.051,100,88,true,69
BFS,Random20,181,0.084,227,34,true,16
A*,Random20,181,0.792,169,34,true,25
Dijkstra,Random20,182,0.315,227,34,true,16
DFS,Random20,182,0.098,100,88,true,69
BFS,Random20,182,0.155,227,34,true,16
A*,Random20,182,0.352,169,34,true,25
Dijkstra,Random20,183,0.371,227,34,true,16
DFS,Random20,183,0.09,100,88,true,69
BFS,Random20,183,0.184,227,34,true,16
A*,Random20,183,0.219,169,34,true,25
Dijkstra,Random20,184,0.23,227,34,true,16
DFS,Random20,184,0.053,100,88,true,69
BFS,Random20,184,0.085,227,34,true,16
A*,Random20,184,0.206,169,34,true,25
Dijkstra,Random20,185,0.189,227,34,true,16
DFS,Random20,185,0.063,100,88,true,69
BFS,Random20,185,0.084,227,34,true,16
A*,Random20,185,0.205,169,34,true,25
Dijkstra,Random20,186,0.213,227,34,true,16
DFS,Random20,186,0.067,100,88,true,69
BFS,Random20,186,0.083,227,34,true,16
A*,Random20,186,0.253,169,34,true,25
Dijkstra,Random20,187,0.297,227,34,true,16
DFS,Random20,187,0.536,100,88,true,69
BFS,Random20,187,0.19,227,34,true,16
A*,Random20,187,0.389,169,34,true,25
Dijkstra,Random20,188,0.23,227,34,true,16
DFS,Random20,188,0.05,100,88,true,69
BFS,Random20,188,0.085,227,34,true,16
A*,Random20,188,0.197,169,34,true,25
Dijkstra,Random20,189,0.221,227,34,true,16
DFS,Random20,189,0.05,100,88,true,69
BFS,Random20,189,0.102,227,34,true,16
A*,Random20,189,0.232,169,34,true,25
Dijkstra,Random20,190,0.233,227,34,true,16
DFS,Random20,190,0.068,100,88,true,69
BFS,Random20,190,0.094,227,34,true,16
A*,Random20,190,0.251,169,34,true,25
Dijkstra,Random20,191,0.234,227,34,true,16
DFS,Random20,191,0.052,100,88,true,69
BFS,Random20,191,0.117,227,34,true,16
A*,Random20,191,0.254,169,34,true,25
Dijkstra,Random20,192,0.232,227,34,true,16
DFS,Random20,192,0.067,100,88,true,69
BFS,Random20,192,0.114,227,34,true,16
A*,Random20,192,0.693,169,34,true,25
Dijkstra,Random20,193,0.21,227,34,true,16
DFS,Random20,193,0.05,100,88,true,69
BFS,Random20,193,0.142,227,34,true,16
A*,Random20,193,0.353,169,34,true,25
Dijkstra,Random20,194,0.357,227,34,true,16
DFS,Random20,194,0.095,100,88,true,69
BFS,Random20,194,0.186,227,34,true,16
A*,Random20,194,0.354,169,34,true,25
Dijkstra,Random20,195,0.352,227,34,true,16
DFS,Random20,195,0.087,100,88,true,69
BFS,Random20,195,0.157,227,34,true,16
A*,Random20,195,0.349,169,34,true,25
Dijkstra,Random20,196,0.31,227,34,true,16
DFS,Random20,196,0.085,100,88,true,69
BFS,Random20,196,0.164,227,34,true,16
A*,Random20,196,0.29,169,34,true,25
Dijkstra,Random20,197,0.322,227,34,true,16
DFS,Random20,197,0.077,100,88,true,69
BFS,Random20,197,0.134,227,34,true,16
A*,Random20,197,0.295,169,34,true,25
Dijkstra,Random20,198,0.294,227,34,true,16
DFS,Random20,198,0.435,100,88,true,69
BFS,Random20,198,0.088,227,34,true,16
A*,Random20,198,0.217,169,34,true,25
Dijkstra,Random20,199,0.224,227,34,true,16
DFS,Random20,199,0.053,100,88,true,69
BFS,Random20,199,0.109,227,34,true,16
A*,Random20,199,0.203,169,34,true,25
Dijkstra,Random20,200,0.194,227,34,true,16
DFS,Random20,200,0.059,100,88,true,69
BFS,Random20,200,0.084,227,34,true,16
A*,Random20,200,0.219,169,34,true,25
Dijkstra,Random20,201,0.25,227,34,true,16
DFS,Random20,201,0.053,100,88,true,69
BFS,Random20,201,0.087,227,34,true,16
A*,Random20,201,0.207,169,34,true,25
Dijkstra,Random20,202,0.206,227,34,true,16
DFS,Random20,202,0.05,100,88,true,69
BFS,Random20,202,0.102,227,34,true,16
A*,Random20,202,0.193,169,34,true,25
Dijkstra,Random20,203,0.19,227,34,true,16
DFS,Random20,203,0.055,100,88,true,69
BFS,Random20,203,0.108,227,34,true,16
A*,Random20,203,0.592,169,34,true,25
Dijkstra,Random20,204,0.211,227,34,true,16
DFS,Random20,204,0.05,100,88,true,69
BFS,Random20,204,0.086,227,34,true,16
A*,Random20,204,0.204,169,34,true,25
Dijkstra,Random20,205,0.207,227,34,true,16
DFS,Random20,205,0.05,100,88,true,69
BFS,Random20,205,0.085,227,34,true,16
A*,Random20,205,0.203,169,34,true,25
Dijkstra,Random20,206,0.207,227,34,true,16
DFS,Random20,206,0.07,100,88,true,69
BFS,Random20,206,0.097,227,34,true,16
A*,Random20,206,0.188,169,34,true,25
Dijkstra,Random20,207,0.206,227,34,true,16
DFS,Random20,207,0.049,100,88,true,69
BFS,Random20,207,0.084,227,34,true,16
A*,Random20,207,0.202,169,34,true,25
Dijkstra,Random20,208,0.197,227,34,true,16
DFS,Random20,208,0.048,100,88,true,69
BFS,Random20,208,0.084,227,34,true,16
A*,Random20,208,0.183,169,34,true,25
Dijkstra,Random20,209,0.186,227,34,true,16
DFS,Random20,209,0.337,100,88,true,69
BFS,Random20,209,0.088,227,34,true,16
A*,Random20,209,0.296,169,34,true,25
Dijkstra,Random20,210,0.703,227,34,true,16
DFS,Random20,210,0.085,100,88,true,69
BFS,Random20,210,0.145,227,34,true,16
A*,Random20,210,0.297,169,34,true,25
Dijkstra,Random20,211,0.289,227,34,true,16
DFS,Random20,211,0.08,100,88,true,69
BFS,Random20,211,0.14,227,34,true,16
A*,Random20,211,0.29,169,34,true,25
Dijkstra,Random20,212,0.218,227,34,true,16
DFS,Random20,212,0.052,100,88,true,69
BFS,Random20,212,0.099,227,34,true,16
A*,Random20,212,0.209,169,34,true,25
Dijkstra,Random20,213,0.221,227,34,true,16
DFS,Random20,213,0.049,100,88,true,69
BFS,Random20,213,0.086,227,34,true,16
A*,Random20,213,0.212,169,34,true,25
Dijkstra,Random20,214,0.313,227,34,true,16
DFS,Random20,214,0.087,100,88,true,69
BFS,Random20,214,0.145,227,34,true,16
A*,Random20,214,0.754,169,34,true,25
Dijkstra,Random20,215,0.198,227,34,true,16
DFS,Random20,215,0.072,100,88,true,69
BFS,Random20,215,0.089,227,34,true,16
A*,Random20,215,0.207,169,34,true,25
Dijkstra,Random20,216,0.213,227,34,true,16
DFS,Random20,216,0.052,100,88,true,69
BFS,Random20,216,0.094,227,34,true,16
A*,Random20,216,0.381,169,34,true,25
Dijkstra,Random20,217,0.272,227,34,true,16
DFS,Random20,217,0.065,100,88,true,69
BFS,Random20,217,0.088,227,34,true,16
A*,Random20,217,0.236,169,34,true,25
Dijkstra,Random20,218,0.188,227,34,true,16
DFS,Random20,218,0.05,100,88,true,69
BFS,Random20,218,0.084,227,34,true,16
A*,Random20,218,0.184,169,34,true,25
Dijkstra,Random20,219,0.222,227,34,true,16
DFS,Random20,219,0.048,100,88,true,69
BFS,Random20,219,0.085,227,34,true,16
A*,Random20,219,0.209,169,34,true,25
Dijkstra,Random20,220,0.229,227,34,true,16
DFS,Random20,220,0.382,100,88,true,69
BFS,Random20,220,0.116,227,34,true,16
A*,Random20,220,0.189,169,34,true,25
Dijkstra,Random20,221,0.256,227,34,true,16
DFS,Random20,221,0.075,100,88,true,69
BFS,Random20,221,0.138,227,34,true,16
A*,Random20,221,0.68,169,34,true,25
Dijkstra,Random20,222,0.255,227,34,true,16
DFS,Random20,222,0.054,100,88,true,69
BFS,Random20,222,0.106,227,34,true,16
A*,Random20,222,0.281,169,34,true,25
Dijkstra,Random20,223,0.256,227,34,true,16
DFS,Random20,223,0.057,100,88,true,69
BFS,Random20,223,0.126,227,34,true,16
A*,Random20,223,0.191,169,34,true,25
Dijkstra,Random20,224,0.242,227,34,true,16
DFS,Random20,224,0.084,100,88,true,69
BFS,Random20,224,0.115,227,34,true,16
A*,Random20,224,0.227,169,34,true,25
Dijkstra,Random20,225,0.249,227,34,true,16
DFS,Random20,225,0.052,100,88,true,69
BFS,Random20,225,0.087,227,34,true,16
A*,Random20,225,0.579,169,34,true,25
Dijkstra,Random20,226,0.194,227,34,true,16
DFS,Random20,226,0.06,100,88,true,69
BFS,Random20,226,0.085,227,34,true,16
A*,Random20,226,0.204,169,34,true,25
Dijkstra,Random20,227,0.205,227,34,true,16
DFS,Random20,227,0.05,100,88,true,69
BFS,Random20,227,0.086,227,34,true,16
A*,Random20,227,0.201,169,34,true,25
Dijkstra,Random20,228,0.204,227,34,true,16
DFS,Random20,228,0.049,100,88,true,69
BFS,Random20,228,0.095,227,34,true,16
A*,Random20,228,0.189,169,34,true,25
Dijkstra,Random20,229,0.204,227,34,true,16
DFS,Random20,229,0.049,100,88,true,69
BFS,Random20,229,0.089,227,34,true,16
A*,Random20,229,0.253,169,34,true,25
Dijkstra,Random20,230,0.278,227,34,true,16
DFS,Random20,230,0.082,100,88,true,69
BFS,Random20,230,0.127,227,34,true,16
A*,Random20,230,0.277,169,34,true,25
Dijkstra,Random20,231,0.262,227,34,true,16
DFS,Random20,231,0.522,100,88,true,69
BFS,Random20,231,0.117,227,34,true,16
A*,Random20,231,0.22,169,34,true,25
Dijkstra,Random20,232,0.239,227,34,true,16
DFS,Random20,232,0.052,100,88,true,69
BFS,Random20,232,0.096,227,34,true,16
A*,Random20,232,0.275,169,34,true,25
Dijkstra,Random20,233,0.334,227,34,true,16
DFS,Random20,233,0.078,100,88,true,69
BFS,Random20,233,0.139,227,34,true,16
A*,Random20,233,0.302,169,34,true,25
Dijkstra,Random20,234,0.297,227,34,true,16
DFS,Random20,234,0.084,100,88,true,69
BFS,Random20,234,0.135,227,34,true,16
A*,Random20,234,0.291,169,34,true,25
Dijkstra,Random20,235,0.309,227,34,true,16
DFS,Random20,235,0.074,100,88,true,69
BFS,Random20,235,0.112,227,34,true,16
A*,Random20,235,0.219,169,34,true,25
Dijkstra,Random20,236,0.231,227,34,true,16
DFS,Random20,236,0.409,100,88,true,69
BFS,Random20,236,0.122,227,34,true,16
A*,Random20,236,1.35,169,34,true,25
Dijkstra,Random20,237,0.258,227,34,true,16
DFS,Random20,237,0.055,100,88,true,69
BFS,Random20,237,0.089,227,34,true,16
A*,Random20,237,0.252,169,34,true,25
Dijkstra,Random20,238,0.214,227,34,true,16
DFS,Random20,238,0.049,100,88,true,69
BFS,Random20,238,0.086,227,34,true,16
A*,Random20,238,0.186,169,34,true,25
Dijkstra,Random20,239,0.187,227,34,true,16
DFS,Random20,239,0.049,100,88,true,69
BFS,Random20,239,0.084,227,34,true,16
A*,Random20,239,0.185,169,34,true,25
Dijkstra,Random20,240,0.207,227,34,true,16
DFS,Random20,240,0.049,100,88,true,69
BFS,Random20,240,0.092,227,34,true,16
A*,Random20,240,0.188,169,34,true,25
Dijkstra,Random20,241,0.217,227,34,true,16
DFS,Random20,241,0.05,100,88,true,69
BFS,Random20,241,0.103,227,34,true,16
A*,Random20,241,0.185,169,34,true,25
Dijkstra,Random20,242,0.212,227,34,true,16
DFS,Random20,242,0.134,100,88,true,69
BFS,Random20,242,0.188,227,34,true,16
A*,Random20,242,0.313,169,34,true,25
Dijkstra,Random20,243,0.392,227,34,true,16
DFS,Random20,243,0.144,100,88,true,69
BFS,Random20,243,0.208,227,34,true,16
A*,Random20,243,0.354,169,34,true,25
Dijkstra,Random20,244,0.634,227,34,true,16
DFS,Random20,244,0.152,100,88,true,69
BFS,Random20,244,0.21,227,34,true,16
A*,Random20,244,0.421,169,34,true,25
Dijkstra,Random20,245,0.418,227,34,true,16
DFS,Random20,245,0.111,100,88,true,69
BFS,Random20,245,0.293,227,34,true,16
A*,Random20,245,0.378,169,34,true,25
Dijkstra,Random20,246,0.553,227,34,true,16
DFS,Random20,246,0.203,100,88,true,69
BFS,Random20,246,0.281,227,34,true,16
A*,Random20,246,0.384,169,34,true,25
Dijkstra,Random20,247,0.667,227,34,true,16
DFS,Random20,247,0.206,100,88,true,69
BFS,Random20,247,0.322,227,34,true,16
A*,Random20,247,1.062,169,34,true,25
Dijkstra,Random20,248,0.326,227,34,true,16
DFS,Random20,248,0.09,100,88,true,69
BFS,Random20,248,0.156,227,34,true,16
A*,Random20,248,0.343,169,34,true,25
Dijkstra,Random20,249,0.407,227,34,true,16
DFS,Random20,249,0.054,100,88,true,69
BFS,Random20,249,0.111,227,34,true,16
A*,Random20,249,0.285,169,34,true,25
Dijkstra,Random20,250,0.659,227,34,true,16
DFS,Random20,250,0.381,100,88,true,69
BFS,Random20,250,0.45,227,34,true,16
A*,Random20,250,0.575,169,34,true,25
Dijkstra,Random20,251,0.853,227,34,true,16
DFS,Random20,251,0.264,100,88,true,69
BFS,Random20,251,0.533,227,34,true,16
A*,Random20,251,0.771,169,34,true,25
Dijkstra,Random20,252,0.926,227,34,true,16
DFS,Random20,252,0.279,100,88,true,69
BFS,Random20,252,0.594,227,34,true,16
A*,Random20,252,0.801,169,34,true,25
Dijkstra,Random20,253,0.588,227,34,true,16
DFS,Random20,253,0.383,100,88,true,69
BFS,Random20,253,0.447,227,34,true,16
A*,Random20,253,1.132,169,34,true,25
Dijkstra,Random20,254,0.712,227,34,true,16
DFS,Random20,254,0.45,100,88,true,69
BFS,Random20,254,0.4,227,34,true,16
A*,Random20,254,1.023,169,34,true,25
Dijkstra,Random20,255,0.787,227,34,true,16
DFS,Random20,255,0.677,100,88,true,69
BFS,Random20,255,0.421,227,34,true,16
A*,Random20,255,0.873,169,34,true,25
Dijkstra,Random20,256,0.844,227,34,true,16
DFS,Random20,256,0.339,100,88,true,69
BFS,Random20,256,0.314,227,34,true,16
A*,Random20,256,0.79,169,34,true,25
Dijkstra,Random20,257,0.566,227,34,true,16
DFS,Random20,257,0.274,100,88,true,69
BFS,Random20,257,0.535,227,34,true,16
A*,Random20,257,0.573,169,34,true,25
Dijkstra,Random20,258,0.715,227,34,true,16
DFS,Random20,258,0.304,100,88,true,69
BFS,Random20,258,0.263,227,34,true,16
A*,Random20,258,0.436,169,34,true,25
Dijkstra,Random20,259,0.304,227,34,true,16
DFS,Random20,259,0.062,100,88,true,69
BFS,Random20,259,0.131,227,34,true,16
A*,Random20,259,0.201,169,34,true,25
Dijkstra,Random20,260,0.206,227,34,true,16
DFS,Random20,260,0.071,100,88,true,69
BFS,Random20,260,0.127,227,34,true,16
A*,Random20,260,0.239,169,34,true,25
Dijkstra,Random20,261,0.209,227,34,true,16
DFS,Random20,261,0.061,100,88,true,69
BFS,Random20,261,0.105,227,34,true,16
A*,Random20,261,0.277,169,34,true,25
Dijkstra,Random20,262,0.393,227,34,true,16
DFS,Random20,262,0.084,100,88,true,69
BFS,Random20,262,0.162,227,34,true,16
A*,Random20,262,0.303,169,34,true,25
Dijkstra,Random20,263,0.309,227,34,true,16
DFS,Random20,263,0.087,100,88,true,69
BFS,Random20,263,0.156,227,34,true,16
A*,Random20,263,0.358,169,34,true,25
Dijkstra,Random20,264,0.296,227,34,true,16
DFS,Random20,264,0.082,100,88,true,69
BFS,Random20,264,0.108,227,34,true,16
A*,Random20,264,0.242,169,34,true,25
Dijkstra,Random20,265,0.309,227,34,true,16
DFS,Random20,265,0.088,100,88,true,69
BFS,Random20,265,0.157,227,34,true,16
A*,Random20,265,0.438,169,34,true,25
Dijkstra,Random20,266,0.479,227,34,true,16
DFS,Random20,266,0.114,100,88,true,69
BFS,Random20,266,0.24,227,34,true,16
A*,Random20,266,0.384,169,34,true,25
Dijkstra,Random20,267,0.583,227,34,true,16
DFS,Random20,267,0.097,100,88,true,69
BFS,Random20,267,0.166,227,34,true,16
A*,Random20,267,0.384,169,34,true,25
Dijkstra,Random20,268,0.405,227,34,true,16
DFS,Random20,268,0.091,100,88,true,69
BFS,Random20,268,0.248,227,34,true,16
A*,Random20,268,0.254,169,34,true,25
Dijkstra,Random20,269,0.271,227,34,true,16
DFS,Random20,269,0.063,100,88,true,69
BFS,Random20,269,0.105,227,34,true,16
A*,Random20,269,0.201,169,34,true,25
Dijkstra,Random20,270,0.624,227,34,true,16
DFS,Random20,270,0.061,100,88,true,69
BFS,Random20,270,0.104,227,34,true,16
A*,Random20,270,0.222,169,34,true,25
Dijkstra,Random20,271,0.294,227,34,true,16
DFS,Random20,271,0.07,100,88,true,69
BFS,Random20,271,0.103,227,34,true,16
A*,Random20,271,0.2,169,34,true,25
Dijkstra,Random20,272,0.207,227,34,true,16
DFS,Random20,272,0.059,100,88,true,69
BFS,Random20,272,0.103,227,34,true,16
A*,Random20,272,0.216,169,34,true,25
Dijkstra,Random20,273,0.215,227,34,true,16
DFS,Random20,273,0.059,100,88,true,69
BFS,Random20,273,0.103,227,34,true,16
A*,Random20,273,0.274,169,34,true,25
Dijkstra,Random20,274,0.212,227,34,true,16
DFS,Random20,274,0.058,100,88,true,69
BFS,Random20,274,0.104,227,34,true,16
A*,Random20,274,0.198,169,34,true,25
Dijkstra,Random20,275,0.206,227,34,true,16
DFS,Random20,275,0.059,100,88,true,69
BFS,Random20,275,0.102,227,34,true,16
A*,Random20,275,0.214,169,34,true,25
Dijkstra,Random20,276,0.231,227,34,true,16
DFS,Random20,276,0.079,100,88,true,69
BFS,Random20,276,0.446,227,34,true,16
A*,Random20,276,0.347,169,34,true,25
Dijkstra,Random20,277,0.319,227,34,true,16
DFS,Random20,277,0.097,100,88,true,69
BFS,Random20,277,0.166,227,34,true,16
A*,Random20,277,0.33,169,34,true,25
Dijkstra,Random20,278,0.211,227,34,true,16
DFS,Random20,278,0.061,100,88,true,69
BFS,Random20,278,0.104,227,34,true,16
A*,Random20,278,0.217,169,34,true,25
Dijkstra,Random20,279,0.214,227,34,true,16
DFS,Random20,279,0.075,100,88,true,69
BFS,Random20,279,0.168,227,34,true,16
A*,Random20,279,0.285,169,34,true,25
Dijkstra,Random20,280,0.266,227,34,true,16
DFS,Random20,280,0.133,100,88,true,69
BFS,Random20,280,0.154,227,34,true,16
A*,Random20,280,0.342,169,34,true,25
Dijkstra,Random20,281,0.405,227,34,true,16
DFS,Random20,281,0.121,100,88,true,69
BFS,Random20,281,0.862,227,34,true,16
A*,Random20,281,0.44,169,34,true,25
Dijkstra,Random20,282,0.39,227,34,true,16
DFS,Random20,282,0.112,100,88,true,69
BFS,Random20,282,0.201,227,34,true,16
A*,Random20,282,0.384,169,34,true,25
Dijkstra,Random20,283,0.387,227,34,true,16
DFS,Random20,283,0.111,100,88,true,69
BFS,Random20,283,0.211,227,34,true,16
A*,Random20,283,0.386,169,34,true,25
Dijkstra,Random20,284,0.338,227,34,true,16
DFS,Random20,284,0.095,100,88,true,69
BFS,Random20,284,0.215,227,34,true,16
A*,Random20,284,0.671,169,34,true,25
Dijkstra,Random20,285,0.334,227,34,true,16
DFS,Random20,285,0.089,100,88,true,69
BFS,Random20,285,0.16,227,34,true,16
A*,Random20,285,0.32,169,34,true,25
Dijkstra,Random20,286,0.332,227,34,true,16
DFS,Random20,286,0.065,100,88,true,69
BFS,Random20,286,0.105,227,34,true,16
A*,Random20,286,0.202,169,34,true,25
Dijkstra,Random20,287,0.207,227,34,true,16
DFS,Random20,287,0.059,100,88,true,69
BFS,Random20,287,0.104,227,34,true,16
A*,Random20,287,0.198,169,34,true,25
Dijkstra,Random20,288,0.204,227,34,true,16
DFS,Random20,288,0.059,100,88,true,69
BFS,Random20,288,0.102,227,34,true,16
A*,Random20,288,0.198,169,34,true,25
Dijkstra,Random20,289,0.222,227,34,true,16
DFS,Random20,289,0.061,100,88,true,69
BFS,Random20,289,0.107,227,34,true,16
A*,Random20,289,0.222,169,34,true,25
Dijkstra,Random20,290,0.226,227,34,true,16
DFS,Random20,290,0.058,100,88,true,69
BFS,Random20,290,0.108,227,34,true,16
A*,Random20,290,0.208,169,34,true,25
Dijkstra,Random20,291,0.218,227,34,true,16
DFS,Random20,291,0.059,100,88,true,69
BFS,Random20,291,0.104,227,34,true,16
A*,Random20,291,0.199,169,34,true,25
Dijkstra,Random20,292,0.224,227,34,true,16
DFS,Random20,292,0.06,100,88,true,69
BFS,Random20,292,0.102,227,34,true,16
A*,Random20,292,0.209,169,34,true,25
Dijkstra,Random20,293,0.234,227,34,true,16
DFS,Random20,293,0.069,100,88,true,69
BFS,Random20,293,0.162,227,34,true,16
A*,Random20,293,0.219,169,34,true,25
Dijkstra,Random20,294,0.207,227,34,true,16
DFS,Random20,294,0.059,100,88,true,69
BFS,Random20,294,0.103,227,34,true,16
A*,Random20,294,0.225,169,34,true,25
Dijkstra,Random20,295,0.243,227,34,true,16
DFS,Random20,295,0.06,100,88,true,69
BFS,Random20,295,0.105,227,34,true,16
A*,Random20,295,0.256,169,34,true,25
Dijkstra,Random20,296,0.262,227,34,true,16
DFS,Random20,296,0.068,100,88,true,69
BFS,Random20,296,0.12,227,34,true,16
A*,Random20,296,0.331,169,34,true,25
Dijkstra,Random20,297,0.748,227,34,true,16
DFS,Random20,297,0.483,100,88,true,69
BFS,Random20,297,0.249,227,34,true,16
A*,Random20,297,0.47,169,34,true,25
Dijkstra,Random20,298,0.502,227,34,true,16
DFS,Random20,298,0.29,100,88,true,69
BFS,Random20,298,0.186,227,34,true,16
A*,Random20,298,0.378,169,34,true,25
Dijkstra,Random20,299,0.374,227,34,true,16
DFS,Random20,299,0.105,100,88,true,69
BFS,Random20,299,0.191,227,34,true,16
A*,Random20,299,0.366,169,34,true,25
Dijkstra,Random20,300,0.381,227,34,true,16
DFS,Random20,300,0.107,100,88,true,69
BFS,Random20,300,0.211,227,34,true,16
A*,Random20,300,0.326,169,34,true,25
Dijkstra,Random20,301,1.17,227,34,true,16
DFS,Random20,301,0.093,100,88,true,69
BFS,Random20,301,0.152,227,34,true,16
A*,Random20,301,0.314,169,34,true,25
Dijkstra,Random20,302,0.319,227,34,true,16
DFS,Random20,302,0.171,100,88,true,69
BFS,Random20,302,0.206,227,34,true,16
A*,Random20,302,0.617,169,34,true,25
Dijkstra,Random20,303,1.08,227,34,true,16
DFS,Random20,303,0.129,100,88,true,69
BFS,Random20,303,0.81,227,34,true,16
A*,Random20,303,0.44,169,34,true,25
Dijkstra,Random20,304,0.464,227,34,true,16
DFS,Random20,304,0.643,100,88,true,69
BFS,Random20,304,0.174,227,34,true,16
A*,Random20,304,0.409,169,34,true,25
Dijkstra,Random20,305,0.528,227,34,true,16
DFS,Random20,305,0.092,100,88,true,69
BFS,Random20,305,0.162,227,34,true,16
A*,Random20,305,0.406,169,34,true,25
Dijkstra,Random20,306,0.462,227,34,true,16
DFS,Random20,306,0.096,100,88,true,69
BFS,Random20,306,0.176,227,34,true,16
A*,Random20,306,0.32,169,34,true,25
Dijkstra,Random20,307,0.329,227,34,true,16
DFS,Random20,307,0.12,100,88,true,69
BFS,Random20,307,6.662,227,34,true,16
A*,Random20,307,0.561,169,34,true,25
Dijkstra,Random20,308,0.54,227,34,true,16
DFS,Random20,308,0.278,100,88,true,69
BFS,Random20,308,0.221,227,34,true,16
A*,Random20,308,0.58,169,34,true,25
Dijkstra,Random20,309,0.391,227,34,true,16
DFS,Random20,309,0.097,100,88,true,69
BFS,Random20,309,0.179,227,34,true,16
A*,Random20,309,0.426,169,34,true,25
Dijkstra,Random20,310,0.645,227,34,true,16
DFS,Random20,310,0.094,100,88,true,69
BFS,Random20,310,0.174,227,34,true,16
A*,Random20,310,0.368,169,34,true,25
Dijkstra,Random20,311,1.462,227,34,true,16
DFS,Random20,311,0.105,100,88,true,69
BFS,Random20,311,0.898,227,34,true,16
A*,Random20,311,3.891,169,34,true,25
Dijkstra,Random20,312,0.32,227,34,true,16
DFS,Random20,312,0.109,100,88,true,69
BFS,Random20,312,0.348,227,34,true,16
A*,Random20,312,0.43,169,34,true,25
Dijkstra,Random20,313,0.548,227,34,true,16
DFS,Random20,313,0.121,100,88,true,69
BFS,Random20,313,0.207,227,34,true,16
A*,Random20,313,0.831,169,34,true,25
Dijkstra,Random20,314,0.475,227,34,true,16
DFS,Random20,314,0.099,100,88,true,69
BFS,Random20,314,0.188,227,34,true,16
A*,Random20,314,0.413,169,34,true,25
Dijkstra,Random20,315,0.516,227,34,true,16
DFS,Random20,315,0.107,100,88,true,69
BFS,Random20,315,0.664,227,34,true,16
A*,Random20,315,0.857,169,34,true,25
Dijkstra,Random20,316,0.374,227,34,true,16
DFS,Random20,316,0.104,100,88,true,69
BFS,Random20,316,0.157,227,34,true,16
A*,Random20,316,0.353,169,34,true,25
Dijkstra,Random20,317,0.378,227,34,true,16
DFS,Random20,317,0.125,100,88,true,69
BFS,Random20,317,0.159,227,34,true,16
A*,Random20,317,0.371,169,34,true,25
Dijkstra,Random20,318,0.38,227,34,true,16
DFS,Random20,318,0.124,100,88,true,69
BFS,Random20,318,0.178,227,34,true,16
A*,Random20,318,0.347,169,34,true,25
Dijkstra,Random20,319,0.376,227,34,true,16
DFS,Random20,319,0.103,100,88,true,69
BFS,Random20,319,0.146,227,34,true,16
A*,Random20,319,0.411,169,34,true,25
Dijkstra,Random20,320,0.374,227,34,true,16
DFS,Random20,320,0.113,100,88,true,69
BFS,Random20,320,0.153,227,34,true,16
A*,Random20,320,0.327,169,34,true,25
Dijkstra,Random20,321,0.952,227,34,true,16
DFS,Random20,321,0.096,100,88,true,69
BFS,Random20,321,0.153,227,34,true,16
A*,Random20,321,0.579,169,34,true,25
Dijkstra,Random20,322,0.456,227,34,true,16
DFS,Random20,322,0.097,100,88,true,69
BFS,Random20,322,0.139,227,34,true,16
A*,Random20,322,0.36,169,34,true,25
Dijkstra,Random20,323,0.424,227,34,true,16
DFS,Random20,323,0.09,100,88,true,69
BFS,Random20,323,0.152,227,34,true,16
A*,Random20,323,0.372,169,34,true,25
Dijkstra,Random20,324,0.365,227,34,true,16
DFS,Random20,324,0.115,100,88,true,69
BFS,Random20,324,0.198,227,34,true,16
A*,Random20,324,0.399,169,34,true,25
Dijkstra,Random20,325,0.337,227,34,true,16
DFS,Random20,325,0.093,100,88,true,69
BFS,Random20,325,0.138,227,34,true,16
A*,Random20,325,0.306,169,34,true,25
Dijkstra,Random20,326,0.305,227,34,true,16
DFS,Random20,326,0.104,100,88,true,69
BFS,Random20,326,0.138,227,34,true,16
A*,Random20,326,0.322,169,34,true,25
Dijkstra,Random20,327,0.33,227,34,true,16
DFS,Random20,327,0.098,100,88,true,69
BFS,Random20,327,0.14,227,34,true,16
A*,Random20,327,0.337,169,34,true,25
Dijkstra,Random20,328,0.326,227,34,true,16
DFS,Random20,328,0.096,100,88,true,69
BFS,Random20,328,0.141,227,34,true,16
A*,Random20,328,0.972,169,34,true,25
Dijkstra,Random20,329,0.364,227,34,true,16
DFS,Random20,329,0.118,100,88,true,69
BFS,Random20,329,0.167,227,34,true,16
A*,Random20,329,0.35,169,34,true,25
Dijkstra,Random20,330,0.331,227,34,true,16
DFS,Random20,330,0.095,100,88,true,69
BFS,Random20,330,0.176,227,34,true,16
A*,Random20,330,0.41,169,34,true,25
Dijkstra,Random20,331,0.371,227,34,true,16
DFS,Random20,331,0.091,100,88,true,69
BFS,Random20,331,0.133,227,34,true,16
A*,Random20,331,0.399,169,34,true,25
Dijkstra,Random20,332,0.381,227,34,true,16
DFS,Random20,332,0.095,100,88,true,69
BFS,Random20,332,0.13,227,34,true,16
A*,Random20,332,0.312,169,34,true,25
Dijkstra,Random20,333,0.331,227,34,true,16
DFS,Random20,333,0.09,100,88,true,69
BFS,Random20,333,0.137,227,34,true,16
A*,Random20,333,0.669,169,34,true,25
Dijkstra,Random20,334,0.955,227,34,true,16
DFS,Random20,334,0.117,100,88,true,69
BFS,Random20,334,0.165,227,34,true,16
A*,Random20,334,0.31,169,34,true,25
Dijkstra,Random20,335,0.278,227,34,true,16
DFS,Random20,335,0.082,100,88,true,69
BFS,Random20,335,0.142,227,34,true,16
A*,Random20,335,0.317,169,34,true,25
Dijkstra,Random20,336,0.285,227,34,true,16
DFS,Random20,336,0.094,100,88,true,69
BFS,Random20,336,0.208,227,34,true,16
A*,Random20,336,0.739,169,34,true,25
Dijkstra,Random20,337,0.287,227,34,true,16
DFS,Random20,337,0.091,100,88,true,69
BFS,Random20,337,0.14,227,34,true,16
A*,Random20,337,0.303,169,34,true,25
Dijkstra,Random20,338,0.895,227,34,true,16
DFS,Random20,338,0.098,100,88,true,69
BFS,Random20,338,0.15,227,34,true,16
A*,Random20,338,0.352,169,34,true,25
Dijkstra,Random20,339,0.325,227,34,true,16
DFS,Random20,339,0.103,100,88,true,69
BFS,Random20,339,0.149,227,34,true,16
A*,Random20,339,0.318,169,34,true,25
Dijkstra,Random20,340,0.295,227,34,true,16
DFS,Random20,340,0.092,100,88,true,69
BFS,Random20,340,0.133,227,34,true,16
A*,Random20,340,0.355,169,34,true,25
Dijkstra,Random20,341,0.327,227,34,true,16
DFS,Random20,341,0.092,100,88,true,69
BFS,Random20,341,0.132,227,34,true,16
A*,Random20,341,0.308,169,34,true,25
Dijkstra,Random20,342,0.322,227,34,true,16
DFS,Random20,342,0.092,100,88,true,69
BFS,Random20,342,0.133,227,34,true,16
A*,Random20,342,0.299,169,34,true,25
Dijkstra,Random20,343,0.327,227,34,true,16
DFS,Random20,343,0.096,100,88,true,69
BFS,Random20,343,0.147,227,34,true,16
A*,Random20,343,0.344,169,34,true,25
Dijkstra,Random20,344,0.358,227,34,true,16
DFS,Random20,344,0.093,100,88,true,69
BFS,Random20,344,0.134,227,34,true,16
A*,Random20,344,0.929,169,34,true,25
Dijkstra,Random20,345,0.295,227,34,true,16
DFS,Random20,345,0.113,100,88,true,69
BFS,Random20,345,0.165,227,34,true,16
A*,Random20,345,0.369,169,34,true,25
Dijkstra,Random20,346,0.355,227,34,true,16
DFS,Random20,346,0.096,100,88,true,69
BFS,Random20,346,0.161,227,34,true,16
A*,Random20,346,0.348,169,34,true,25
Dijkstra,Random20,347,0.37,227,34,true,16
DFS,Random20,347,0.093,100,88,true,69
BFS,Random20,347,0.128,227,34,true,16
A*,Random20,347,0.314,169,34,true,25
Dijkstra,Random20,348,0.292,227,34,true,16
DFS,Random20,348,0.089,100,88,true,69
BFS,Random20,348,0.14,227,34,true,16
A*,Random20,348,0.309,169,34,true,25
Dijkstra,Random20,349,0.896,227,34,true,16
DFS,Random20,349,0.094,100,88,true,69
BFS,Random20,349,0.134,227,34,true,16
A*,Random20,349,0.301,169,34,true,25
Dijkstra,Random20,350,0.305,227,34,true,16
DFS,Random20,350,0.101,100,88,true,69
BFS,Random20,350,0.149,227,34,true,16
A*,Random20,350,0.338,169,34,true,25
Dijkstra,Random20,351,0.422,227,34,true,16
DFS,Random20,351,0.108,100,88,true,69
BFS,Random20,351,0.142,227,34,true,16
A*,Random20,351,0.325,169,34,true,25
Dijkstra,Random20,352,0.308,227,34,true,16
DFS,Random20,352,0.091,100,88,true,69
BFS,Random20,352,0.132,227,34,true,16
A*,Random20,352,0.318,169,34,true,25
Dijkstra,Random20,353,0.776,227,34,true,16
DFS,Random20,353,0.093,100,88,true,69
BFS,Random20,353,0.143,227,34,true,16
A*,Random20,353,0.307,169,34,true,25
Dijkstra,Random20,354,0.295,227,34,true,16
DFS,Random20,354,0.094,100,88,true,69
BFS,Random20,354,0.132,227,34,true,16
A*,Random20,354,0.287,169,34,true,25
Dijkstra,Random20,355,0.281,227,34,true,16
DFS,Random20,355,0.091,100,88,true,69
BFS,Random20,355,0.131,227,34,true,16
A*,Random20,355,0.313,169,34,true,25
Dijkstra,Random20,356,0.324,227,34,true,16
DFS,Random20,356,0.103,100,88,true,69
BFS,Random20,356,0.138,227,34,true,16
A*,Random20,356,0.318,169,34,true,25
Dijkstra,Random20,357,0.302,227,34,true,16
DFS,Random20,357,0.105,100,88,true,69
BFS,Random20,357,0.151,227,34,true,16
A*,Random20,357,0.356,169,34,true,25
Dijkstra,Random20,358,0.353,227,34,true,16
DFS,Random20,358,0.103,100,88,true,69
BFS,Random20,358,0.139,227,34,true,16
A*,Random20,358,0.349,169,34,true,25
Dijkstra,Random20,359,0.326,227,34,true,16
DFS,Random20,359,0.098,100,88,true,69
BFS,Random20,359,0.148,227,34,true,16
A*,Random20,359,0.366,169,34,true,25
Dijkstra,Random20,360,0.343,227,34,true,16
DFS,Random20,360,0.627,100,88,true,69
BFS,Random20,360,0.153,227,34,true,16
A*,Random20,360,0.333,169,34,true,25
Dijkstra,Random20,361,0.335,227,34,true,16
DFS,Random20,361,0.1,100,88,true,69
BFS,Random20,361,0.129,227,34,true,16
A*,Random20,361,0.302,169,34,true,25
Dijkstra,Random20,362,0.756,227,34,true,16
DFS,Random20,362,0.104,100,88,true,69
BFS,Random20,362,0.153,227,34,true,16
A*,Random20,362,0.354,169,34,true,25
Dijkstra,Random20,363,0.326,227,34,true,16
DFS,Random20,363,0.1,100,88,true,69
BFS,Random20,363,0.135,227,34,true,16
A*,Random20,363,0.32,169,34,true,25
Dijkstra,Random20,364,0.295,227,34,true,16
DFS,Random20,364,0.09,100,88,true,69
BFS,Random20,364,0.157,227,34,true,16
A*,Random20,364,0.496,169,34,true,25
Dijkstra,Random20,365,0.355,227,34,true,16
DFS,Random20,365,0.109,100,88,true,69
BFS,Random20,365,0.165,227,34,true,16
A*,Random20,365,0.375,169,34,true,25
Dijkstra,Random20,366,0.353,227,34,true,16
DFS,Random20,366,0.125,100,88,true,69
BFS,Random20,366,0.164,227,34,true,16
A*,Random20,366,0.357,169,34,true,25
Dijkstra,Random20,367,0.347,227,34,true,16
DFS,Random20,367,0.094,100,88,true,69
BFS,Random20,367,0.146,227,34,true,16
A*,Random20,367,0.435,169,34,true,25
Dijkstra,Random20,368,0.329,227,34,true,16
DFS,Random20,368,0.1,100,88,true,69
BFS,Random20,368,0.164,227,34,true,16
A*,Random20,368,0.367,169,34,true,25
Dijkstra,Random20,369,0.375,227,34,true,16
DFS,Random20,369,0.106,100,88,true,69
BFS,Random20,369,0.228,227,34,true,16
A*,Random20,369,0.364,169,34,true,25
Dijkstra,Random20,370,0.349,227,34,true,16
DFS,Random20,370,0.112,100,88,true,69
BFS,Random20,370,0.162,227,34,true,16
A*,Random20,370,0.325,169,34,true,25
Dijkstra,Random20,371,0.29,227,34,true,16
DFS,Random20,371,0.671,100,88,true,69
BFS,Random20,371,0.153,227,34,true,16
A*,Random20,371,0.357,169,34,true,25
Dijkstra,Random20,372,0.337,227,34,true,16
DFS,Random20,372,0.092,100,88,true,69
BFS,Random20,372,0.148,227,34,true,16
A*,Random20,372,0.366,169,34,true,25
Dijkstra,Random20,373,0.342,227,34,true,16
DFS,Random20,373,0.098,100,88,true,69
BFS,Random20,373,0.159,227,34,true,16
A*,Random20,373,0.359,169,34,true,25
Dijkstra,Random20,374,0.297,227,34,true,16
DFS,Random20,374,0.091,100,88,true,69
BFS,Random20,374,0.15,227,34,true,16
A*,Random20,374,0.348,169,34,true,25
Dijkstra,Random20,375,0.345,227,34,true,16
DFS,Random20,375,0.091,100,88,true,69
BFS,Random20,375,0.129,227,34,true,16
A*,Random20,375,0.291,169,34,true,25
Dijkstra,Random20,376,0.295,227,34,true,16
DFS,Random20,376,0.086,100,88,true,69
BFS,Random20,376,0.129,227,34,true,16
A*,Random20,376,0.341,169,34,true,25
Dijkstra,Random20,377,0.346,227,34,true,16
DFS,Random20,377,0.088,100,88,true,69
BFS,Random20,377,0.127,227,34,true,16
A*,Random20,377,0.438,169,34,true,25
Dijkstra,Random20,378,0.332,227,34,true,16
DFS,Random20,378,0.157,100,88,true,69
BFS,Random20,378,0.133,227,34,true,16
A*,Random20,378,0.31,169,34,true,25
Dijkstra,Random20,379,1.242,227,34,true,16
DFS,Random20,379,0.111,100,88,true,69
BFS,Random20,379,0.166,227,34,true,16
A*,Random20,379,0.371,169,34,true,25
Dijkstra,Random20,380,0.381,227,34,true,16
DFS,Random20,380,0.106,100,88,true,69
BFS,Random20,380,0.388,227,34,true,16
A*,Random20,380,0.355,169,34,true,25
Dijkstra,Random20,381,0.32,227,34,true,16
DFS,Random20,381,0.093,100,88,true,69
BFS,Random20,381,0.139,227,34,true,16
A*,Random20,381,0.501,169,34,true,25
Dijkstra,Random20,382,0.377,227,34,true,16
DFS,Random20,382,0.113,100,88,true,69
BFS,Random20,382,0.668,227,34,true,16
A*,Random20,382,0.334,169,34,true,25
Dijkstra,Random20,383,0.325,227,34,true,16
DFS,Random20,383,0.1,100,88,true,69
BFS,Random20,383,0.146,227,34,true,16
A*,Random20,383,0.338,169,34,true,25
Dijkstra,Random20,384,0.35,227,34,true,16
DFS,Random20,384,0.103,100,88,true,69
BFS,Random20,384,0.152,227,34,true,16
A*,Random20,384,0.343,169,34,true,25
Dijkstra,Random20,385,0.331,227,34,true,16
DFS,Random20,385,0.099,100,88,true,69
BFS,Random20,385,0.15,227,34,true,16
A*,Random20,385,0.341,169,34,true,25
Dijkstra,Random20,386,0.346,227,34,true,16
DFS,Random20,386,0.099,100,88,true,69
BFS,Random20,386,0.148,227,34,true,16
A*,Random20,386,0.864,169,34,true,25
Dijkstra,Random20,387,0.29,227,34,true,16
DFS,Random20,387,0.1,100,88,true,69
BFS,Random20,387,0.13,227,34,true,16
A*,Random20,387,0.371,169,34,true,25
Dijkstra,Random20,388,0.346,227,34,true,16
DFS,Random20,388,0.103,100,88,true,69
BFS,Random20,388,0.152,227,34,true,16
A*,Random20,388,0.416,169,34,true,25
Dijkstra,Random20,389,0.399,227,34,true,16
DFS,Random20,389,0.092,100,88,true,69
BFS,Random20,389,0.151,227,34,true,16
A*,Random20,389,0.342,169,34,true,25
Dijkstra,Random20,390,0.345,227,34,true,16
DFS,Random20,390,0.1,100,88,true,69
BFS,Random20,390,0.15,227,34,true,16
A*,Random20,390,0.402,169,34,true,25
Dijkstra,Random20,391,0.321,227,34,true,16
DFS,Random20,391,0.115,100,88,true,69
BFS,Random20,391,0.154,227,34,true,16
A*,Random20,391,0.362,169,34,true,25
Dijkstra,Random20,392,0.376,227,34,true,16
DFS,Random20,392,0.119,100,88,true,69
BFS,Random20,392,0.59,227,34,true,16
A*,Random20,392,0.313,169,34,true,25
Dijkstra,Random20,393,0.31,227,34,true,16
DFS,Random20,393,0.078,100,88,true,69
BFS,Random20,393,0.633,227,34,true,16
A*,Random20,393,0.322,169,34,true,25
Dijkstra,Random20,394,0.341,227,34,true,16
DFS,Random20,394,0.082,100,88,true,69
BFS,Random20,394,0.128,227,34,true,16
A*,Random20,394,0.932,169,34,true,25
Dijkstra,Random20,395,0.297,227,34,true,16
DFS,Random20,395,0.079,100,88,true,69
BFS,Random20,395,0.145,227,34,true,16
A*,Random20,395,0.305,169,34,true,25
Dijkstra,Random20,396,0.28,227,34,true,16
DFS,Random20,396,0.096,100,88,true,69
BFS,Random20,396,0.13,227,34,true,16
A*,Random20,396,0.314,169,34,true,25
Dijkstra,Random20,397,0.277,227,34,true,16
DFS,Random20,397,0.074,100,88,true,69
BFS,Random20,397,0.161,227,34,true,16
A*,Random20,397,0.354,169,34,true,25
Dijkstra,Random20,398,0.318,227,34,true,16
DFS,Random20,398,0.076,100,88,true,69
BFS,Random20,398,0.133,227,34,true,16
A*,Random20,398,0.32,169,34,true,25
Dijkstra,Random20,399,0.309,227,34,true,16
DFS,Random20,399,0.085,100,88,true,69
BFS,Random20,399,0.153,227,34,true,16
A*,Random20,399,0.325,169,34,true,25
Dijkstra,Random20,400,0.302,227,34,true,16
DFS,Random20,400,0.074,100,88,true,69
BFS,Random20,400,0.157,227,34,true,16
A*,Random20,400,0.313,169,34,true,25
Dijkstra,Random20,401,0.316,227,34,true,16
DFS,Random20,401,0.079,100,88,true,69
BFS,Random20,401,0.143,227,34,true,16
A*,Random20,401,0.308,169,34,true,25
Dijkstra,Random20,402,0.306,227,34,true,16
DFS,Random20,402,0.118,100,88,true,69
BFS,Random20,402,0.142,227,34,true,16
A*,Random20,402,0.328,169,34,true,25
Dijkstra,Random20,403,0.297,227,34,true,16
DFS,Random20,403,0.088,100,88,true,69
BFS,Random20,403,0.136,227,34,true,16
A*,Random20,403,0.409,169,34,true,25
Dijkstra,Random20,404,1.146,227,34,true,16
DFS,Random20,404,0.09,100,88,true,69
BFS,Random20,404,0.823,227,34,true,16
A*,Random20,404,0.302,169,34,true,25
Dijkstra,Random20,405,0.285,227,34,true,16
DFS,Random20,405,0.084,100,88,true,69
BFS,Random20,405,0.134,227,34,true,16
A*,Random20,405,0.348,169,34,true,25
Dijkstra,Random20,406,0.345,227,34,true,16
DFS,Random20,406,0.129,100,88,true,69
BFS,Random20,406,0.258,227,34,true,16
A*,Random20,406,0.534,169,34,true,25
Dijkstra,Random20,407,0.284,227,34,true,16
DFS,Random20,407,0.083,100,88,true,69
BFS,Random20,407,0.128,227,34,true,16
A*,Random20,407,0.394,169,34,true,25
Dijkstra,Random20,408,0.417,227,34,true,16
DFS,Random20,408,0.086,100,88,true,69
BFS,Random20,408,0.452,227,34,true,16
A*,Random20,408,0.497,169,34,true,25
Dijkstra,Random20,409,0.683,227,34,true,16
DFS,Random20,409,0.147,100,88,true,69
BFS,Random20,409,0.134,227,34,true,16
A*,Random20,409,0.311,169,34,true,25
Dijkstra,Random20,410,0.345,227,34,true,16
DFS,Random20,410,0.077,100,88,true,69
BFS,Random20,410,0.148,227,34,true,16
A*,Random20,410,0.376,169,34,true,25
Dijkstra,Random20,411,0.327,227,34,true,16
DFS,Random20,411,0.088,100,88,true,69
BFS,Random20,411,0.147,227,34,true,16
A*,Random20,411,0.305,169,34,true,25
Dijkstra,Random20,412,0.297,227,34,true,16
DFS,Random20,412,0.081,100,88,true,69
BFS,Random20,412,0.141,227,34,true,16
A*,Random20,412,0.318,169,34,true,25
Dijkstra,Random20,413,0.304,227,34,true,16
DFS,Random20,413,0.082,100,88,true,69
BFS,Random20,413,0.185,227,34,true,16
A*,Random20,413,0.307,169,34,true,25
Dijkstra,Random20,414,0.401,227,34,true,16
DFS,Random20,414,0.109,100,88,true,69
BFS,Random20,414,0.332,227,34,true,16
A*,Random20,414,0.429,169,34,true,25
Dijkstra,Random20,415,0.311,227,34,true,16
DFS,Random20,415,0.08,100,88,true,69
BFS,Random20,415,0.141,227,34,true,16
A*,Random20,415,0.934,169,34,true,25
Dijkstra,Random20,416,0.891,227,34,true,16
DFS,Random20,416,0.166,100,88,true,69
BFS,Random20,416,1.738,227,34,true,16
A*,Random20,416,2.168,169,34,true,25
Dijkstra,Random20,417,0.354,227,34,true,16
DFS,Random20,417,0.53,100,88,true,69
BFS,Random20,417,0.186,227,34,true,16
A*,Random20,417,0.361,169,34,true,25
Dijkstra,Random20,418,0.384,227,34,true,16
DFS,Random20,418,0.091,100,88,true,69
BFS,Random20,418,0.161,227,34,true,16
A*,Random20,418,0.35,169,34,true,25
Dijkstra,Random20,419,0.293,227,34,true,16
DFS,Random20,419,0.086,100,88,true,69
BFS,Random20,419,0.146,227,34,true,16
A*,Random20,419,0.298,169,34,true,25
Dijkstra,Random20,420,0.304,227,34,true,16
DFS,Random20,420,0.078,100,88,true,69
BFS,Random20,420,0.13,227,34,true,16
A*,Random20,420,0.658,169,34,true,25
Dijkstra,Random20,421,0.353,227,34,true,16
DFS,Random20,421,0.12,100,88,true,69
BFS,Random20,421,0.131,227,34,true,16
A*,Random20,421,0.379,169,34,true,25
Dijkstra,Random20,422,0.324,227,34,true,16
DFS,Random20,422,0.087,100,88,true,69
BFS,Random20,422,0.172,227,34,true,16
A*,Random20,422,0.346,169,34,true,25
Dijkstra,Random20,423,0.315,227,34,true,16
DFS,Random20,423,0.71,100,88,true,69
BFS,Random20,423,0.182,227,34,true,16
A*,Random20,423,0.303,169,34,true,25
Dijkstra,Random20,424,0.347,227,34,true,16
DFS,Random20,424,0.178,100,88,true,69
BFS,Random20,424,0.153,227,34,true,16
A*,Random20,424,0.35,169,34,true,25
Dijkstra,Random20,425,0.304,227,34,true,16
DFS,Random20,425,0.09,100,88,true,69
BFS,Random20,425,0.283,227,34,true,16
A*,Random20,425,0.962,169,34,true,25
Dijkstra,Random20,426,0.337,227,34,true,16
DFS,Random20,426,0.155,100,88,true,69
BFS,Random20,426,0.44,227,34,true,16
A*,Random20,426,0.99,169,34,true,25
Dijkstra,Random20,427,0.304,227,34,true,16
DFS,Random20,427,0.151,100,88,true,69
BFS,Random20,427,0.142,227,34,true,16
A*,Random20,427,1.161,169,34,true,25
Dijkstra,Random20,428,0.358,227,34,true,16
DFS,Random20,428,0.125,100,88,true,69
BFS,Random20,428,0.86,227,34,true,16
A*,Random20,428,0.605,169,34,true,25
Dijkstra,Random20,429,0.867,227,34,true,16
DFS,Random20,429,0.085,100,88,true,69
BFS,Random20,429,0.144,227,34,true,16
A*,Random20,429,0.303,169,34,true,25
Dijkstra,Random20,430,0.286,227,34,true,16
DFS,Random20,430,0.079,100,88,true,69
BFS,Random20,430,0.133,227,34,true,16
A*,Random20,430,0.306,169,34,true,25
Dijkstra,Random20,431,0.283,227,34,true,16
DFS,Random20,431,0.087,100,88,true,69
BFS,Random20,431,0.155,227,34,true,16
A*,Random20,431,0.297,169,34,true,25
Dijkstra,Random20,432,0.3,227,34,true,16
DFS,Random20,432,0.076,100,88,true,69
BFS,Random20,432,0.13,227,34,true,16
A*,Random20,432,0.38,169,34,true,25
Dijkstra,Random20,433,0.348,227,34,true,16
DFS,Random20,433,0.083,100,88,true,69
BFS,Random20,433,0.152,227,34,true,16
A*,Random20,433,0.319,169,34,true,25
Dijkstra,Random20,434,0.281,227,34,true,16
DFS,Random20,434,0.073,100,88,true,69
BFS,Random20,434,0.15,227,34,true,16
A*,Random20,434,0.297,169,34,true,25
Dijkstra,Random20,435,0.302,227,34,true,16
DFS,Random20,435,0.078,100,88,true,69
BFS,Random20,435,0.148,227,34,true,16
A*,Random20,435,0.434,169,34,true,25
Dijkstra,Random20,436,0.428,227,34,true,16
DFS,Random20,436,0.144,100,88,true,69
BFS,Random20,436,1.26,227,34,true,16
A*,Random20,436,1.408,169,34,true,25
Dijkstra,Random20,437,1.58,227,34,true,16
DFS,Random20,437,0.222,100,88,true,69
BFS,Random20,437,0.199,227,34,true,16
A*,Random20,437,0.938,169,34,true,25
Dijkstra,Random20,438,0.46,227,34,true,16
DFS,Random20,438,0.076,100,88,true,69
BFS,Random20,438,0.287,227,34,true,16
A*,Random20,438,0.415,169,34,true,25
Dijkstra,Random20,439,0.673,227,34,true,16
DFS,Random20,439,0.082,100,88,true,69
BFS,Random20,439,0.323,227,34,true,16
A*,Random20,439,0.305,169,34,true,25
Dijkstra,Random20,440,0.321,227,34,true,16
DFS,Random20,440,0.102,100,88,true,69
BFS,Random20,440,0.137,227,34,true,16
A*,Random20,440,1.019,169,34,true,25
Dijkstra,Random20,441,0.378,227,34,true,16
DFS,Random20,441,0.079,100,88,true,69
BFS,Random20,441,0.133,227,34,true,16
A*,Random20,441,0.506,169,34,true,25
Dijkstra,Random20,442,0.382,227,34,true,16
DFS,Random20,442,0.142,100,88,true,69
BFS,Random20,442,0.28,227,34,true,16
A*,Random20,442,0.402,169,34,true,25
Dijkstra,Random20,443,0.347,227,34,true,16
DFS,Random20,443,0.135,100,88,true,69
BFS,Random20,443,0.179,227,34,true,16
A*,Random20,443,0.826,169,34,true,25
Dijkstra,Random20,444,0.408,227,34,true,16
DFS,Random20,444,0.104,100,88,true,69
BFS,Random20,444,0.237,227,34,true,16
A*,Random20,444,0.527,169,34,true,25
Dijkstra,Random20,445,0.559,227,34,true,16
DFS,Random20,445,0.082,100,88,true,69
BFS,Random20,445,0.325,227,34,true,16
A*,Random20,445,5.367,169,34,true,25
Dijkstra,Random20,446,0.509,227,34,true,16
DFS,Random20,446,0.094,100,88,true,69
BFS,Random20,446,0.359,227,34,true,16
A*,Random20,446,0.86,169,34,true,25
Dijkstra,Random20,447,0.297,227,34,true,16
DFS,Random20,447,0.082,100,88,true,69
BFS,Random20,447,0.161,227,34,true,16
A*,Random20,447,0.47,169,34,true,25
Dijkstra,Random20,448,0.353,227,34,true,16
DFS,Random20,448,0.093,100,88,true,69
BFS,Random20,448,0.187,227,34,true,16
A*,Random20,448,1.094,169,34,true,25
Dijkstra,Random20,449,0.389,227,34,true,16
DFS,Random20,449,0.085,100,88,true,69
BFS,Random20,449,0.142,227,34,true,16
A*,Random20,449,0.46,169,34,true,25
Dijkstra,Random20,450,0.352,227,34,true,16
DFS,Random20,450,0.141,100,88,true,69
BFS,Random20,450,0.423,227,34,true,16
A*,Random20,450,0.908,169,34,true,25
Dijkstra,Random20,451,1.778,227,34,true,16
DFS,Random20,451,0.081,100,88,true,69
BFS,Random20,451,0.137,227,34,true,16
A*,Random20,451,1.93,169,34,true,25
Dijkstra,Random20,452,0.484,227,34,true,16
DFS,Random20,452,0.087,100,88,true,69
BFS,Random20,452,0.132,227,34,true,16
A*,Random20,452,0.387,169,34,true,25
Dijkstra,Random20,453,0.333,227,34,true,16
DFS,Random20,453,0.093,100,88,true,69
BFS,Random20,453,0.162,227,34,true,16
A*,Random20,453,0.836,169,34,true,25
Dijkstra,Random20,454,0.32,227,34,true,16
DFS,Random20,454,0.079,100,88,true,69
BFS,Random20,454,0.3,227,34,true,16
A*,Random20,454,0.436,169,34,true,25
Dijkstra,Random20,455,0.347,227,34,true,16
DFS,Random20,455,0.081,100,88,true,69
BFS,Random20,455,0.142,227,34,true,16
A*,Random20,455,0.861,169,34,true,25
Dijkstra,Random20,456,0.325,227,34,true,16
DFS,Random20,456,0.08,100,88,true,69
BFS,Random20,456,0.148,227,34,true,16
A*,Random20,456,0.308,169,34,true,25
Dijkstra,Random20,457,0.326,227,34,true,16
DFS,Random20,457,0.077,100,88,true,69
BFS,Random20,457,0.224,227,34,true,16
A*,Random20,457,0.456,169,34,true,25
Dijkstra,Random20,458,0.347,227,34,true,16
DFS,Random20,458,0.089,100,88,true,69
BFS,Random20,458,0.225,227,34,true,16
A*,Random20,458,0.367,169,34,true,25
Dijkstra,Random20,459,0.489,227,34,true,16
DFS,Random20,459,0.119,100,88,true,69
BFS,Random20,459,0.269,227,34,true,16
A*,Random20,459,1.22,169,34,true,25
Dijkstra,Random20,460,2.959,227,34,true,16
DFS,Random20,460,0.833,100,88,true,69
BFS,Random20,460,0.664,227,34,true,16
A*,Random20,460,2.273,169,34,true,25
Dijkstra,Random20,461,1.049,227,34,true,16
DFS,Random20,461,0.106,100,88,true,69
BFS,Random20,461,0.167,227,34,true,16
A*,Random20,461,0.335,169,34,true,25
Dijkstra,Random20,462,0.292,227,34,true,16
DFS,Random20,462,0.081,100,88,true,69
BFS,Random20,462,0.616,227,34,true,16
A*,Random20,462,0.609,169,34,true,25
Dijkstra,Random20,463,0.313,227,34,true,16
DFS,Random20,463,0.094,100,88,true,69
BFS,Random20,463,0.271,227,34,true,16
A*,Random20,463,0.294,169,34,true,25
Dijkstra,Random20,464,0.355,227,34,true,16
DFS,Random20,464,0.078,100,88,true,69
BFS,Random20,464,0.137,227,34,true,16
A*,Random20,464,0.3,169,34,true,25
Dijkstra,Random20,465,0.441,227,34,true,16
DFS,Random20,465,0.096,100,88,true,69
BFS,Random20,465,0.132,227,34,true,16
A*,Random20,465,0.403,169,34,true,25
Dijkstra,Random20,466,0.311,227,34,true,16
DFS,Random20,466,0.077,100,88,true,69
BFS,Random20,466,0.154,227,34,true,16
A*,Random20,466,0.343,169,34,true,25
Dijkstra,Random20,467,0.339,227,34,true,16
DFS,Random20,467,0.115,100,88,true,69
BFS,Random20,467,0.131,227,34,true,16
A*,Random20,467,0.972,169,34,true,25
Dijkstra,Random20,468,2.074,227,34,true,16
DFS,Random20,468,4.411,100,88,true,69
BFS,Random20,468,0.267,227,34,true,16
A*,Random20,468,0.674,169,34,true,25
Dijkstra,Random20,469,0.785,227,34,true,16
DFS,Random20,469,0.077,100,88,true,69
BFS,Random20,469,0.224,227,34,true,16
A*,Random20,469,0.314,169,34,true,25
Dijkstra,Random20,470,0.303,227,34,true,16
DFS,Random20,470,0.09,100,88,true,69
BFS,Random20,470,0.158,227,34,true,16
A*,Random20,470,0.845,169,34,true,25
Dijkstra,Random20,471,0.291,227,34,true,16
DFS,Random20,471,0.087,100,88,true,69
BFS,Random20,471,0.167,227,34,true,16
A*,Random20,471,0.385,169,34,true,25
Dijkstra,Random20,472,0.802,227,34,true,16
DFS,Random20,472,0.218,100,88,true,69
BFS,Random20,472,0.144,227,34,true,16
A*,Random20,472,0.303,169,34,true,25
Dijkstra,Random20,473,0.381,227,34,true,16
DFS,Random20,473,0.097,100,88,true,69
BFS,Random20,473,0.218,227,34,true,16
A*,Random20,473,0.313,169,34,true,25
Dijkstra,Random20,474,0.548,227,34,true,16
DFS,Random20,474,0.212,100,88,true,69
BFS,Random20,474,0.135,227,34,true,16
A*,Random20,474,0.783,169,34,true,25
Dijkstra,Random20,475,0.713,227,34,true,16
DFS,Random20,475,0.269,100,88,true,69
BFS,Random20,475,0.177,227,34,true,16
A*,Random20,475,0.432,169,34,true,25
Dijkstra,Random20,476,0.332,227,34,true,16
DFS,Random20,476,0.081,100,88,true,69
BFS,Random20,476,0.142,227,34,true,16
A*,Random20,476,0.314,169,34,true,25
Dijkstra,Random20,477,0.298,227,34,true,16
DFS,Random20,477,0.074,100,88,true,69
BFS,Random20,477,0.134,227,34,true,16
A*,Random20,477,0.375,169,34,true,25
Dijkstra,Random20,478,0.463,227,34,true,16
DFS,Random20,478,0.08,100,88,true,69
BFS,Random20,478,0.139,227,34,true,16
A*,Random20,478,0.344,169,34,true,25
Dijkstra,Random20,479,0.294,227,34,true,16
DFS,Random20,479,0.103,100,88,true,69
BFS,Random20,479,0.141,227,34,true,16
A*,Random20,479,0.501,169,34,true,25
Dijkstra,Random20,480,0.445,227,34,true,16
DFS,Random20,480,0.108,100,88,true,69
BFS,Random20,480,0.158,227,34,true,16
A*,Random20,480,0.343,169,34,true,25
Dijkstra,Random20,481,0.367,227,34,true,16
DFS,Random20,481,0.075,100,88,true,69
BFS,Random20,481,0.138,227,34,true,16
A*,Random20,481,0.368,169,34,true,25
Dijkstra,Random20,482,0.356,227,34,true,16
DFS,Random20,482,0.106,100,88,true,69
BFS,Random20,482,0.245,227,34,true,16
A*,Random20,482,0.617,169,34,true,25
Dijkstra,Random20,483,0.377,227,34,true,16
DFS,Random20,483,0.077,100,88,true,69
BFS,Random20,483,0.196,227,34,true,16
A*,Random20,483,0.418,169,34,true,25
Dijkstra,Random20,484,0.407,227,34,true,16
DFS,Random20,484,0.083,100,88,true,69
BFS,Random20,484,0.171,227,34,true,16
A*,Random20,484,0.329,169,34,true,25
Dijkstra,Random20,485,0.301,227,34,true,16
DFS,Random20,485,0.08,100,88,true,69
BFS,Random20,485,0.16,227,34,true,16
A*,Random20,485,0.313,169,34,true,25
Dijkstra,Random20,486,0.352,227,34,true,16
DFS,Random20,486,0.078,100,88,true,69
BFS,Random20,486,0.138,227,34,true,16
A*,Random20,486,0.884,169,34,true,25
Dijkstra,Random20,487,0.281,227,34,true,16
DFS,Random20,487,0.076,100,88,true,69
BFS,Random20,487,0.136,227,34,true,16
A*,Random20,487,0.31,169,34,true,25
Dijkstra,Random20,488,0.301,227,34,true,16
DFS,Random20,488,0.076,100,88,true,69
BFS,Random20,488,0.686,227,34,true,16
A*,Random20,488,0.327,169,34,true,25
Dijkstra,Random20,489,0.321,227,34,true,16
DFS,Random20,489,0.078,100,88,true,69
BFS,Random20,489,0.149,227,34,true,16
A*,Random20,489,0.311,169,34,true,25
Dijkstra,Random20,490,0.29,227,34,true,16
DFS,Random20,490,0.083,100,88,true,69
BFS,Random20,490,0.157,227,34,true,16
A*,Random20,490,0.311,169,34,true,25
Dijkstra,Random20,491,0.415,227,34,true,16
DFS,Random20,491,0.096,100,88,true,69
BFS,Random20,491,0.152,227,34,true,16
A*,Random20,491,0.306,169,34,true,25
Dijkstra,Random20,492,0.316,227,34,true,16
DFS,Random20,492,0.095,100,88,true,69
BFS,Random20,492,0.152,227,34,true,16
A*,Random20,492,0.301,169,34,true,25
Dijkstra,Random20,493,0.883,227,34,true,16
DFS,Random20,493,0.086,100,88,true,69
BFS,Random20,493,0.169,227,34,true,16
A*,Random20,493,0.365,169,34,true,25
Dijkstra,Random20,494,0.402,227,34,true,16
DFS,Random20,494,0.592,100,88,true,69
BFS,Random20,494,0.152,227,34,true,16
A*,Random20,494,0.325,169,34,true,25
Dijkstra,Random20,495,0.314,227,34,true,16
DFS,Random20,495,0.085,100,88,true,69
BFS,Random20,495,0.137,227,34,true,16
A*,Random20,495,0.328,169,34,true,25
Dijkstra,Random20,496,0.327,227,34,true,16
DFS,Random20,496,0.053,100,88,true,69
BFS,Random20,496,0.112,227,34,true,16
A*,Random20,496,0.307,169,34,true,25
Dijkstra,Random20,497,0.306,227,34,true,16
DFS,Random20,497,0.052,100,88,true,69
BFS,Random20,497,0.09,227,34,true,16
A*,Random20,497,0.239,169,34,true,25
Dijkstra,Random20,498,0.29,227,34,true,16
DFS,Random20,498,0.075,100,88,true,69
BFS,Random20,498,0.095,227,34,true,16
A*,Random20,498,0.2,169,34,true,25
Dijkstra,Random20,499,0.191,227,34,true,16
DFS,Random20,499,0.049,100,88,true,69
BFS,Random20,499,0.087,227,34,true,16
A*,Random20,499,0.23,169,34,true,25
Dijkstra,Random20,500,0.221,227,34,true,16
DFS,Random20,500,0.05,100,88,true,69
BFS,Random20,500,0.112,227,34,true,16
A*,Random20,500,0.252,169,34,true,25
Dijkstra,Maze,1,0.108,83,34,true,5
DFS,Maze,1,0.095,102,34,true,17
BFS,Maze,1,0.057,83,34,true,5
A*,Maze,1,0.092,64,34,true,8
Dijkstra,Maze,2,0.08,83,34,true,5
DFS,Maze,2,0.086,102,34,true,17
BFS,Maze,2,0.055,83,34,true,5
A*,Maze,2,0.065,64,34,true,8
Dijkstra,Maze,3,0.08,83,34,true,5
DFS,Maze,3,0.075,102,34,true,17
BFS,Maze,3,0.048,83,34,true,5
A*,Maze,3,0.073,64,34,true,8
Dijkstra,Maze,4,0.073,83,34,true,5
DFS,Maze,4,0.074,102,34,true,17
BFS,Maze,4,0.046,83,34,true,5
A*,Maze,4,0.594,64,34,true,8
Dijkstra,Maze,5,0.079,83,34,true,5
DFS,Maze,5,0.074,102,34,true,17
BFS,Maze,5,0.053,83,34,true,5
A*,Maze,5,0.077,64,34,true,8
Dijkstra,Maze,6,0.077,83,34,true,5
DFS,Maze,6,0.076,102,34,true,17
BFS,Maze,6,0.049,83,34,true,5
A*,Maze,6,0.074,64,34,true,8
Dijkstra,Maze,7,0.09,83,34,true,5
DFS,Maze,7,0.07,102,34,true,17
BFS,Maze,7,0.055,83,34,true,5
A*,Maze,7,0.074,64,34,true,8
Dijkstra,Maze,8,0.07,83,34,true,5
DFS,Maze,8,0.074,102,34,true,17
BFS,Maze,8,0.052,83,34,true,5
A*,Maze,8,0.07,64,34,true,8
Dijkstra,Maze,9,0.077,83,34,true,5
DFS,Maze,9,0.08,102,34,true,17
BFS,Maze,9,0.046,83,34,true,5
A*,Maze,9,0.079,64,34,true,8
Dijkstra,Maze,10,0.086,83,34,true,5
DFS,Maze,10,0.075,102,34,true,17
BFS,Maze,10,0.047,83,34,true,5
A*,Maze,10,0.076,64,34,true,8
Dijkstra,Maze,11,0.08,83,34,true,5
DFS,Maze,11,0.072,102,34,true,17
BFS,Maze,11,0.047,83,34,true,5
A*,Maze,11,0.057,64,34,true,8
Dijkstra,Maze,12,0.052,83,34,true,5
DFS,Maze,12,0.205,102,34,true,17
BFS,Maze,12,0.108,83,34,true,5
A*,Maze,12,0.092,64,34,true,8
Dijkstra,Maze,13,0.079,83,34,true,5
DFS,Maze,13,0.072,102,34,true,17
BFS,Maze,13,0.053,83,34,true,5
A*,Maze,13,0.078,64,34,true,8
Dijkstra,Maze,14,0.076,83,34,true,5
DFS,Maze,14,0.076,102,34,true,17
BFS,Maze,14,0.05,83,34,true,5
A*,Maze,14,0.07,64,34,true,8
Dijkstra,Maze,15,0.07,83,34,true,5
DFS,Maze,15,0.065,102,34,true,17
BFS,Maze,15,0.048,83,34,true,5
A*,Maze,15,0.078,64,34,true,8
Dijkstra,Maze,16,0.128,83,34,true,5
DFS,Maze,16,0.091,102,34,true,17
BFS,Maze,16,0.049,83,34,true,5
A*,Maze,16,0.072,64,34,true,8
Dijkstra,Maze,17,0.079,83,34,true,5
DFS,Maze,17,0.075,102,34,true,17
BFS,Maze,17,0.051,83,34,true,5
A*,Maze,17,0.094,64,34,true,8
Dijkstra,Maze,18,0.08,83,34,true,5
DFS,Maze,18,0.073,102,34,true,17
BFS,Maze,18,0.054,83,34,true,5
A*,Maze,18,0.07,64,34,true,8
Dijkstra,Maze,19,0.069,83,34,true,5
DFS,Maze,19,0.067,102,34,true,17
BFS,Maze,19,0.052,83,34,true,5
A*,Maze,19,0.091,64,34,true,8
Dijkstra,Maze,20,0.075,83,34,true,5
DFS,Maze,20,0.07,102,34,true,17
BFS,Maze,20,0.053,83,34,true,5
A*,Maze,20,0.1,64,34,true,8
Dijkstra,Maze,21,0.094,83,34,true,5
DFS,Maze,21,0.1,102,34,true,17
BFS,Maze,21,0.062,83,34,true,5
A*,Maze,21,0.071,64,34,true,8
Dijkstra,Maze,22,0.084,83,34,true,5
DFS,Maze,22,0.07,102,34,true,17
BFS,Maze,22,0.054,83,34,true,5
A*,Maze,22,0.088,64,34,true,8
Dijkstra,Maze,23,0.078,83,34,true,5
DFS,Maze,23,0.073,102,34,true,17
BFS,Maze,23,0.048,83,34,true,5
A*,Maze,23,0.077,64,34,true,8
Dijkstra,Maze,24,0.078,83,34,true,5
DFS,Maze,24,0.065,102,34,true,17
BFS,Maze,24,0.051,83,34,true,5
A*,Maze,24,0.073,64,34,true,8
Dijkstra,Maze,25,0.074,83,34,true,5
DFS,Maze,25,0.084,102,34,true,17
BFS,Maze,25,0.031,83,34,true,5
A*,Maze,25,0.049,64,34,true,8
Dijkstra,Maze,26,0.068,83,34,true,5
DFS,Maze,26,0.072,102,34,true,17
BFS,Maze,26,0.053,83,34,true,5
A*,Maze,26,0.182,64,34,true,8
Dijkstra,Maze,27,0.111,83,34,true,5
DFS,Maze,27,0.095,102,34,true,17
BFS,Maze,27,0.068,83,34,true,5
A*,Maze,27,0.102,64,34,true,8
Dijkstra,Maze,28,0.104,83,34,true,5
DFS,Maze,28,0.092,102,34,true,17
BFS,Maze,28,0.068,83,34,true,5
A*,Maze,28,0.1,64,34,true,8
Dijkstra,Maze,29,0.102,83,34,true,5
DFS,Maze,29,0.092,102,34,true,17
BFS,Maze,29,0.065,83,34,true,5
A*,Maze,29,0.099,64,34,true,8
Dijkstra,Maze,30,0.61,83,34,true,5
DFS,Maze,30,0.095,102,34,true,17
BFS,Maze,30,0.068,83,34,true,5
A*,Maze,30,0.1,64,34,true,8
Dijkstra,Maze,31,0.103,83,34,true,5
DFS,Maze,31,0.094,102,34,true,17
BFS,Maze,31,0.041,83,34,true,5
A*,Maze,31,0.081,64,34,true,8
Dijkstra,Maze,32,0.079,83,34,true,5
DFS,Maze,32,0.074,102,34,true,17
BFS,Maze,32,0.055,83,34,true,5
A*,Maze,32,0.076,64,34,true,8
Dijkstra,Maze,33,0.081,83,34,true,5
DFS,Maze,33,0.066,102,34,true,17
BFS,Maze,33,0.05,83,34,true,5
A*,Maze,33,0.097,64,34,true,8
Dijkstra,Maze,34,0.08,83,34,true,5
DFS,Maze,34,0.079,102,34,true,17
BFS,Maze,34,0.051,83,34,true,5
A*,Maze,34,0.09,64,34,true,8
Dijkstra,Maze,35,0.077,83,34,true,5
DFS,Maze,35,0.077,102,34,true,17
BFS,Maze,35,0.055,83,34,true,5
A*,Maze,35,0.089,64,34,true,8
Dijkstra,Maze,36,0.08,83,34,true,5
DFS,Maze,36,0.084,102,34,true,17
BFS,Maze,36,0.052,83,34,true,5
A*,Maze,36,0.086,64,34,true,8
Dijkstra,Maze,37,0.074,83,34,true,5
DFS,Maze,37,0.073,102,34,true,17
BFS,Maze,37,0.052,83,34,true,5
A*,Maze,37,0.084,64,34,true,8
Dijkstra,Maze,38,0.076,83,34,true,5
DFS,Maze,38,0.073,102,34,true,17
BFS,Maze,38,0.052,83,34,true,5
A*,Maze,38,0.081,64,34,true,8
Dijkstra,Maze,39,0.136,83,34,true,5
DFS,Maze,39,0.088,102,34,true,17
BFS,Maze,39,0.057,83,34,true,5
A*,Maze,39,0.093,64,34,true,8
Dijkstra,Maze,40,0.084,83,34,true,5
DFS,Maze,40,0.082,102,34,true,17
BFS,Maze,40,0.063,83,34,true,5
A*,Maze,40,0.085,64,34,true,8
Dijkstra,Maze,41,0.092,83,34,true,5
DFS,Maze,41,0.109,102,34,true,17
BFS,Maze,41,0.05,83,34,true,5
A*,Maze,41,0.088,64,34,true,8
Dijkstra,Maze,42,0.091,83,34,true,5
DFS,Maze,42,0.079,102,34,true,17
BFS,Maze,42,0.058,83,34,true,5
A*,Maze,42,0.089,64,34,true,8
Dijkstra,Maze,43,0.104,83,34,true,5
DFS,Maze,43,0.092,102,34,true,17
BFS,Maze,43,0.054,83,34,true,5
A*,Maze,43,0.084,64,34,true,8
Dijkstra,Maze,44,0.073,83,34,true,5
DFS,Maze,44,0.046,102,34,true,17
BFS,Maze,44,0.031,83,34,true,5
A*,Maze,44,0.064,64,34,true,8
Dijkstra,Maze,45,0.083,83,34,true,5
DFS,Maze,45,0.076,102,34,true,17
BFS,Maze,45,0.058,83,34,true,5
A*,Maze,45,0.089,64,34,true,8
Dijkstra,Maze,46,0.074,83,34,true,5
DFS,Maze,46,0.067,102,34,true,17
BFS,Maze,46,0.053,83,34,true,5
A*,Maze,46,0.072,64,34,true,8
Dijkstra,Maze,47,0.07,83,34,true,5
DFS,Maze,47,0.068,102,34,true,17
BFS,Maze,47,0.04,83,34,true,5
A*,Maze,47,0.061,64,34,true,8
Dijkstra,Maze,48,0.052,83,34,true,5
DFS,Maze,48,0.082,102,34,true,17
BFS,Maze,48,0.102,83,34,true,5
A*,Maze,48,0.081,64,34,true,8
Dijkstra,Maze,49,0.082,83,34,true,5
DFS,Maze,49,0.073,102,34,true,17
BFS,Maze,49,0.046,83,34,true,5
A*,Maze,49,0.087,64,34,true,8
Dijkstra,Maze,50,0.091,83,34,true,5
DFS,Maze,50,0.083,102,34,true,17
BFS,Maze,50,0.06,83,34,true,5
A*,Maze,50,0.089,64,34,true,8
Dijkstra,Maze,51,0.194,83,34,true,5
DFS,Maze,51,0.097,102,34,true,17
BFS,Maze,51,0.09,83,34,true,5
A*,Maze,51,0.102,64,34,true,8
Dijkstra,Maze,52,0.105,83,34,true,5
DFS,Maze,52,0.087,102,34,true,17
BFS,Maze,52,0.065,83,34,true,5
A*,Maze,52,0.099,64,34,true,8
Dijkstra,Maze,53,0.568,83,34,true,5
DFS,Maze,53,0.093,102,34,true,17
BFS,Maze,53,0.066,83,34,true,5
A*,Maze,53,0.1,64,34,true,8
Dijkstra,Maze,54,0.103,83,34,true,5
DFS,Maze,54,0.091,102,34,true,17
BFS,Maze,54,0.065,83,34,true,5
A*,Maze,54,0.115,64,34,true,8
Dijkstra,Maze,55,0.103,83,34,true,5
DFS,Maze,55,0.089,102,34,true,17
BFS,Maze,55,0.055,83,34,true,5
A*,Maze,55,0.051,64,34,true,8
Dijkstra,Maze,56,0.049,83,34,true,5
DFS,Maze,56,0.043,102,34,true,17
BFS,Maze,56,0.03,83,34,true,5
A*,Maze,56,0.047,64,34,true,8
Dijkstra,Maze,57,0.048,83,34,true,5
DFS,Maze,57,0.043,102,34,true,17
BFS,Maze,57,0.03,83,34,true,5
A*,Maze,57,0.047,64,34,true,8
Dijkstra,Maze,58,0.048,83,34,true,5
DFS,Maze,58,0.044,102,34,true,17
BFS,Maze,58,0.029,83,34,true,5
A*,Maze,58,0.048,64,34,true,8
Dijkstra,Maze,59,0.048,83,34,true,5
DFS,Maze,59,0.042,102,34,true,17
BFS,Maze,59,0.029,83,34,true,5
A*,Maze,59,0.049,64,34,true,8
Dijkstra,Maze,60,0.048,83,34,true,5
DFS,Maze,60,0.042,102,34,true,17
BFS,Maze,60,0.042,83,34,true,5
A*,Maze,60,0.051,64,34,true,8
Dijkstra,Maze,61,0.048,83,34,true,5
DFS,Maze,61,0.045,102,34,true,17
BFS,Maze,61,0.029,83,34,true,5
A*,Maze,61,0.064,64,34,true,8
Dijkstra,Maze,62,0.069,83,34,true,5
DFS,Maze,62,0.077,102,34,true,17
BFS,Maze,62,0.042,83,34,true,5
A*,Maze,62,0.05,64,34,true,8
Dijkstra,Maze,63,0.049,83,34,true,5
DFS,Maze,63,0.045,102,34,true,17
BFS,Maze,63,0.044,83,34,true,5
A*,Maze,63,0.048,64,34,true,8
Dijkstra,Maze,64,0.049,83,34,true,5
DFS,Maze,64,0.044,102,34,true,17
BFS,Maze,64,0.031,83,34,true,5
A*,Maze,64,0.069,64,34,true,8
Dijkstra,Maze,65,0.048,83,34,true,5
DFS,Maze,65,0.043,102,34,true,17
BFS,Maze,65,0.03,83,34,true,5
A*,Maze,65,0.059,64,34,true,8
Dijkstra,Maze,66,0.049,83,34,true,5
DFS,Maze,66,0.044,102,34,true,17
BFS,Maze,66,0.03,83,34,true,5
A*,Maze,66,0.049,64,34,true,8
Dijkstra,Maze,67,0.07,83,34,true,5
DFS,Maze,67,0.046,102,34,true,17
BFS,Maze,67,0.03,83,34,true,5
A*,Maze,67,0.049,64,34,true,8
Dijkstra,Maze,68,0.061,83,34,true,5
DFS,Maze,68,0.061,102,34,true,17
BFS,Maze,68,0.033,83,34,true,5
A*,Maze,68,0.05,64,34,true,8
Dijkstra,Maze,69,0.048,83,34,true,5
DFS,Maze,69,0.051,102,34,true,17
BFS,Maze,69,0.051,83,34,true,5
A*,Maze,69,0.086,64,34,true,8
Dijkstra,Maze,70,0.074,83,34,true,5
DFS,Maze,70,0.083,102,34,true,17
BFS,Maze,70,0.057,83,34,true,5
A*,Maze,70,0.07,64,34,true,8
Dijkstra,Maze,71,0.052,83,34,true,5
DFS,Maze,71,0.072,102,34,true,17
BFS,Maze,71,0.052,83,34,true,5
A*,Maze,71,0.059,64,34,true,8
Dijkstra,Maze,72,0.059,83,34,true,5
DFS,Maze,72,0.064,102,34,true,17
BFS,Maze,72,0.052,83,34,true,5
A*,Maze,72,0.066,64,34,true,8
Dijkstra,Maze,73,0.073,83,34,true,5
DFS,Maze,73,0.067,102,34,true,17
BFS,Maze,73,0.047,83,34,true,5
A*,Maze,73,0.049,64,34,true,8
Dijkstra,Maze,74,0.066,83,34,true,5
DFS,Maze,74,0.065,102,34,true,17
BFS,Maze,74,0.047,83,34,true,5
A*,Maze,74,0.049,64,34,true,8
Dijkstra,Maze,75,0.074,83,34,true,5
DFS,Maze,75,0.063,102,34,true,17
BFS,Maze,75,0.036,83,34,true,5
A*,Maze,75,0.058,64,34,true,8
Dijkstra,Maze,76,1.024,83,34,true,5
DFS,Maze,76,0.075,102,34,true,17
BFS,Maze,76,0.054,83,34,true,5
A*,Maze,76,0.077,64,34,true,8
Dijkstra,Maze,77,0.076,83,34,true,5
DFS,Maze,77,0.07,102,34,true,17
BFS,Maze,77,0.048,83,34,true,5
A*,Maze,77,0.161,64,34,true,8
Dijkstra,Maze,78,0.109,83,34,true,5
DFS,Maze,78,0.072,102,34,true,17
BFS,Maze,78,0.048,83,34,true,5
A*,Maze,78,0.077,64,34,true,8
Dijkstra,Maze,79,0.055,83,34,true,5
DFS,Maze,79,0.064,102,34,true,17
BFS,Maze,79,0.048,83,34,true,5
A*,Maze,79,0.079,64,34,true,8
Dijkstra,Maze,80,0.078,83,34,true,5
DFS,Maze,80,0.076,102,34,true,17
BFS,Maze,80,0.047,83,34,true,5
A*,Maze,80,0.053,64,34,true,8
Dijkstra,Maze,81,0.058,83,34,true,5
DFS,Maze,81,0.065,102,34,true,17
BFS,Maze,81,0.045,83,34,true,5
A*,Maze,81,0.065,64,34,true,8
Dijkstra,Maze,82,0.05,83,34,true,5
DFS,Maze,82,0.044,102,34,true,17
BFS,Maze,82,0.031,83,34,true,5
A*,Maze,82,0.048,64,34,true,8
Dijkstra,Maze,83,0.048,83,34,true,5
DFS,Maze,83,0.043,102,34,true,17
BFS,Maze,83,0.03,83,34,true,5
A*,Maze,83,0.048,64,34,true,8
Dijkstra,Maze,84,0.048,83,34,true,5
DFS,Maze,84,0.045,102,34,true,17
BFS,Maze,84,0.031,83,34,true,5
A*,Maze,84,0.049,64,34,true,8
Dijkstra,Maze,85,0.049,83,34,true,5
DFS,Maze,85,0.043,102,34,true,17
BFS,Maze,85,0.045,83,34,true,5
A*,Maze,85,0.059,64,34,true,8
Dijkstra,Maze,86,0.053,83,34,true,5
DFS,Maze,86,0.051,102,34,true,17
BFS,Maze,86,0.051,83,34,true,5
A*,Maze,86,0.08,64,34,true,8
Dijkstra,Maze,87,0.088,83,34,true,5
DFS,Maze,87,0.068,102,34,true,17
BFS,Maze,87,0.051,83,34,true,5
A*,Maze,87,0.076,64,34,true,8
Dijkstra,Maze,88,0.073,83,34,true,5
DFS,Maze,88,0.073,102,34,true,17
BFS,Maze,88,0.054,83,34,true,5
A*,Maze,88,0.088,64,34,true,8
Dijkstra,Maze,89,0.085,83,34,true,5
DFS,Maze,89,0.084,102,34,true,17
BFS,Maze,89,0.049,83,34,true,5
A*,Maze,89,0.052,64,34,true,8
Dijkstra,Maze,90,0.063,83,34,true,5
DFS,Maze,90,0.067,102,34,true,17
BFS,Maze,90,0.044,83,34,true,5
A*,Maze,90,0.052,64,34,true,8
Dijkstra,Maze,91,0.067,83,34,true,5
DFS,Maze,91,0.059,102,34,true,17
BFS,Maze,91,0.049,83,34,true,5
A*,Maze,91,0.172,64,34,true,8
Dijkstra,Maze,92,0.074,83,34,true,5
DFS,Maze,92,0.072,102,34,true,17
BFS,Maze,92,0.075,83,34,true,5
A*,Maze,92,0.083,64,34,true,8
Dijkstra,Maze,93,0.074,83,34,true,5
DFS,Maze,93,0.069,102,34,true,17
BFS,Maze,93,0.072,83,34,true,5
A*,Maze,93,0.073,64,34,true,8
Dijkstra,Maze,94,0.073,83,34,true,5
DFS,Maze,94,0.069,102,34,true,17
BFS,Maze,94,0.058,83,34,true,5
A*,Maze,94,0.069,64,34,true,8
Dijkstra,Maze,95,0.071,83,34,true,5
DFS,Maze,95,0.068,102,34,true,17
BFS,Maze,95,0.047,83,34,true,5
A*,Maze,95,0.067,64,34,true,8
Dijkstra,Maze,96,0.067,83,34,true,5
DFS,Maze,96,0.088,102,34,true,17
BFS,Maze,96,0.042,83,34,true,5
A*,Maze,96,0.064,64,34,true,8
Dijkstra,Maze,97,0.076,83,34,true,5
DFS,Maze,97,0.067,102,34,true,17
BFS,Maze,97,0.048,83,34,true,5
A*,Maze,97,0.073,64,34,true,8
Dijkstra,Maze,98,0.075,83,34,true,5
DFS,Maze,98,0.064,102,34,true,17
BFS,Maze,98,0.048,83,34,true,5
A*,Maze,98,0.096,64,34,true,8
Dijkstra,Maze,99,0.068,83,34,true,5
DFS,Maze,99,0.55,102,34,true,17
BFS,Maze,99,0.053,83,34,true,5
A*,Maze,99,0.073,64,34,true,8
Dijkstra,Maze,100,0.106,83,34,true,5
DFS,Maze,100,0.073,102,34,true,17
BFS,Maze,100,0.055,83,34,true,5
A*,Maze,100,0.079,64,34,true,8
Dijkstra,Maze,101,0.641,83,34,true,5
DFS,Maze,101,0.078,102,34,true,17
BFS,Maze,101,0.057,83,34,true,5
A*,Maze,101,0.073,64,34,true,8
Dijkstra,Maze,102,0.077,83,34,true,5
DFS,Maze,102,0.065,102,34,true,17
BFS,Maze,102,0.05,83,34,true,5
A*,Maze,102,0.086,64,34,true,8
Dijkstra,Maze,103,0.088,83,34,true,5
DFS,Maze,103,0.102,102,34,true,17
BFS,Maze,103,0.066,83,34,true,5
A*,Maze,103,0.105,64,34,true,8
Dijkstra,Maze,104,0.139,83,34,true,5
DFS,Maze,104,0.127,102,34,true,17
BFS,Maze,104,0.074,83,34,true,5
A*,Maze,104,0.101,64,34,true,8
Dijkstra,Maze,105,0.097,83,34,true,5
DFS,Maze,105,0.07,102,34,true,17
BFS,Maze,105,0.031,83,34,true,5
A*,Maze,105,0.06,64,34,true,8
Dijkstra,Maze,106,0.075,83,34,true,5
DFS,Maze,106,0.069,102,34,true,17
BFS,Maze,106,0.044,83,34,true,5
A*,Maze,106,0.075,64,34,true,8
Dijkstra,Maze,107,0.066,83,34,true,5
DFS,Maze,107,0.045,102,34,true,17
BFS,Maze,107,0.03,83,34,true,5
A*,Maze,107,0.051,64,34,true,8
Dijkstra,Maze,108,0.049,83,34,true,5
DFS,Maze,108,0.043,102,34,true,17
BFS,Maze,108,0.065,83,34,true,5
A*,Maze,108,0.084,64,34,true,8
Dijkstra,Maze,109,0.086,83,34,true,5
DFS,Maze,109,0.073,102,34,true,17
BFS,Maze,109,0.031,83,34,true,5
A*,Maze,109,0.051,64,34,true,8
Dijkstra,Maze,110,0.049,83,34,true,5
DFS,Maze,110,0.053,102,34,true,17
BFS,Maze,110,0.038,83,34,true,5
A*,Maze,110,0.048,64,34,true,8
Dijkstra,Maze,111,0.05,83,34,true,5
DFS,Maze,111,0.045,102,34,true,17
BFS,Maze,111,0.047,83,34,true,5
A*,Maze,111,0.05,64,34,true,8
Dijkstra,Maze,112,0.05,83,34,true,5
DFS,Maze,112,0.043,102,34,true,17
BFS,Maze,112,0.03,83,34,true,5
A*,Maze,112,0.049,64,34,true,8
Dijkstra,Maze,113,0.049,83,34,true,5
DFS,Maze,113,0.043,102,34,true,17
BFS,Maze,113,0.03,83,34,true,5
A*,Maze,113,0.049,64,34,true,8
Dijkstra,Maze,114,0.048,83,34,true,5
DFS,Maze,114,0.043,102,34,true,17
BFS,Maze,114,0.03,83,34,true,5
A*,Maze,114,0.049,64,34,true,8
Dijkstra,Maze,115,0.049,83,34,true,5
DFS,Maze,115,0.044,102,34,true,17
BFS,Maze,115,0.031,83,34,true,5
A*,Maze,115,0.051,64,34,true,8
Dijkstra,Maze,116,0.05,83,34,true,5
DFS,Maze,116,0.058,102,34,true,17
BFS,Maze,116,0.03,83,34,true,5
A*,Maze,116,0.048,64,34,true,8
Dijkstra,Maze,117,0.05,83,34,true,5
DFS,Maze,117,0.043,102,34,true,17
BFS,Maze,117,0.03,83,34,true,5
A*,Maze,117,0.048,64,34,true,8
Dijkstra,Maze,118,0.068,83,34,true,5
DFS,Maze,118,0.067,102,34,true,17
BFS,Maze,118,0.053,83,34,true,5
A*,Maze,118,0.061,64,34,true,8
Dijkstra,Maze,119,0.084,83,34,true,5
DFS,Maze,119,0.073,102,34,true,17
BFS,Maze,119,0.046,83,34,true,5
A*,Maze,119,0.072,64,34,true,8
Dijkstra,Maze,120,0.077,83,34,true,5
DFS,Maze,120,0.057,102,34,true,17
BFS,Maze,120,0.032,83,34,true,5
A*,Maze,120,0.052,64,34,true,8
Dijkstra,Maze,121,0.05,83,34,true,5
DFS,Maze,121,0.044,102,34,true,17
BFS,Maze,121,0.031,83,34,true,5
A*,Maze,121,0.049,64,34,true,8
Dijkstra,Maze,122,0.072,83,34,true,5
DFS,Maze,122,0.583,102,34,true,17
BFS,Maze,122,0.054,83,34,true,5
A*,Maze,122,0.083,64,34,true,8
Dijkstra,Maze,123,0.084,83,34,true,5
DFS,Maze,123,0.078,102,34,true,17
BFS,Maze,123,0.053,83,34,true,5
A*,Maze,123,0.098,64,34,true,8
Dijkstra,Maze,124,0.053,83,34,true,5
DFS,Maze,124,0.05,102,34,true,17
BFS,Maze,124,0.035,83,34,true,5
A*,Maze,124,0.061,64,34,true,8
Dijkstra,Maze,125,0.078,83,34,true,5
DFS,Maze,125,0.077,102,34,true,17
BFS,Maze,125,0.056,83,34,true,5
A*,Maze,125,0.082,64,34,true,8
Dijkstra,Maze,126,0.083,83,34,true,5
DFS,Maze,126,0.07,102,34,true,17
BFS,Maze,126,0.047,83,34,true,5
A*,Maze,126,0.075,64,34,true,8
Dijkstra,Maze,127,0.08,83,34,true,5
DFS,Maze,127,0.077,102,34,true,17
BFS,Maze,127,0.073,83,34,true,5
A*,Maze,127,0.079,64,34,true,8
Dijkstra,Maze,128,0.078,83,34,true,5
DFS,Maze,128,0.079,102,34,true,17
BFS,Maze,128,0.057,83,34,true,5
A*,Maze,128,0.101,64,34,true,8
Dijkstra,Maze,129,0.076,83,34,true,5
DFS,Maze,129,0.068,102,34,true,17
BFS,Maze,129,0.072,83,34,true,5
A*,Maze,129,0.076,64,34,true,8
Dijkstra,Maze,130,0.073,83,34,true,5
DFS,Maze,130,0.086,102,34,true,17
BFS,Maze,130,0.048,83,34,true,5
A*,Maze,130,0.078,64,34,true,8
Dijkstra,Maze,131,0.074,83,34,true,5
DFS,Maze,131,0.069,102,34,true,17
BFS,Maze,131,0.05,83,34,true,5
A*,Maze,131,0.067,64,34,true,8
Dijkstra,Maze,132,0.072,83,34,true,5
DFS,Maze,132,0.065,102,34,true,17
BFS,Maze,132,0.032,83,34,true,5
A*,Maze,132,0.066,64,34,true,8
Dijkstra,Maze,133,0.084,83,34,true,5
DFS,Maze,133,0.084,102,34,true,17
BFS,Maze,133,0.056,83,34,true,5
A*,Maze,133,0.116,64,34,true,8
Dijkstra,Maze,134,0.055,83,34,true,5
DFS,Maze,134,0.047,102,34,true,17
BFS,Maze,134,0.032,83,34,true,5
A*,Maze,134,0.051,64,34,true,8
Dijkstra,Maze,135,0.05,83,34,true,5
DFS,Maze,135,0.045,102,34,true,17
BFS,Maze,135,0.032,83,34,true,5
A*,Maze,135,0.05,64,34,true,8
Dijkstra,Maze,136,0.05,83,34,true,5
DFS,Maze,136,0.045,102,34,true,17
BFS,Maze,136,0.032,83,34,true,5
A*,Maze,136,0.049,64,34,true,8
Dijkstra,Maze,137,0.051,83,34,true,5
DFS,Maze,137,0.068,102,34,true,17
BFS,Maze,137,0.032,83,34,true,5
A*,Maze,137,0.075,64,34,true,8
Dijkstra,Maze,138,0.089,83,34,true,5
DFS,Maze,138,0.111,102,34,true,17
BFS,Maze,138,0.048,83,34,true,5
A*,Maze,138,0.089,64,34,true,8
Dijkstra,Maze,139,0.097,83,34,true,5
DFS,Maze,139,0.071,102,34,true,17
BFS,Maze,139,0.058,83,34,true,5
A*,Maze,139,0.082,64,34,true,8
Dijkstra,Maze,140,0.089,83,34,true,5
DFS,Maze,140,0.083,102,34,true,17
BFS,Maze,140,0.058,83,34,true,5
A*,Maze,140,0.098,64,34,true,8
Dijkstra,Maze,141,0.09,83,34,true,5
DFS,Maze,141,0.085,102,34,true,17
BFS,Maze,141,0.057,83,34,true,5
A*,Maze,141,0.08,64,34,true,8
Dijkstra,Maze,142,0.052,83,34,true,5
DFS,Maze,142,0.045,102,34,true,17
BFS,Maze,142,0.045,83,34,true,5
A*,Maze,142,0.063,64,34,true,8
Dijkstra,Maze,143,0.051,83,34,true,5
DFS,Maze,143,0.042,102,34,true,17
BFS,Maze,143,0.031,83,34,true,5
A*,Maze,143,0.05,64,34,true,8
Dijkstra,Maze,144,0.075,83,34,true,5
DFS,Maze,144,0.06,102,34,true,17
BFS,Maze,144,0.032,83,34,true,5
A*,Maze,144,0.049,64,34,true,8
Dijkstra,Maze,145,0.064,83,34,true,5
DFS,Maze,145,0.485,102,34,true,17
BFS,Maze,145,0.037,83,34,true,5
A*,Maze,145,0.072,64,34,true,8
Dijkstra,Maze,146,0.051,83,34,true,5
DFS,Maze,146,0.047,102,34,true,17
BFS,Maze,146,0.043,83,34,true,5
A*,Maze,146,0.074,64,34,true,8
Dijkstra,Maze,147,0.052,83,34,true,5
DFS,Maze,147,0.046,102,34,true,17
BFS,Maze,147,0.03,83,34,true,5
A*,Maze,147,0.05,64,34,true,8
Dijkstra,Maze,148,0.068,83,34,true,5
DFS,Maze,148,0.046,102,34,true,17
BFS,Maze,148,0.031,83,34,true,5
A*,Maze,148,0.053,64,34,true,8
Dijkstra,Maze,149,0.051,83,34,true,5
DFS,Maze,149,0.047,102,34,true,17
BFS,Maze,149,0.04,83,34,true,5
A*,Maze,149,0.072,64,34,true,8
Dijkstra,Maze,150,0.049,83,34,true,5
DFS,Maze,150,0.086,102,34,true,17
BFS,Maze,150,0.031,83,34,true,5
A*,Maze,150,0.06,64,34,true,8
Dijkstra,Maze,151,0.076,83,34,true,5
DFS,Maze,151,0.067,102,34,true,17
BFS,Maze,151,0.047,83,34,true,5
A*,Maze,151,0.065,64,34,true,8
Dijkstra,Maze,152,0.063,83,34,true,5
DFS,Maze,152,0.046,102,34,true,17
BFS,Maze,152,0.031,83,34,true,5
A*,Maze,152,0.05,64,34,true,8
Dijkstra,Maze,153,0.093,83,34,true,5
DFS,Maze,153,0.056,102,34,true,17
BFS,Maze,153,0.031,83,34,true,5
A*,Maze,153,0.051,64,34,true,8
Dijkstra,Maze,154,0.049,83,34,true,5
DFS,Maze,154,0.052,102,34,true,17
BFS,Maze,154,0.048,83,34,true,5
A*,Maze,154,0.06,64,34,true,8
Dijkstra,Maze,155,0.056,83,34,true,5
DFS,Maze,155,0.045,102,34,true,17
BFS,Maze,155,0.03,83,34,true,5
A*,Maze,155,0.067,64,34,true,8
Dijkstra,Maze,156,0.083,83,34,true,5
DFS,Maze,156,0.072,102,34,true,17
BFS,Maze,156,0.086,83,34,true,5
A*,Maze,156,0.082,64,34,true,8
Dijkstra,Maze,157,0.074,83,34,true,5
DFS,Maze,157,0.094,102,34,true,17
BFS,Maze,157,0.053,83,34,true,5
A*,Maze,157,0.083,64,34,true,8
Dijkstra,Maze,158,0.104,83,34,true,5
DFS,Maze,158,0.094,102,34,true,17
BFS,Maze,158,0.064,83,34,true,5
A*,Maze,158,0.077,64,34,true,8
Dijkstra,Maze,159,0.054,83,34,true,5
DFS,Maze,159,0.058,102,34,true,17
BFS,Maze,159,0.03,83,34,true,5
A*,Maze,159,0.063,64,34,true,8
Dijkstra,Maze,160,0.063,83,34,true,5
DFS,Maze,160,0.065,102,34,true,17
BFS,Maze,160,0.031,83,34,true,5
A*,Maze,160,0.057,64,34,true,8
Dijkstra,Maze,161,0.078,83,34,true,5
DFS,Maze,161,0.074,102,34,true,17
BFS,Maze,161,0.053,83,34,true,5
A*,Maze,161,0.067,64,34,true,8
Dijkstra,Maze,162,0.056,83,34,true,5
DFS,Maze,162,0.071,102,34,true,17
BFS,Maze,162,0.058,83,34,true,5
A*,Maze,162,0.087,64,34,true,8
Dijkstra,Maze,163,0.087,83,34,true,5
DFS,Maze,163,0.083,102,34,true,17
BFS,Maze,163,0.058,83,34,true,5
A*,Maze,163,0.095,64,34,true,8
Dijkstra,Maze,164,0.108,83,34,true,5
DFS,Maze,164,0.053,102,34,true,17
BFS,Maze,164,0.049,83,34,true,5
A*,Maze,164,0.197,64,34,true,8
Dijkstra,Maze,165,0.082,83,34,true,5
DFS,Maze,165,0.088,102,34,true,17
BFS,Maze,165,0.061,83,34,true,5
A*,Maze,165,0.09,64,34,true,8
Dijkstra,Maze,166,0.083,83,34,true,5
DFS,Maze,166,0.08,102,34,true,17
BFS,Maze,166,0.06,83,34,true,5
A*,Maze,166,0.087,64,34,true,8
Dijkstra,Maze,167,0.089,83,34,true,5
DFS,Maze,167,0.074,102,34,true,17
BFS,Maze,167,0.057,83,34,true,5
A*,Maze,167,0.08,64,34,true,8
Dijkstra,Maze,168,0.085,83,34,true,5
DFS,Maze,168,1.231,102,34,true,17
BFS,Maze,168,0.058,83,34,true,5
A*,Maze,168,0.082,64,34,true,8
Dijkstra,Maze,169,0.082,83,34,true,5
DFS,Maze,169,0.087,102,34,true,17
BFS,Maze,169,0.083,83,34,true,5
A*,Maze,169,0.149,64,34,true,8
Dijkstra,Maze,170,0.085,83,34,true,5
DFS,Maze,170,0.078,102,34,true,17
BFS,Maze,170,0.05,83,34,true,5
A*,Maze,170,0.057,64,34,true,8
Dijkstra,Maze,171,0.074,83,34,true,5
DFS,Maze,171,0.068,102,34,true,17
BFS,Maze,171,0.052,83,34,true,5
A*,Maze,171,0.051,64,34,true,8
Dijkstra,Maze,172,0.07,83,34,true,5
DFS,Maze,172,0.053,102,34,true,17
BFS,Maze,172,0.047,83,34,true,5
A*,Maze,172,0.071,64,34,true,8
Dijkstra,Maze,173,0.103,83,34,true,5
DFS,Maze,173,0.08,102,34,true,17
BFS,Maze,173,0.048,83,34,true,5
A*,Maze,173,0.075,64,34,true,8
Dijkstra,Maze,174,0.105,83,34,true,5
DFS,Maze,174,0.074,102,34,true,17
BFS,Maze,174,0.05,83,34,true,5
A*,Maze,174,0.08,64,34,true,8
Dijkstra,Maze,175,0.107,83,34,true,5
DFS,Maze,175,0.07,102,34,true,17
BFS,Maze,175,0.043,83,34,true,5
A*,Maze,175,0.079,64,34,true,8
Dijkstra,Maze,176,0.051,83,34,true,5
DFS,Maze,176,0.067,102,34,true,17
BFS,Maze,176,0.049,83,34,true,5
A*,Maze,176,0.113,64,34,true,8
Dijkstra,Maze,177,0.111,83,34,true,5
DFS,Maze,177,0.096,102,34,true,17
BFS,Maze,177,0.089,83,34,true,5
A*,Maze,177,0.103,64,34,true,8
Dijkstra,Maze,178,0.204,83,34,true,5
DFS,Maze,178,0.125,102,34,true,17
BFS,Maze,178,0.12,83,34,true,5
A*,Maze,178,0.086,64,34,true,8
Dijkstra,Maze,179,0.088,83,34,true,5
DFS,Maze,179,0.076,102,34,true,17
BFS,Maze,179,0.054,83,34,true,5
A*,Maze,179,0.221,64,34,true,8
Dijkstra,Maze,180,0.201,83,34,true,5
DFS,Maze,180,0.091,102,34,true,17
BFS,Maze,180,0.064,83,34,true,5
A*,Maze,180,0.155,64,34,true,8
Dijkstra,Maze,181,0.166,83,34,true,5
DFS,Maze,181,0.081,102,34,true,17
BFS,Maze,181,0.105,83,34,true,5
A*,Maze,181,0.078,64,34,true,8
Dijkstra,Maze,182,0.077,83,34,true,5
DFS,Maze,182,0.068,102,34,true,17
BFS,Maze,182,0.045,83,34,true,5
A*,Maze,182,0.108,64,34,true,8
Dijkstra,Maze,183,0.123,83,34,true,5
DFS,Maze,183,0.07,102,34,true,17
BFS,Maze,183,0.052,83,34,true,5
A*,Maze,183,0.056,64,34,true,8
Dijkstra,Maze,184,0.074,83,34,true,5
DFS,Maze,184,0.058,102,34,true,17
BFS,Maze,184,0.047,83,34,true,5
A*,Maze,184,0.068,64,34,true,8
Dijkstra,Maze,185,0.05,83,34,true,5
DFS,Maze,185,0.065,102,34,true,17
BFS,Maze,185,0.046,83,34,true,5
A*,Maze,185,0.055,64,34,true,8
Dijkstra,Maze,186,0.058,83,34,true,5
DFS,Maze,186,0.067,102,34,true,17
BFS,Maze,186,0.047,83,34,true,5
A*,Maze,186,0.064,64,34,true,8
Dijkstra,Maze,187,0.071,83,34,true,5
DFS,Maze,187,0.046,102,34,true,17
BFS,Maze,187,0.052,83,34,true,5
A*,Maze,187,0.051,64,34,true,8
Dijkstra,Maze,188,0.07,83,34,true,5
DFS,Maze,188,0.058,102,34,true,17
BFS,Maze,188,0.048,83,34,true,5
A*,Maze,188,0.057,64,34,true,8
Dijkstra,Maze,189,0.049,83,34,true,5
DFS,Maze,189,0.045,102,34,true,17
BFS,Maze,189,0.03,83,34,true,5
A*,Maze,189,0.048,64,34,true,8
Dijkstra,Maze,190,0.05,83,34,true,5
DFS,Maze,190,0.043,102,34,true,17
BFS,Maze,190,0.038,83,34,true,5
A*,Maze,190,0.048,64,34,true,8
Dijkstra,Maze,191,0.051,83,34,true,5
DFS,Maze,191,0.043,102,34,true,17
BFS,Maze,191,0.035,83,34,true,5
A*,Maze,191,0.054,64,34,true,8
Dijkstra,Maze,192,0.05,83,34,true,5
DFS,Maze,192,0.045,102,34,true,17
BFS,Maze,192,0.031,83,34,true,5
A*,Maze,192,0.05,64,34,true,8
Dijkstra,Maze,193,0.049,83,34,true,5
DFS,Maze,193,0.045,102,34,true,17
BFS,Maze,193,0.031,83,34,true,5
A*,Maze,193,0.049,64,34,true,8
Dijkstra,Maze,194,0.064,83,34,true,5
DFS,Maze,194,0.045,102,34,true,17
BFS,Maze,194,0.04,83,34,true,5
A*,Maze,194,0.062,64,34,true,8
Dijkstra,Maze,195,0.054,83,34,true,5
DFS,Maze,195,0.068,102,34,true,17
BFS,Maze,195,0.048,83,34,true,5
A*,Maze,195,0.079,64,34,true,8
Dijkstra,Maze,196,0.078,83,34,true,5
DFS,Maze,196,0.114,102,34,true,17
BFS,Maze,196,0.053,83,34,true,5
A*,Maze,196,0.078,64,34,true,8
Dijkstra,Maze,197,0.078,83,34,true,5
DFS,Maze,197,0.073,102,34,true,17
BFS,Maze,197,0.06,83,34,true,5
A*,Maze,197,0.154,64,34,true,8
Dijkstra,Maze,198,0.074,83,34,true,5
DFS,Maze,198,0.072,102,34,true,17
BFS,Maze,198,0.047,83,34,true,5
A*,Maze,198,0.057,64,34,true,8
Dijkstra,Maze,199,0.077,83,34,true,5
DFS,Maze,199,0.077,102,34,true,17
BFS,Maze,199,0.053,83,34,true,5
A*,Maze,199,0.079,64,34,true,8
Dijkstra,Maze,200,0.071,83,34,true,5
DFS,Maze,200,0.066,102,34,true,17
BFS,Maze,200,0.046,83,34,true,5
A*,Maze,200,0.072,64,34,true,8
Dijkstra,Maze,201,0.089,83,34,true,5
DFS,Maze,201,0.208,102,34,true,17
BFS,Maze,201,0.116,83,34,true,5
A*,Maze,201,0.104,64,34,true,8
Dijkstra,Maze,202,0.106,83,34,true,5
DFS,Maze,202,0.095,102,34,true,17
BFS,Maze,202,0.067,83,34,true,5
A*,Maze,202,0.1,64,34,true,8
Dijkstra,Maze,203,0.107,83,34,true,5
DFS,Maze,203,0.097,102,34,true,17
BFS,Maze,203,0.066,83,34,true,5
A*,Maze,203,0.122,64,34,true,8
Dijkstra,Maze,204,0.133,83,34,true,5
DFS,Maze,204,0.164,102,34,true,17
BFS,Maze,204,0.091,83,34,true,5
A*,Maze,204,0.087,64,34,true,8
Dijkstra,Maze,205,0.078,83,34,true,5
DFS,Maze,205,0.111,102,34,true,17
BFS,Maze,205,0.052,83,34,true,5
A*,Maze,205,0.083,64,34,true,8
Dijkstra,Maze,206,0.112,83,34,true,5
DFS,Maze,206,0.098,102,34,true,17
BFS,Maze,206,0.095,83,34,true,5
A*,Maze,206,0.193,64,34,true,8
Dijkstra,Maze,207,0.083,83,34,true,5
DFS,Maze,207,0.091,102,34,true,17
BFS,Maze,207,0.046,83,34,true,5
A*,Maze,207,0.072,64,34,true,8
Dijkstra,Maze,208,0.13,83,34,true,5
DFS,Maze,208,0.131,102,34,true,17
BFS,Maze,208,0.068,83,34,true,5
A*,Maze,208,0.104,64,34,true,8
Dijkstra,Maze,209,0.105,83,34,true,5
DFS,Maze,209,0.091,102,34,true,17
BFS,Maze,209,0.067,83,34,true,5
A*,Maze,209,0.1,64,34,true,8
Dijkstra,Maze,210,0.115,83,34,true,5
DFS,Maze,210,0.094,102,34,true,17
BFS,Maze,210,0.35,83,34,true,5
A*,Maze,210,0.091,64,34,true,8
Dijkstra,Maze,211,0.082,83,34,true,5
DFS,Maze,211,0.105,102,34,true,17
BFS,Maze,211,0.05,83,34,true,5
A*,Maze,211,0.077,64,34,true,8
Dijkstra,Maze,212,0.11,83,34,true,5
DFS,Maze,212,0.143,102,34,true,17
BFS,Maze,212,0.381,83,34,true,5
A*,Maze,212,0.12,64,34,true,8
Dijkstra,Maze,213,0.125,83,34,true,5
DFS,Maze,213,0.078,102,34,true,17
BFS,Maze,213,0.056,83,34,true,5
A*,Maze,213,0.083,64,34,true,8
Dijkstra,Maze,214,0.077,83,34,true,5
DFS,Maze,214,0.083,102,34,true,17
BFS,Maze,214,0.973,83,34,true,5
A*,Maze,214,0.081,64,34,true,8
Dijkstra,Maze,215,0.077,83,34,true,5
DFS,Maze,215,0.11,102,34,true,17
BFS,Maze,215,0.136,83,34,true,5
A*,Maze,215,0.132,64,34,true,8
Dijkstra,Maze,216,0.082,83,34,true,5
DFS,Maze,216,0.094,102,34,true,17
BFS,Maze,216,0.067,83,34,true,5
A*,Maze,216,0.196,64,34,true,8
Dijkstra,Maze,217,0.109,83,34,true,5
DFS,Maze,217,0.094,102,34,true,17
BFS,Maze,217,0.067,83,34,true,5
A*,Maze,217,0.101,64,34,true,8
Dijkstra,Maze,218,0.112,83,34,true,5
DFS,Maze,218,0.303,102,34,true,17
BFS,Maze,218,0.073,83,34,true,5
A*,Maze,218,0.102,64,34,true,8
Dijkstra,Maze,219,0.121,83,34,true,5
DFS,Maze,219,0.095,102,34,true,17
BFS,Maze,219,0.067,83,34,true,5
A*,Maze,219,0.1,64,34,true,8
Dijkstra,Maze,220,0.107,83,34,true,5
DFS,Maze,220,0.095,102,34,true,17
BFS,Maze,220,0.067,83,34,true,5
A*,Maze,220,0.081,64,34,true,8
Dijkstra,Maze,221,0.169,83,34,true,5
DFS,Maze,221,0.132,102,34,true,17
BFS,Maze,221,0.101,83,34,true,5
A*,Maze,221,0.117,64,34,true,8
Dijkstra,Maze,222,0.107,83,34,true,5
DFS,Maze,222,0.092,102,34,true,17
BFS,Maze,222,0.067,83,34,true,5
A*,Maze,222,0.101,64,34,true,8
Dijkstra,Maze,223,0.119,83,34,true,5
DFS,Maze,223,0.091,102,34,true,17
BFS,Maze,223,0.065,83,34,true,5
A*,Maze,223,0.098,64,34,true,8
Dijkstra,Maze,224,0.102,83,34,true,5
DFS,Maze,224,0.093,102,34,true,17
BFS,Maze,224,0.064,83,34,true,5
A*,Maze,224,0.099,64,34,true,8
Dijkstra,Maze,225,0.102,83,34,true,5
DFS,Maze,225,0.091,102,34,true,17
BFS,Maze,225,0.065,83,34,true,5
A*,Maze,225,0.097,64,34,true,8
Dijkstra,Maze,226,0.104,83,34,true,5
DFS,Maze,226,0.089,102,34,true,17
BFS,Maze,226,0.065,83,34,true,5
A*,Maze,226,0.099,64,34,true,8
Dijkstra,Maze,227,0.101,83,34,true,5
DFS,Maze,227,0.091,102,34,true,17
BFS,Maze,227,0.039,83,34,true,5
A*,Maze,227,0.048,64,34,true,8
Dijkstra,Maze,228,0.048,83,34,true,5
DFS,Maze,228,0.044,102,34,true,17
BFS,Maze,228,0.029,83,34,true,5
A*,Maze,228,0.062,64,34,true,8
Dijkstra,Maze,229,0.074,83,34,true,5
DFS,Maze,229,0.056,102,34,true,17
BFS,Maze,229,0.031,83,34,true,5
A*,Maze,229,0.049,64,34,true,8
Dijkstra,Maze,230,0.049,83,34,true,5
DFS,Maze,230,0.043,102,34,true,17
BFS,Maze,230,0.03,83,34,true,5
A*,Maze,230,0.049,64,34,true,8
Dijkstra,Maze,231,0.049,83,34,true,5
DFS,Maze,231,0.044,102,34,true,17
BFS,Maze,231,0.031,83,34,true,5
A*,Maze,231,0.058,64,34,true,8
Dijkstra,Maze,232,0.049,83,34,true,5
DFS,Maze,232,0.045,102,34,true,17
BFS,Maze,232,0.03,83,34,true,5
A*,Maze,232,0.049,64,34,true,8
Dijkstra,Maze,233,0.118,83,34,true,5
DFS,Maze,233,0.097,102,34,true,17
BFS,Maze,233,0.134,83,34,true,5
A*,Maze,233,0.073,64,34,true,8
Dijkstra,Maze,234,0.162,83,34,true,5
DFS,Maze,234,0.069,102,34,true,17
BFS,Maze,234,0.048,83,34,true,5
A*,Maze,234,0.076,64,34,true,8
Dijkstra,Maze,235,0.075,83,34,true,5
DFS,Maze,235,0.063,102,34,true,17
BFS,Maze,235,0.049,83,34,true,5
A*,Maze,235,0.068,64,34,true,8
Dijkstra,Maze,236,0.068,83,34,true,5
DFS,Maze,236,0.067,102,34,true,17
BFS,Maze,236,0.096,83,34,true,5
A*,Maze,236,0.073,64,34,true,8
Dijkstra,Maze,237,0.117,83,34,true,5
DFS,Maze,237,0.076,102,34,true,17
BFS,Maze,237,0.085,83,34,true,5
A*,Maze,237,0.607,64,34,true,8
Dijkstra,Maze,238,0.084,83,34,true,5
DFS,Maze,238,0.072,102,34,true,17
BFS,Maze,238,0.057,83,34,true,5
A*,Maze,238,0.092,64,34,true,8
Dijkstra,Maze,239,0.09,83,34,true,5
DFS,Maze,239,0.082,102,34,true,17
BFS,Maze,239,0.057,83,34,true,5
A*,Maze,239,0.087,64,34,true,8
Dijkstra,Maze,240,0.09,83,34,true,5
DFS,Maze,240,0.668,102,34,true,17
BFS,Maze,240,0.071,83,34,true,5
A*,Maze,240,0.095,64,34,true,8
Dijkstra,Maze,241,0.092,83,34,true,5
DFS,Maze,241,0.087,102,34,true,17
BFS,Maze,241,0.059,83,34,true,5
A*,Maze,241,0.09,64,34,true,8
Dijkstra,Maze,242,0.112,83,34,true,5
DFS,Maze,242,0.087,102,34,true,17
BFS,Maze,242,0.058,83,34,true,5
A*,Maze,242,0.091,64,34,true,8
Dijkstra,Maze,243,0.092,83,34,true,5
DFS,Maze,243,0.076,102,34,true,17
BFS,Maze,243,0.057,83,34,true,5
A*,Maze,243,0.089,64,34,true,8
Dijkstra,Maze,244,0.13,83,34,true,5
DFS,Maze,244,0.086,102,34,true,17
BFS,Maze,244,0.125,83,34,true,5
A*,Maze,244,0.131,64,34,true,8
Dijkstra,Maze,245,0.149,83,34,true,5
DFS,Maze,245,0.078,102,34,true,17
BFS,Maze,245,0.381,83,34,true,5
A*,Maze,245,0.102,64,34,true,8
Dijkstra,Maze,246,0.089,83,34,true,5
DFS,Maze,246,0.168,102,34,true,17
BFS,Maze,246,0.093,83,34,true,5
A*,Maze,246,0.109,64,34,true,8
Dijkstra,Maze,247,0.088,83,34,true,5
DFS,Maze,247,0.077,102,34,true,17
BFS,Maze,247,0.034,83,34,true,5
A*,Maze,247,0.059,64,34,true,8
Dijkstra,Maze,248,0.081,83,34,true,5
DFS,Maze,248,0.07,102,34,true,17
BFS,Maze,248,0.053,83,34,true,5
A*,Maze,248,0.076,64,34,true,8
Dijkstra,Maze,249,0.056,83,34,true,5
DFS,Maze,249,0.047,102,34,true,17
BFS,Maze,249,0.032,83,34,true,5
A*,Maze,249,0.048,64,34,true,8
Dijkstra,Maze,250,0.05,83,34,true,5
DFS,Maze,250,0.067,102,34,true,17
BFS,Maze,250,0.03,83,34,true,5
A*,Maze,250,0.05,64,34,true,8
Dijkstra,Maze,251,0.079,83,34,true,5
DFS,Maze,251,0.061,102,34,true,17
BFS,Maze,251,0.036,83,34,true,5
A*,Maze,251,0.064,64,34,true,8
Dijkstra,Maze,252,0.077,83,34,true,5
DFS,Maze,252,0.076,102,34,true,17
BFS,Maze,252,0.055,83,34,true,5
A*,Maze,252,0.082,64,34,true,8
Dijkstra,Maze,253,0.08,83,34,true,5
DFS,Maze,253,0.077,102,34,true,17
BFS,Maze,253,0.057,83,34,true,5
A*,Maze,253,0.076,64,34,true,8
Dijkstra,Maze,254,0.08,83,34,true,5
DFS,Maze,254,0.077,102,34,true,17
BFS,Maze,254,0.056,83,34,true,5
A*,Maze,254,0.079,64,34,true,8
Dijkstra,Maze,255,0.086,83,34,true,5
DFS,Maze,255,0.081,102,34,true,17
BFS,Maze,255,0.053,83,34,true,5
A*,Maze,255,0.083,64,34,true,8
Dijkstra,Maze,256,0.084,83,34,true,5
DFS,Maze,256,0.088,102,34,true,17
BFS,Maze,256,0.052,83,34,true,5
A*,Maze,256,0.053,64,34,true,8
Dijkstra,Maze,257,0.05,83,34,true,5
DFS,Maze,257,0.045,102,34,true,17
BFS,Maze,257,0.032,83,34,true,5
A*,Maze,257,0.05,64,34,true,8
Dijkstra,Maze,258,0.05,83,34,true,5
DFS,Maze,258,0.045,102,34,true,17
BFS,Maze,258,0.03,83,34,true,5
A*,Maze,258,0.049,64,34,true,8
Dijkstra,Maze,259,0.049,83,34,true,5
DFS,Maze,259,0.044,102,34,true,17
BFS,Maze,259,0.03,83,34,true,5
A*,Maze,259,0.05,64,34,true,8
Dijkstra,Maze,260,0.049,83,34,true,5
DFS,Maze,260,0.043,102,34,true,17
BFS,Maze,260,0.029,83,34,true,5
A*,Maze,260,0.451,64,34,true,8
Dijkstra,Maze,261,0.096,83,34,true,5
DFS,Maze,261,0.075,102,34,true,17
BFS,Maze,261,0.053,83,34,true,5
A*,Maze,261,0.1,64,34,true,8
Dijkstra,Maze,262,0.069,83,34,true,5
DFS,Maze,262,0.06,102,34,true,17
BFS,Maze,262,0.053,83,34,true,5
A*,Maze,262,0.065,64,34,true,8
Dijkstra,Maze,263,0.05,83,34,true,5
DFS,Maze,263,0.049,102,34,true,17
BFS,Maze,263,0.033,83,34,true,5
A*,Maze,263,0.051,64,34,true,8
Dijkstra,Maze,264,0.054,83,34,true,5
DFS,Maze,264,0.045,102,34,true,17
BFS,Maze,264,0.03,83,34,true,5
A*,Maze,264,0.05,64,34,true,8
Dijkstra,Maze,265,0.051,83,34,true,5
DFS,Maze,265,0.06,102,34,true,17
BFS,Maze,265,0.044,83,34,true,5
A*,Maze,265,0.073,64,34,true,8
Dijkstra,Maze,266,0.073,83,34,true,5
DFS,Maze,266,0.066,102,34,true,17
BFS,Maze,266,0.047,83,34,true,5
A*,Maze,266,0.086,64,34,true,8
Dijkstra,Maze,267,0.068,83,34,true,5
DFS,Maze,267,0.049,102,34,true,17
BFS,Maze,267,0.032,83,34,true,5
A*,Maze,267,0.05,64,34,true,8
Dijkstra,Maze,268,0.065,83,34,true,5
DFS,Maze,268,0.065,102,34,true,17
BFS,Maze,268,0.047,83,34,true,5
A*,Maze,268,0.061,64,34,true,8
Dijkstra,Maze,269,0.051,83,34,true,5
DFS,Maze,269,0.045,102,34,true,17
BFS,Maze,269,0.031,83,34,true,5
A*,Maze,269,0.05,64,34,true,8
Dijkstra,Maze,270,0.068,83,34,true,5
DFS,Maze,270,0.051,102,34,true,17
BFS,Maze,270,0.038,83,34,true,5
A*,Maze,270,0.206,64,34,true,8
Dijkstra,Maze,271,0.075,83,34,true,5
DFS,Maze,271,0.069,102,34,true,17
BFS,Maze,271,0.052,83,34,true,5
A*,Maze,271,0.067,64,34,true,8
Dijkstra,Maze,272,0.079,83,34,true,5
DFS,Maze,272,0.071,102,34,true,17
BFS,Maze,272,0.056,83,34,true,5
A*,Maze,272,0.108,64,34,true,8
Dijkstra,Maze,273,0.075,83,34,true,5
DFS,Maze,273,0.083,102,34,true,17
BFS,Maze,273,0.055,83,34,true,5
A*,Maze,273,0.087,64,34,true,8
Dijkstra,Maze,274,0.074,83,34,true,5
DFS,Maze,274,0.068,102,34,true,17
BFS,Maze,274,0.052,83,34,true,5
A*,Maze,274,0.116,64,34,true,8
Dijkstra,Maze,275,0.077,83,34,true,5
DFS,Maze,275,0.074,102,34,true,17
BFS,Maze,275,0.055,83,34,true,5
A*,Maze,275,0.116,64,34,true,8
Dijkstra,Maze,276,0.11,83,34,true,5
DFS,Maze,276,0.095,102,34,true,17
BFS,Maze,276,0.068,83,34,true,5
A*,Maze,276,0.102,64,34,true,8
Dijkstra,Maze,277,0.105,83,34,true,5
DFS,Maze,277,0.095,102,34,true,17
BFS,Maze,277,0.066,83,34,true,5
A*,Maze,277,0.101,64,34,true,8
Dijkstra,Maze,278,0.105,83,34,true,5
DFS,Maze,278,0.091,102,34,true,17
BFS,Maze,278,0.066,83,34,true,5
A*,Maze,278,0.068,64,34,true,8
Dijkstra,Maze,279,0.086,83,34,true,5
DFS,Maze,279,0.102,102,34,true,17
BFS,Maze,279,0.079,83,34,true,5
A*,Maze,279,0.073,64,34,true,8
Dijkstra,Maze,280,0.072,83,34,true,5
DFS,Maze,280,0.113,102,34,true,17
BFS,Maze,280,0.062,83,34,true,5
A*,Maze,280,0.112,64,34,true,8
Dijkstra,Maze,281,0.076,83,34,true,5
DFS,Maze,281,0.073,102,34,true,17
BFS,Maze,281,0.052,83,34,true,5
A*,Maze,281,0.082,64,34,true,8
Dijkstra,Maze,282,0.104,83,34,true,5
DFS,Maze,282,0.075,102,34,true,17
BFS,Maze,282,0.047,83,34,true,5
A*,Maze,282,0.063,64,34,true,8
Dijkstra,Maze,283,0.07,83,34,true,5
DFS,Maze,283,0.069,102,34,true,17
BFS,Maze,283,0.05,83,34,true,5
A*,Maze,283,0.073,64,34,true,8
Dijkstra,Maze,284,0.075,83,34,true,5
DFS,Maze,284,0.069,102,34,true,17
BFS,Maze,284,0.043,83,34,true,5
A*,Maze,284,0.064,64,34,true,8
Dijkstra,Maze,285,0.076,83,34,true,5
DFS,Maze,285,0.069,102,34,true,17
BFS,Maze,285,0.045,83,34,true,5
A*,Maze,285,0.054,64,34,true,8
Dijkstra,Maze,286,0.055,83,34,true,5
DFS,Maze,286,0.065,102,34,true,17
BFS,Maze,286,0.048,83,34,true,5
A*,Maze,286,0.08,64,34,true,8
Dijkstra,Maze,287,0.07,83,34,true,5
DFS,Maze,287,0.068,102,34,true,17
BFS,Maze,287,0.052,83,34,true,5
A*,Maze,287,0.074,64,34,true,8
Dijkstra,Maze,288,0.074,83,34,true,5
DFS,Maze,288,0.072,102,34,true,17
BFS,Maze,288,0.078,83,34,true,5
A*,Maze,288,0.076,64,34,true,8
Dijkstra,Maze,289,0.075,83,34,true,5
DFS,Maze,289,0.069,102,34,true,17
BFS,Maze,289,0.048,83,34,true,5
A*,Maze,289,0.072,64,34,true,8
Dijkstra,Maze,290,0.077,83,34,true,5
DFS,Maze,290,0.075,102,34,true,17
BFS,Maze,290,0.067,83,34,true,5
A*,Maze,290,0.098,64,34,true,8
Dijkstra,Maze,291,0.104,83,34,true,5
DFS,Maze,291,0.093,102,34,true,17
BFS,Maze,291,0.067,83,34,true,5
A*,Maze,291,0.101,64,34,true,8
Dijkstra,Maze,292,0.103,83,34,true,5
DFS,Maze,292,0.093,102,34,true,17
BFS,Maze,292,0.067,83,34,true,5
A*,Maze,292,0.098,64,34,true,8
Dijkstra,Maze,293,0.125,83,34,true,5
DFS,Maze,293,0.093,102,34,true,17
BFS,Maze,293,0.065,83,34,true,5
A*,Maze,293,0.099,64,34,true,8
Dijkstra,Maze,294,0.072,83,34,true,5
DFS,Maze,294,0.072,102,34,true,17
BFS,Maze,294,0.053,83,34,true,5
A*,Maze,294,0.081,64,34,true,8
Dijkstra,Maze,295,0.084,83,34,true,5
DFS,Maze,295,0.078,102,34,true,17
BFS,Maze,295,0.059,83,34,true,5
A*,Maze,295,0.1,64,34,true,8
Dijkstra,Maze,296,0.103,83,34,true,5
DFS,Maze,296,0.091,102,34,true,17
BFS,Maze,296,0.065,83,34,true,5
A*,Maze,296,0.098,64,34,true,8
Dijkstra,Maze,297,0.102,83,34,true,5
DFS,Maze,297,0.092,102,34,true,17
BFS,Maze,297,0.064,83,34,true,5
A*,Maze,297,0.119,64,34,true,8
Dijkstra,Maze,298,0.102,83,34,true,5
DFS,Maze,298,0.091,102,34,true,17
BFS,Maze,298,0.065,83,34,true,5
A*,Maze,298,0.096,64,34,true,8
Dijkstra,Maze,299,0.102,83,34,true,5
DFS,Maze,299,0.09,102,34,true,17
BFS,Maze,299,0.064,83,34,true,5
A*,Maze,299,0.098,64,34,true,8
Dijkstra,Maze,300,0.101,83,34,true,5
DFS,Maze,300,0.09,102,34,true,17
BFS,Maze,300,0.065,83,34,true,5
A*,Maze,300,0.097,64,34,true,8
Dijkstra,Maze,301,0.057,83,34,true,5
DFS,Maze,301,0.068,102,34,true,17
BFS,Maze,301,0.047,83,34,true,5
A*,Maze,301,0.078,64,34,true,8
Dijkstra,Maze,302,0.066,83,34,true,5
DFS,Maze,302,0.046,102,34,true,17
BFS,Maze,302,0.031,83,34,true,5
A*,Maze,302,0.052,64,34,true,8
Dijkstra,Maze,303,0.067,83,34,true,5
DFS,Maze,303,0.044,102,34,true,17
BFS,Maze,303,0.046,83,34,true,5
A*,Maze,303,0.074,64,34,true,8
Dijkstra,Maze,304,0.053,83,34,true,5
DFS,Maze,304,0.053,102,34,true,17
BFS,Maze,304,0.048,83,34,true,5
A*,Maze,304,0.064,64,34,true,8
Dijkstra,Maze,305,0.049,83,34,true,5
DFS,Maze,305,0.044,102,34,true,17
BFS,Maze,305,0.03,83,34,true,5
A*,Maze,305,0.05,64,34,true,8
Dijkstra,Maze,306,0.05,83,34,true,5
DFS,Maze,306,0.044,102,34,true,17
BFS,Maze,306,0.034,83,34,true,5
A*,Maze,306,0.072,64,34,true,8
Dijkstra,Maze,307,0.5,83,34,true,5
DFS,Maze,307,0.056,102,34,true,17
BFS,Maze,307,0.033,83,34,true,5
A*,Maze,307,0.052,64,34,true,8
Dijkstra,Maze,308,0.049,83,34,true,5
DFS,Maze,308,0.044,102,34,true,17
BFS,Maze,308,0.036,83,34,true,5
A*,Maze,308,0.074,64,34,true,8
Dijkstra,Maze,309,0.056,83,34,true,5
DFS,Maze,309,0.056,102,34,true,17
BFS,Maze,309,0.048,83,34,true,5
A*,Maze,309,0.07,64,34,true,8
Dijkstra,Maze,310,0.069,83,34,true,5
DFS,Maze,310,0.069,102,34,true,17
BFS,Maze,310,0.033,83,34,true,5
A*,Maze,310,0.066,64,34,true,8
Dijkstra,Maze,311,0.142,83,34,true,5
DFS,Maze,311,0.076,102,34,true,17
BFS,Maze,311,0.049,83,34,true,5
A*,Maze,311,0.104,64,34,true,8
Dijkstra,Maze,312,0.087,83,34,true,5
DFS,Maze,312,0.095,102,34,true,17
BFS,Maze,312,0.067,83,34,true,5
A*,Maze,312,0.102,64,34,true,8
Dijkstra,Maze,313,0.105,83,34,true,5
DFS,Maze,313,0.092,102,34,true,17
BFS,Maze,313,0.067,83,34,true,5
A*,Maze,313,0.099,64,34,true,8
Dijkstra,Maze,314,0.103,83,34,true,5
DFS,Maze,314,0.093,102,34,true,17
BFS,Maze,314,0.067,83,34,true,5
A*,Maze,314,0.125,64,34,true,8
Dijkstra,Maze,315,0.106,83,34,true,5
DFS,Maze,315,0.09,102,34,true,17
BFS,Maze,315,0.065,83,34,true,5
A*,Maze,315,0.407,64,34,true,8
Dijkstra,Maze,316,0.206,83,34,true,5
DFS,Maze,316,0.124,102,34,true,17
BFS,Maze,316,0.11,83,34,true,5
A*,Maze,316,0.174,64,34,true,8
Dijkstra,Maze,317,0.084,83,34,true,5
DFS,Maze,317,0.096,102,34,true,17
BFS,Maze,317,0.159,83,34,true,5
A*,Maze,317,0.086,64,34,true,8
Dijkstra,Maze,318,0.089,83,34,true,5
DFS,Maze,318,0.079,102,34,true,17
BFS,Maze,318,0.061,83,34,true,5
A*,Maze,318,0.084,64,34,true,8
Dijkstra,Maze,319,0.084,83,34,true,5
DFS,Maze,319,0.14,102,34,true,17
BFS,Maze,319,0.209,83,34,true,5
A*,Maze,319,0.077,64,34,true,8
Dijkstra,Maze,320,0.124,83,34,true,5
DFS,Maze,320,1.481,102,34,true,17
BFS,Maze,320,0.055,83,34,true,5
A*,Maze,320,0.172,64,34,true,8
Dijkstra,Maze,321,1.366,83,34,true,5
DFS,Maze,321,0.188,102,34,true,17
BFS,Maze,321,0.121,83,34,true,5
A*,Maze,321,0.118,64,34,true,8
Dijkstra,Maze,322,0.083,83,34,true,5
DFS,Maze,322,0.153,102,34,true,17
BFS,Maze,322,0.055,83,34,true,5
A*,Maze,322,0.081,64,34,true,8
Dijkstra,Maze,323,0.08,83,34,true,5
DFS,Maze,323,0.082,102,34,true,17
BFS,Maze,323,0.054,83,34,true,5
A*,Maze,323,0.078,64,34,true,8
Dijkstra,Maze,324,0.086,83,34,true,5
DFS,Maze,324,0.07,102,34,true,17
BFS,Maze,324,0.049,83,34,true,5
A*,Maze,324,0.288,64,34,true,8
Dijkstra,Maze,325,0.094,83,34,true,5
DFS,Maze,325,0.083,102,34,true,17
BFS,Maze,325,0.07,83,34,true,5
A*,Maze,325,0.108,64,34,true,8
Dijkstra,Maze,326,0.16,83,34,true,5
DFS,Maze,326,0.125,102,34,true,17
BFS,Maze,326,0.056,83,34,true,5
A*,Maze,326,0.075,64,34,true,8
Dijkstra,Maze,327,0.076,83,34,true,5
DFS,Maze,327,0.071,102,34,true,17
BFS,Maze,327,0.067,83,34,true,5
A*,Maze,327,0.076,64,34,true,8
Dijkstra,Maze,328,0.074,83,34,true,5
DFS,Maze,328,0.071,102,34,true,17
BFS,Maze,328,0.045,83,34,true,5
A*,Maze,328,0.071,64,34,true,8
Dijkstra,Maze,329,0.072,83,34,true,5
DFS,Maze,329,0.045,102,34,true,17
BFS,Maze,329,0.031,83,34,true,5
A*,Maze,329,0.05,64,34,true,8
Dijkstra,Maze,330,0.432,83,34,true,5
DFS,Maze,330,0.046,102,34,true,17
BFS,Maze,330,0.032,83,34,true,5
A*,Maze,330,0.074,64,34,true,8
Dijkstra,Maze,331,0.066,83,34,true,5
DFS,Maze,331,0.065,102,34,true,17
BFS,Maze,331,0.048,83,34,true,5
A*,Maze,331,0.051,64,34,true,8
Dijkstra,Maze,332,0.079,83,34,true,5
DFS,Maze,332,0.066,102,34,true,17
BFS,Maze,332,0.048,83,34,true,5
A*,Maze,332,0.097,64,34,true,8
Dijkstra,Maze,333,0.083,83,34,true,5
DFS,Maze,333,0.079,102,34,true,17
BFS,Maze,333,0.05,83,34,true,5
A*,Maze,333,0.08,64,34,true,8
Dijkstra,Maze,334,0.084,83,34,true,5
DFS,Maze,334,0.079,102,34,true,17
BFS,Maze,334,0.054,83,34,true,5
A*,Maze,334,0.081,64,34,true,8
Dijkstra,Maze,335,0.081,83,34,true,5
DFS,Maze,335,0.074,102,34,true,17
BFS,Maze,335,0.05,83,34,true,5
A*,Maze,335,0.083,64,34,true,8
Dijkstra,Maze,336,0.079,83,34,true,5
DFS,Maze,336,0.074,102,34,true,17
BFS,Maze,336,0.053,83,34,true,5
A*,Maze,336,0.079,64,34,true,8
Dijkstra,Maze,337,0.085,83,34,true,5
DFS,Maze,337,0.08,102,34,true,17
BFS,Maze,337,0.05,83,34,true,5
A*,Maze,337,0.1,64,34,true,8
Dijkstra,Maze,338,0.085,83,34,true,5
DFS,Maze,338,0.078,102,34,true,17
BFS,Maze,338,0.054,83,34,true,5
A*,Maze,338,0.083,64,34,true,8
Dijkstra,Maze,339,0.073,83,34,true,5
DFS,Maze,339,0.074,102,34,true,17
BFS,Maze,339,0.046,83,34,true,5
A*,Maze,339,0.087,64,34,true,8
Dijkstra,Maze,340,0.08,83,34,true,5
DFS,Maze,340,0.081,102,34,true,17
BFS,Maze,340,0.057,83,34,true,5
A*,Maze,340,0.083,64,34,true,8
Dijkstra,Maze,341,0.086,83,34,true,5
DFS,Maze,341,0.079,102,34,true,17
BFS,Maze,341,0.053,83,34,true,5
A*,Maze,341,0.078,64,34,true,8
Dijkstra,Maze,342,0.083,83,34,true,5
DFS,Maze,342,0.081,102,34,true,17
BFS,Maze,342,0.055,83,34,true,5
A*,Maze,342,0.079,64,34,true,8
Dijkstra,Maze,343,0.105,83,34,true,5
DFS,Maze,343,0.078,102,34,true,17
BFS,Maze,343,0.049,83,34,true,5
A*,Maze,343,0.074,64,34,true,8
Dijkstra,Maze,344,0.05,83,34,true,5
DFS,Maze,344,0.055,102,34,true,17
BFS,Maze,344,0.049,83,34,true,5
A*,Maze,344,0.08,64,34,true,8
Dijkstra,Maze,345,0.105,83,34,true,5
DFS,Maze,345,0.093,102,34,true,17
BFS,Maze,345,0.065,83,34,true,5
A*,Maze,345,0.101,64,34,true,8
Dijkstra,Maze,346,0.103,83,34,true,5
DFS,Maze,346,0.092,102,34,true,17
BFS,Maze,346,0.065,83,34,true,5
A*,Maze,346,0.101,64,34,true,8
Dijkstra,Maze,347,0.102,83,34,true,5
DFS,Maze,347,0.091,102,34,true,17
BFS,Maze,347,0.065,83,34,true,5
A*,Maze,347,0.099,64,34,true,8
Dijkstra,Maze,348,0.103,83,34,true,5
DFS,Maze,348,0.092,102,34,true,17
BFS,Maze,348,0.066,83,34,true,5
A*,Maze,348,0.099,64,34,true,8
Dijkstra,Maze,349,0.102,83,34,true,5
DFS,Maze,349,0.092,102,34,true,17
BFS,Maze,349,0.064,83,34,true,5
A*,Maze,349,0.098,64,34,true,8
Dijkstra,Maze,350,0.134,83,34,true,5
DFS,Maze,350,0.159,102,34,true,17
BFS,Maze,350,0.063,83,34,true,5
A*,Maze,350,0.091,64,34,true,8
Dijkstra,Maze,351,0.099,83,34,true,5
DFS,Maze,351,0.081,102,34,true,17
BFS,Maze,351,0.076,83,34,true,5
A*,Maze,351,0.11,64,34,true,8
Dijkstra,Maze,352,0.099,83,34,true,5
DFS,Maze,352,0.096,102,34,true,17
BFS,Maze,352,0.069,83,34,true,5
A*,Maze,352,0.101,64,34,true,8
Dijkstra,Maze,353,0.108,83,34,true,5
DFS,Maze,353,0.864,102,34,true,17
BFS,Maze,353,0.073,83,34,true,5
A*,Maze,353,0.105,64,34,true,8
Dijkstra,Maze,354,0.105,83,34,true,5
DFS,Maze,354,0.093,102,34,true,17
BFS,Maze,354,0.065,83,34,true,5
A*,Maze,354,0.077,64,34,true,8
Dijkstra,Maze,355,0.051,83,34,true,5
DFS,Maze,355,0.046,102,34,true,17
BFS,Maze,355,0.03,83,34,true,5
A*,Maze,355,0.05,64,34,true,8
Dijkstra,Maze,356,0.049,83,34,true,5
DFS,Maze,356,0.044,102,34,true,17
BFS,Maze,356,0.029,83,34,true,5
A*,Maze,356,0.05,64,34,true,8
Dijkstra,Maze,357,0.048,83,34,true,5
DFS,Maze,357,0.045,102,34,true,17
BFS,Maze,357,0.03,83,34,true,5
A*,Maze,357,0.049,64,34,true,8
Dijkstra,Maze,358,0.047,83,34,true,5
DFS,Maze,358,0.044,102,34,true,17
BFS,Maze,358,0.029,83,34,true,5
A*,Maze,358,0.064,64,34,true,8
Dijkstra,Maze,359,0.048,83,34,true,5
DFS,Maze,359,0.043,102,34,true,17
BFS,Maze,359,0.029,83,34,true,5
A*,Maze,359,0.049,64,34,true,8
Dijkstra,Maze,360,0.048,83,34,true,5
DFS,Maze,360,0.043,102,34,true,17
BFS,Maze,360,0.029,83,34,true,5
A*,Maze,360,0.049,64,34,true,8
Dijkstra,Maze,361,0.048,83,34,true,5
DFS,Maze,361,0.043,102,34,true,17
BFS,Maze,361,0.03,83,34,true,5
A*,Maze,361,0.048,64,34,true,8
Dijkstra,Maze,362,0.048,83,34,true,5
DFS,Maze,362,0.044,102,34,true,17
BFS,Maze,362,0.028,83,34,true,5
A*,Maze,362,0.047,64,34,true,8
Dijkstra,Maze,363,0.048,83,34,true,5
DFS,Maze,363,0.044,102,34,true,17
BFS,Maze,363,0.029,83,34,true,5
A*,Maze,363,0.049,64,34,true,8
Dijkstra,Maze,364,0.05,83,34,true,5
DFS,Maze,364,0.043,102,34,true,17
BFS,Maze,364,0.029,83,34,true,5
A*,Maze,364,0.049,64,34,true,8
Dijkstra,Maze,365,0.048,83,34,true,5
DFS,Maze,365,0.043,102,34,true,17
BFS,Maze,365,0.03,83,34,true,5
A*,Maze,365,0.047,64,34,true,8
Dijkstra,Maze,366,0.048,83,34,true,5
DFS,Maze,366,0.043,102,34,true,17
BFS,Maze,366,0.03,83,34,true,5
A*,Maze,366,0.047,64,34,true,8
Dijkstra,Maze,367,0.047,83,34,true,5
DFS,Maze,367,0.044,102,34,true,17
BFS,Maze,367,0.029,83,34,true,5
A*,Maze,367,0.061,64,34,true,8
Dijkstra,Maze,368,0.049,83,34,true,5
DFS,Maze,368,0.053,102,34,true,17
BFS,Maze,368,0.044,83,34,true,5
A*,Maze,368,0.058,64,34,true,8
Dijkstra,Maze,369,0.049,83,34,true,5
DFS,Maze,369,0.043,102,34,true,17
BFS,Maze,369,0.031,83,34,true,5
A*,Maze,369,0.048,64,34,true,8
Dijkstra,Maze,370,0.048,83,34,true,5
DFS,Maze,370,0.045,102,34,true,17
BFS,Maze,370,0.031,83,34,true,5
A*,Maze,370,0.05,64,34,true,8
Dijkstra,Maze,371,0.048,83,34,true,5
DFS,Maze,371,0.044,102,34,true,17
BFS,Maze,371,0.028,83,34,true,5
A*,Maze,371,0.06,64,34,true,8
Dijkstra,Maze,372,0.048,83,34,true,5
DFS,Maze,372,0.043,102,34,true,17
BFS,Maze,372,0.029,83,34,true,5
A*,Maze,372,0.048,64,34,true,8
Dijkstra,Maze,373,0.048,83,34,true,5
DFS,Maze,373,0.042,102,34,true,17
BFS,Maze,373,0.03,83,34,true,5
A*,Maze,373,0.048,64,34,true,8
Dijkstra,Maze,374,0.047,83,34,true,5
DFS,Maze,374,0.043,102,34,true,17
BFS,Maze,374,0.03,83,34,true,5
A*,Maze,374,0.047,64,34,true,8
Dijkstra,Maze,375,0.049,83,34,true,5
DFS,Maze,375,0.044,102,34,true,17
BFS,Maze,375,0.029,83,34,true,5
A*,Maze,375,0.049,64,34,true,8
Dijkstra,Maze,376,0.048,83,34,true,5
DFS,Maze,376,0.462,102,34,true,17
BFS,Maze,376,0.054,83,34,true,5
A*,Maze,376,0.083,64,34,true,8
Dijkstra,Maze,377,0.084,83,34,true,5
DFS,Maze,377,0.08,102,34,true,17
BFS,Maze,377,0.053,83,34,true,5
A*,Maze,377,0.084,64,34,true,8
Dijkstra,Maze,378,0.083,83,34,true,5
DFS,Maze,378,0.079,102,34,true,17
BFS,Maze,378,0.053,83,34,true,5
A*,Maze,378,0.084,64,34,true,8
Dijkstra,Maze,379,0.084,83,34,true,5
DFS,Maze,379,0.08,102,34,true,17
BFS,Maze,379,0.057,83,34,true,5
A*,Maze,379,0.081,64,34,true,8
Dijkstra,Maze,380,0.082,83,34,true,5
DFS,Maze,380,0.063,102,34,true,17
BFS,Maze,380,0.032,83,34,true,5
A*,Maze,380,0.051,64,34,true,8
Dijkstra,Maze,381,0.05,83,34,true,5
DFS,Maze,381,0.044,102,34,true,17
BFS,Maze,381,0.03,83,34,true,5
A*,Maze,381,0.05,64,34,true,8
Dijkstra,Maze,382,0.049,83,34,true,5
DFS,Maze,382,0.043,102,34,true,17
BFS,Maze,382,0.03,83,34,true,5
A*,Maze,382,0.051,64,34,true,8
Dijkstra,Maze,383,0.047,83,34,true,5
DFS,Maze,383,0.044,102,34,true,17
BFS,Maze,383,0.03,83,34,true,5
A*,Maze,383,0.048,64,34,true,8
Dijkstra,Maze,384,0.047,83,34,true,5
DFS,Maze,384,0.051,102,34,true,17
BFS,Maze,384,0.03,83,34,true,5
A*,Maze,384,0.058,64,34,true,8
Dijkstra,Maze,385,0.075,83,34,true,5
DFS,Maze,385,0.068,102,34,true,17
BFS,Maze,385,0.046,83,34,true,5
A*,Maze,385,0.056,64,34,true,8
Dijkstra,Maze,386,0.05,83,34,true,5
DFS,Maze,386,0.044,102,34,true,17
BFS,Maze,386,0.031,83,34,true,5
A*,Maze,386,0.05,64,34,true,8
Dijkstra,Maze,387,0.048,83,34,true,5
DFS,Maze,387,0.044,102,34,true,17
BFS,Maze,387,0.03,83,34,true,5
A*,Maze,387,0.05,64,34,true,8
Dijkstra,Maze,388,0.048,83,34,true,5
DFS,Maze,388,0.045,102,34,true,17
BFS,Maze,388,0.03,83,34,true,5
A*,Maze,388,0.077,64,34,true,8
Dijkstra,Maze,389,0.06,83,34,true,5
DFS,Maze,389,0.046,102,34,true,17
BFS,Maze,389,0.03,83,34,true,5
A*,Maze,389,0.051,64,34,true,8
Dijkstra,Maze,390,0.059,83,34,true,5
DFS,Maze,390,0.066,102,34,true,17
BFS,Maze,390,0.031,83,34,true,5
A*,Maze,390,0.051,64,34,true,8
Dijkstra,Maze,391,0.05,83,34,true,5
DFS,Maze,391,0.043,102,34,true,17
BFS,Maze,391,0.031,83,34,true,5
A*,Maze,391,0.049,64,34,true,8
Dijkstra,Maze,392,0.049,83,34,true,5
DFS,Maze,392,0.045,102,34,true,17
BFS,Maze,392,0.029,83,34,true,5
A*,Maze,392,0.05,64,34,true,8
Dijkstra,Maze,393,0.063,83,34,true,5
DFS,Maze,393,0.07,102,34,true,17
BFS,Maze,393,0.044,83,34,true,5
A*,Maze,393,0.059,64,34,true,8
Dijkstra,Maze,394,0.051,83,34,true,5
DFS,Maze,394,0.059,102,34,true,17
BFS,Maze,394,0.039,83,34,true,5
A*,Maze,394,0.065,64,34,true,8
Dijkstra,Maze,395,0.069,83,34,true,5
DFS,Maze,395,0.067,102,34,true,17
BFS,Maze,395,0.045,83,34,true,5
A*,Maze,395,0.072,64,34,true,8
Dijkstra,Maze,396,0.1,83,34,true,5
DFS,Maze,396,0.083,102,34,true,17
BFS,Maze,396,0.05,83,34,true,5
A*,Maze,396,0.077,64,34,true,8
Dijkstra,Maze,397,0.089,83,34,true,5
DFS,Maze,397,0.091,102,34,true,17
BFS,Maze,397,0.052,83,34,true,5
A*,Maze,397,0.079,64,34,true,8
Dijkstra,Maze,398,0.088,83,34,true,5
DFS,Maze,398,0.084,102,34,true,17
BFS,Maze,398,0.057,83,34,true,5
A*,Maze,398,0.085,64,34,true,8
Dijkstra,Maze,399,0.087,83,34,true,5
DFS,Maze,399,0.082,102,34,true,17
BFS,Maze,399,0.535,83,34,true,5
A*,Maze,399,0.059,64,34,true,8
Dijkstra,Maze,400,0.054,83,34,true,5
DFS,Maze,400,0.062,102,34,true,17
BFS,Maze,400,0.033,83,34,true,5
A*,Maze,400,0.052,64,34,true,8
Dijkstra,Maze,401,0.056,83,34,true,5
DFS,Maze,401,0.064,102,34,true,17
BFS,Maze,401,0.033,83,34,true,5
A*,Maze,401,0.052,64,34,true,8
Dijkstra,Maze,402,0.05,83,34,true,5
DFS,Maze,402,0.045,102,34,true,17
BFS,Maze,402,0.042,83,34,true,5
A*,Maze,402,0.154,64,34,true,8
Dijkstra,Maze,403,0.113,83,34,true,5
DFS,Maze,403,0.118,102,34,true,17
BFS,Maze,403,0.087,83,34,true,5
A*,Maze,403,0.104,64,34,true,8
Dijkstra,Maze,404,0.104,83,34,true,5
DFS,Maze,404,0.092,102,34,true,17
BFS,Maze,404,0.067,83,34,true,5
A*,Maze,404,0.101,64,34,true,8
Dijkstra,Maze,405,0.101,83,34,true,5
DFS,Maze,405,0.093,102,34,true,17
BFS,Maze,405,0.065,83,34,true,5
A*,Maze,405,0.099,64,34,true,8
Dijkstra,Maze,406,0.102,83,34,true,5
DFS,Maze,406,0.091,102,34,true,17
BFS,Maze,406,0.064,83,34,true,5
A*,Maze,406,0.099,64,34,true,8
Dijkstra,Maze,407,0.104,83,34,true,5
DFS,Maze,407,0.091,102,34,true,17
BFS,Maze,407,0.079,83,34,true,5
A*,Maze,407,0.1,64,34,true,8
Dijkstra,Maze,408,0.102,83,34,true,5
DFS,Maze,408,0.077,102,34,true,17
BFS,Maze,408,0.031,83,34,true,5
A*,Maze,408,0.051,64,34,true,8
Dijkstra,Maze,409,0.05,83,34,true,5
DFS,Maze,409,0.047,102,34,true,17
BFS,Maze,409,0.033,83,34,true,5
A*,Maze,409,0.05,64,34,true,8
Dijkstra,Maze,410,0.048,83,34,true,5
DFS,Maze,410,0.043,102,34,true,17
BFS,Maze,410,0.028,83,34,true,5
A*,Maze,410,0.047,64,34,true,8
Dijkstra,Maze,411,0.049,83,34,true,5
DFS,Maze,411,0.043,102,34,true,17
BFS,Maze,411,0.029,83,34,true,5
A*,Maze,411,0.048,64,34,true,8
Dijkstra,Maze,412,0.049,83,34,true,5
DFS,Maze,412,0.042,102,34,true,17
BFS,Maze,412,0.029,83,34,true,5
A*,Maze,412,0.048,64,34,true,8
Dijkstra,Maze,413,0.047,83,34,true,5
DFS,Maze,413,0.043,102,34,true,17
BFS,Maze,413,0.03,83,34,true,5
A*,Maze,413,0.047,64,34,true,8
Dijkstra,Maze,414,0.048,83,34,true,5
DFS,Maze,414,0.043,102,34,true,17
BFS,Maze,414,0.029,83,34,true,5
A*,Maze,414,0.048,64,34,true,8
Dijkstra,Maze,415,0.048,83,34,true,5
DFS,Maze,415,0.043,102,34,true,17
BFS,Maze,415,0.029,83,34,true,5
A*,Maze,415,0.048,64,34,true,8
Dijkstra,Maze,416,0.049,83,34,true,5
DFS,Maze,416,0.043,102,34,true,17
BFS,Maze,416,0.029,83,34,true,5
A*,Maze,416,0.048,64,34,true,8
Dijkstra,Maze,417,0.049,83,34,true,5
DFS,Maze,417,0.042,102,34,true,17
BFS,Maze,417,0.03,83,34,true,5
A*,Maze,417,0.047,64,34,true,8
Dijkstra,Maze,418,0.057,83,34,true,5
DFS,Maze,418,0.043,102,34,true,17
BFS,Maze,418,0.029,83,34,true,5
A*,Maze,418,0.047,64,34,true,8
Dijkstra,Maze,419,0.048,83,34,true,5
DFS,Maze,419,0.043,102,34,true,17
BFS,Maze,419,0.029,83,34,true,5
A*,Maze,419,0.048,64,34,true,8
Dijkstra,Maze,420,0.048,83,34,true,5
DFS,Maze,420,0.042,102,34,true,17
BFS,Maze,420,0.029,83,34,true,5
A*,Maze,420,0.049,64,34,true,8
Dijkstra,Maze,421,0.05,83,34,true,5
DFS,Maze,421,0.044,102,34,true,17
BFS,Maze,421,0.031,83,34,true,5
A*,Maze,421,0.048,64,34,true,8
Dijkstra,Maze,422,0.048,83,34,true,5
DFS,Maze,422,0.045,102,34,true,17
BFS,Maze,422,0.423,83,34,true,5
A*,Maze,422,0.094,64,34,true,8
Dijkstra,Maze,423,0.081,83,34,true,5
DFS,Maze,423,0.081,102,34,true,17
BFS,Maze,423,0.056,83,34,true,5
A*,Maze,423,0.08,64,34,true,8
Dijkstra,Maze,424,0.082,83,34,true,5
DFS,Maze,424,0.079,102,34,true,17
BFS,Maze,424,0.049,83,34,true,5
A*,Maze,424,0.079,64,34,true,8
Dijkstra,Maze,425,0.082,83,34,true,5
DFS,Maze,425,0.077,102,34,true,17
BFS,Maze,425,0.052,83,34,true,5
A*,Maze,425,0.082,64,34,true,8
Dijkstra,Maze,426,0.084,83,34,true,5
DFS,Maze,426,0.076,102,34,true,17
BFS,Maze,426,0.057,83,34,true,5
A*,Maze,426,0.082,64,34,true,8
Dijkstra,Maze,427,0.082,83,34,true,5
DFS,Maze,427,0.079,102,34,true,17
BFS,Maze,427,0.057,83,34,true,5
A*,Maze,427,0.099,64,34,true,8
Dijkstra,Maze,428,0.083,83,34,true,5
DFS,Maze,428,0.081,102,34,true,17
BFS,Maze,428,0.055,83,34,true,5
A*,Maze,428,0.081,64,34,true,8
Dijkstra,Maze,429,0.084,83,34,true,5
DFS,Maze,429,0.078,102,34,true,17
BFS,Maze,429,0.055,83,34,true,5
A*,Maze,429,0.084,64,34,true,8
Dijkstra,Maze,430,0.087,83,34,true,5
DFS,Maze,430,0.079,102,34,true,17
BFS,Maze,430,0.057,83,34,true,5
A*,Maze,430,0.082,64,34,true,8
Dijkstra,Maze,431,0.081,83,34,true,5
DFS,Maze,431,0.077,102,34,true,17
BFS,Maze,431,0.056,83,34,true,5
A*,Maze,431,0.068,64,34,true,8
Dijkstra,Maze,432,0.051,83,34,true,5
DFS,Maze,432,0.045,102,34,true,17
BFS,Maze,432,0.039,83,34,true,5
A*,Maze,432,0.051,64,34,true,8
Dijkstra,Maze,433,0.14,83,34,true,5
DFS,Maze,433,0.072,102,34,true,17
BFS,Maze,433,0.036,83,34,true,5
A*,Maze,433,0.055,64,34,true,8
Dijkstra,Maze,434,0.058,83,34,true,5
DFS,Maze,434,0.382,102,34,true,17
BFS,Maze,434,0.064,83,34,true,5
A*,Maze,434,0.09,64,34,true,8
Dijkstra,Maze,435,0.087,83,34,true,5
DFS,Maze,435,0.086,102,34,true,17
BFS,Maze,435,0.058,83,34,true,5
A*,Maze,435,0.084,64,34,true,8
Dijkstra,Maze,436,0.089,83,34,true,5
DFS,Maze,436,0.085,102,34,true,17
BFS,Maze,436,0.053,83,34,true,5
A*,Maze,436,0.087,64,34,true,8
Dijkstra,Maze,437,0.092,83,34,true,5
DFS,Maze,437,0.088,102,34,true,17
BFS,Maze,437,0.058,83,34,true,5
A*,Maze,437,0.104,64,34,true,8
Dijkstra,Maze,438,0.089,83,34,true,5
DFS,Maze,438,0.083,102,34,true,17
BFS,Maze,438,0.057,83,34,true,5
A*,Maze,438,0.085,64,34,true,8
Dijkstra,Maze,439,0.085,83,34,true,5
DFS,Maze,439,0.083,102,34,true,17
BFS,Maze,439,0.058,83,34,true,5
A*,Maze,439,0.083,64,34,true,8
Dijkstra,Maze,440,0.085,83,34,true,5
DFS,Maze,440,0.082,102,34,true,17
BFS,Maze,440,0.056,83,34,true,5
A*,Maze,440,0.116,64,34,true,8
Dijkstra,Maze,441,0.066,83,34,true,5
DFS,Maze,441,0.048,102,34,true,17
BFS,Maze,441,0.034,83,34,true,5
A*,Maze,441,0.051,64,34,true,8
Dijkstra,Maze,442,0.064,83,34,true,5
DFS,Maze,442,0.045,102,34,true,17
BFS,Maze,442,0.032,83,34,true,5
A*,Maze,442,0.051,64,34,true,8
Dijkstra,Maze,443,0.048,83,34,true,5
DFS,Maze,443,0.293,102,34,true,17
BFS,Maze,443,0.101,83,34,true,5
A*,Maze,443,0.072,64,34,true,8
Dijkstra,Maze,444,0.082,83,34,true,5
DFS,Maze,444,0.076,102,34,true,17
BFS,Maze,444,0.034,83,34,true,5
A*,Maze,444,0.051,64,34,true,8
Dijkstra,Maze,445,0.051,83,34,true,5
DFS,Maze,445,0.046,102,34,true,17
BFS,Maze,445,0.049,83,34,true,5
A*,Maze,445,0.533,64,34,true,8
Dijkstra,Maze,446,0.052,83,34,true,5
DFS,Maze,446,0.047,102,34,true,17
BFS,Maze,446,0.045,83,34,true,5
A*,Maze,446,0.052,64,34,true,8
Dijkstra,Maze,447,0.05,83,34,true,5
DFS,Maze,447,0.044,102,34,true,17
BFS,Maze,447,0.031,83,34,true,5
A*,Maze,447,0.052,64,34,true,8
Dijkstra,Maze,448,0.049,83,34,true,5
DFS,Maze,448,0.045,102,34,true,17
BFS,Maze,448,0.031,83,34,true,5
A*,Maze,448,0.06,64,34,true,8
Dijkstra,Maze,449,0.064,83,34,true,5
DFS,Maze,449,0.046,102,34,true,17
BFS,Maze,449,0.03,83,34,true,5
A*,Maze,449,0.049,64,34,true,8
Dijkstra,Maze,450,0.049,83,34,true,5
DFS,Maze,450,0.044,102,34,true,17
BFS,Maze,450,0.03,83,34,true,5
A*,Maze,450,0.05,64,34,true,8
Dijkstra,Maze,451,0.074,83,34,true,5
DFS,Maze,451,0.066,102,34,true,17
BFS,Maze,451,0.032,83,34,true,5
A*,Maze,451,0.058,64,34,true,8
Dijkstra,Maze,452,0.054,83,34,true,5
DFS,Maze,452,0.043,102,34,true,17
BFS,Maze,452,0.03,83,34,true,5
A*,Maze,452,0.048,64,34,true,8
Dijkstra,Maze,453,0.048,83,34,true,5
DFS,Maze,453,0.044,102,34,true,17
BFS,Maze,453,0.03,83,34,true,5
A*,Maze,453,0.047,64,34,true,8
Dijkstra,Maze,454,0.048,83,34,true,5
DFS,Maze,454,0.045,102,34,true,17
BFS,Maze,454,0.029,83,34,true,5
A*,Maze,454,0.048,64,34,true,8
Dijkstra,Maze,455,0.049,83,34,true,5
DFS,Maze,455,0.044,102,34,true,17
BFS,Maze,455,0.029,83,34,true,5
A*,Maze,455,0.05,64,34,true,8
Dijkstra,Maze,456,0.05,83,34,true,5
DFS,Maze,456,0.045,102,34,true,17
BFS,Maze,456,0.032,83,34,true,5
A*,Maze,456,0.049,64,34,true,8
Dijkstra,Maze,457,0.048,83,34,true,5
DFS,Maze,457,0.044,102,34,true,17
BFS,Maze,457,0.029,83,34,true,5
A*,Maze,457,0.047,64,34,true,8
Dijkstra,Maze,458,0.049,83,34,true,5
DFS,Maze,458,0.043,102,34,true,17
BFS,Maze,458,0.03,83,34,true,5
A*,Maze,458,0.049,64,34,true,8
Dijkstra,Maze,459,0.047,83,34,true,5
DFS,Maze,459,0.043,102,34,true,17
BFS,Maze,459,0.029,83,34,true,5
A*,Maze,459,0.048,64,34,true,8
Dijkstra,Maze,460,0.048,83,34,true,5
DFS,Maze,460,0.043,102,34,true,17
BFS,Maze,460,0.03,83,34,true,5
A*,Maze,460,0.047,64,34,true,8
Dijkstra,Maze,461,0.048,83,34,true,5
DFS,Maze,461,0.043,102,34,true,17
BFS,Maze,461,0.03,83,34,true,5
A*,Maze,461,0.047,64,34,true,8
Dijkstra,Maze,462,0.048,83,34,true,5
DFS,Maze,462,0.044,102,34,true,17
BFS,Maze,462,0.029,83,34,true,5
A*,Maze,462,0.048,64,34,true,8
Dijkstra,Maze,463,0.048,83,34,true,5
DFS,Maze,463,0.044,102,34,true,17
BFS,Maze,463,0.028,83,34,true,5
A*,Maze,463,0.047,64,34,true,8
Dijkstra,Maze,464,0.048,83,34,true,5
DFS,Maze,464,0.05,102,34,true,17
BFS,Maze,464,0.03,83,34,true,5
A*,Maze,464,0.056,64,34,true,8
Dijkstra,Maze,465,0.455,83,34,true,5
DFS,Maze,465,0.076,102,34,true,17
BFS,Maze,465,0.055,83,34,true,5
A*,Maze,465,0.076,64,34,true,8
Dijkstra,Maze,466,0.083,83,34,true,5
DFS,Maze,466,0.08,102,34,true,17
BFS,Maze,466,0.054,83,34,true,5
A*,Maze,466,0.081,64,34,true,8
Dijkstra,Maze,467,0.084,83,34,true,5
DFS,Maze,467,0.079,102,34,true,17
BFS,Maze,467,0.054,83,34,true,5
A*,Maze,467,0.083,64,34,true,8
Dijkstra,Maze,468,0.08,83,34,true,5
DFS,Maze,468,0.078,102,34,true,17
BFS,Maze,468,0.053,83,34,true,5
A*,Maze,468,0.342,64,34,true,8
Dijkstra,Maze,469,0.051,83,34,true,5
DFS,Maze,469,0.046,102,34,true,17
BFS,Maze,469,0.032,83,34,true,5
A*,Maze,469,0.05,64,34,true,8
Dijkstra,Maze,470,0.048,83,34,true,5
DFS,Maze,470,0.045,102,34,true,17
BFS,Maze,470,0.03,83,34,true,5
A*,Maze,470,0.049,64,34,true,8
Dijkstra,Maze,471,0.048,83,34,true,5
DFS,Maze,471,0.044,102,34,true,17
BFS,Maze,471,0.03,83,34,true,5
A*,Maze,471,0.05,64,34,true,8
Dijkstra,Maze,472,0.049,83,34,true,5
DFS,Maze,472,0.043,102,34,true,17
BFS,Maze,472,0.029,83,34,true,5
A*,Maze,472,0.049,64,34,true,8
Dijkstra,Maze,473,0.048,83,34,true,5
DFS,Maze,473,0.042,102,34,true,17
BFS,Maze,473,0.03,83,34,true,5
A*,Maze,473,0.048,64,34,true,8
Dijkstra,Maze,474,0.048,83,34,true,5
DFS,Maze,474,0.043,102,34,true,17
BFS,Maze,474,0.029,83,34,true,5
A*,Maze,474,0.048,64,34,true,8
Dijkstra,Maze,475,0.049,83,34,true,5
DFS,Maze,475,0.045,102,34,true,17
BFS,Maze,475,0.03,83,34,true,5
A*,Maze,475,0.049,64,34,true,8
Dijkstra,Maze,476,0.049,83,34,true,5
DFS,Maze,476,0.042,102,34,true,17
BFS,Maze,476,0.028,83,34,true,5
A*,Maze,476,0.048,64,34,true,8
Dijkstra,Maze,477,0.061,83,34,true,5
DFS,Maze,477,0.042,102,34,true,17
BFS,Maze,477,0.03,83,34,true,5
A*,Maze,477,0.048,64,34,true,8
Dijkstra,Maze,478,0.047,83,34,true,5
DFS,Maze,478,0.044,102,34,true,17
BFS,Maze,478,0.029,83,34,true,5
A*,Maze,478,0.049,64,34,true,8
Dijkstra,Maze,479,0.05,83,34,true,5
DFS,Maze,479,0.046,102,34,true,17
BFS,Maze,479,0.031,83,34,true,5
A*,Maze,479,0.049,64,34,true,8
Dijkstra,Maze,480,0.047,83,34,true,5
DFS,Maze,480,0.042,102,34,true,17
BFS,Maze,480,0.029,83,34,true,5
A*,Maze,480,0.049,64,34,true,8
Dijkstra,Maze,481,0.048,83,34,true,5
DFS,Maze,481,0.042,102,34,true,17
BFS,Maze,481,0.03,83,34,true,5
A*,Maze,481,0.047,64,34,true,8
Dijkstra,Maze,482,0.048,83,34,true,5
DFS,Maze,482,0.043,102,34,true,17
BFS,Maze,482,0.03,83,34,true,5
A*,Maze,482,0.048,64,34,true,8
Dijkstra,Maze,483,0.048,83,34,true,5
DFS,Maze,483,0.043,102,34,true,17
BFS,Maze,483,0.029,83,34,true,5
A*,Maze,483,0.048,64,34,true,8
Dijkstra,Maze,484,0.049,83,34,true,5
DFS,Maze,484,0.044,102,34,true,17
BFS,Maze,484,0.029,83,34,true,5
A*,Maze,484,0.048,64,34,true,8
Dijkstra,Maze,485,0.048,83,34,true,5
DFS,Maze,485,0.042,102,34,true,17
BFS,Maze,485,0.03,83,34,true,5
A*,Maze,485,0.047,64,34,true,8
Dijkstra,Maze,486,0.058,83,34,true,5
DFS,Maze,486,0.051,102,34,true,17
BFS,Maze,486,0.031,83,34,true,5
A*,Maze,486,0.058,64,34,true,8
Dijkstra,Maze,487,0.077,83,34,true,5
DFS,Maze,487,0.067,102,34,true,17
BFS,Maze,487,0.039,83,34,true,5
A*,Maze,487,0.068,64,34,true,8
Dijkstra,Maze,488,0.074,83,34,true,5
DFS,Maze,488,0.064,102,34,true,17
BFS,Maze,488,0.046,83,34,true,5
A*,Maze,488,0.069,64,34,true,8
Dijkstra,Maze,489,0.088,83,34,true,5
DFS,Maze,489,0.081,102,34,true,17
BFS,Maze,489,0.052,83,34,true,5
A*,Maze,489,0.075,64,34,true,8
Dijkstra,Maze,490,0.085,83,34,true,5
DFS,Maze,490,0.083,102,34,true,17
BFS,Maze,490,0.053,83,34,true,5
A*,Maze,490,0.072,64,34,true,8
Dijkstra,Maze,491,0.075,83,34,true,5
DFS,Maze,491,0.073,102,34,true,17
BFS,Maze,491,0.045,83,34,true,5
A*,Maze,491,0.062,64,34,true,8
Dijkstra,Maze,492,0.501,83,34,true,5
DFS,Maze,492,0.048,102,34,true,17
BFS,Maze,492,0.033,83,34,true,5
A*,Maze,492,0.052,64,34,true,8
Dijkstra,Maze,493,0.051,83,34,true,5
DFS,Maze,493,0.046,102,34,true,17
BFS,Maze,493,0.031,83,34,true,5
A*,Maze,493,0.052,64,34,true,8
Dijkstra,Maze,494,0.051,83,34,true,5
DFS,Maze,494,0.045,102,34,true,17
BFS,Maze,494,0.048,83,34,true,5
A*,Maze,494,0.055,64,34,true,8
Dijkstra,Maze,495,0.055,83,34,true,5
DFS,Maze,495,0.055,102,34,true,17
BFS,Maze,495,0.033,83,34,true,5
A*,Maze,495,0.09,64,34,true,8
Dijkstra,Maze,496,0.05,83,34,true,5
DFS,Maze,496,0.045,102,34,true,17
BFS,Maze,496,0.032,83,34,true,5
A*,Maze,496,0.051,64,34,true,8
Dijkstra,Maze,497,0.061,83,34,true,5
DFS,Maze,497,0.046,102,34,true,17
BFS,Maze,497,0.042,83,34,true,5
A*,Maze,497,0.059,64,34,true,8
Dijkstra,Maze,498,0.083,83,34,true,5
DFS,Maze,498,0.135,102,34,true,17
BFS,Maze,498,0.051,83,34,true,5
A*,Maze,498,0.104,64,34,true,8
Dijkstra,Maze,499,0.106,83,34,true,5
DFS,Maze,499,0.092,102,34,true,17
BFS,Maze,499,0.048,83,34,true,5
A*,Maze,499,0.069,64,34,true,8
Dijkstra,Maze,500,0.07,83,34,true,5
DFS,Maze,500,0.066,102,34,true,17
BFS,Maze,500,0.047,83,34,true,5
A*,Maze,500,0.077,64,34,true,8
Dijkstra,Weighted,1,0.411,293,34,true,28
DFS,Weighted,1,0.022,34,34,true,33
BFS,Weighted,1,0.106,300,34,true,16
A*,Weighted,1,0.321,145,34,true,68
Dijkstra,Weighted,2,0.367,293,34,true,28
DFS,Weighted,2,0.022,34,34,true,33
BFS,Weighted,2,0.105,300,34,true,16
A*,Weighted,2,0.331,145,34,true,68
Dijkstra,Weighted,3,0.37,293,34,true,28
DFS,Weighted,3,0.02,34,34,true,33
BFS,Weighted,3,0.107,300,34,true,16
A*,Weighted,3,0.315,145,34,true,68
Dijkstra,Weighted,4,0.362,293,34,true,28
DFS,Weighted,4,0.022,34,34,true,33
BFS,Weighted,4,0.103,300,34,true,16
A*,Weighted,4,0.315,145,34,true,68
Dijkstra,Weighted,5,0.388,293,34,true,28
DFS,Weighted,5,0.023,34,34,true,33
BFS,Weighted,5,0.108,300,34,true,16
A*,Weighted,5,0.313,145,34,true,68
Dijkstra,Weighted,6,0.363,293,34,true,28
DFS,Weighted,6,0.02,34,34,true,33
BFS,Weighted,6,0.104,300,34,true,16
A*,Weighted,6,0.314,145,34,true,68
Dijkstra,Weighted,7,0.861,293,34,true,28
DFS,Weighted,7,0.023,34,34,true,33
BFS,Weighted,7,0.106,300,34,true,16
A*,Weighted,7,0.318,145,34,true,68
Dijkstra,Weighted,8,0.364,293,34,true,28
DFS,Weighted,8,0.021,34,34,true,33
BFS,Weighted,8,0.103,300,34,true,16
A*,Weighted,8,0.331,145,34,true,68
Dijkstra,Weighted,9,0.364,293,34,true,28
DFS,Weighted,9,0.02,34,34,true,33
BFS,Weighted,9,0.175,300,34,true,16
A*,Weighted,9,0.441,145,34,true,68
Dijkstra,Weighted,10,0.368,293,34,true,28
DFS,Weighted,10,0.022,34,34,true,33
BFS,Weighted,10,0.106,300,34,true,16
A*,Weighted,10,0.318,145,34,true,68
Dijkstra,Weighted,11,0.386,293,34,true,28
DFS,Weighted,11,0.022,34,34,true,33
BFS,Weighted,11,0.102,300,34,true,16
A*,Weighted,11,0.314,145,34,true,68
Dijkstra,Weighted,12,0.364,293,34,true,28
DFS,Weighted,12,0.029,34,34,true,33
BFS,Weighted,12,0.129,300,34,true,16
A*,Weighted,12,0.473,145,34,true,68
Dijkstra,Weighted,13,0.713,293,34,true,28
DFS,Weighted,13,0.041,34,34,true,33
BFS,Weighted,13,0.203,300,34,true,16
A*,Weighted,13,0.492,145,34,true,68
Dijkstra,Weighted,14,0.703,293,34,true,28
DFS,Weighted,14,0.043,34,34,true,33
BFS,Weighted,14,0.216,300,34,true,16
A*,Weighted,14,0.632,145,34,true,68
Dijkstra,Weighted,15,0.758,293,34,true,28
DFS,Weighted,15,0.043,34,34,true,33
BFS,Weighted,15,0.265,300,34,true,16
A*,Weighted,15,0.614,145,34,true,68
Dijkstra,Weighted,16,0.663,293,34,true,28
DFS,Weighted,16,0.037,34,34,true,33
BFS,Weighted,16,0.186,300,34,true,16
A*,Weighted,16,0.466,145,34,true,68
Dijkstra,Weighted,17,1.287,293,34,true,28
DFS,Weighted,17,0.039,34,34,true,33
BFS,Weighted,17,0.176,300,34,true,16
A*,Weighted,17,0.429,145,34,true,68
Dijkstra,Weighted,18,0.383,293,34,true,28
DFS,Weighted,18,0.021,34,34,true,33
BFS,Weighted,18,0.104,300,34,true,16
A*,Weighted,18,0.315,145,34,true,68
Dijkstra,Weighted,19,0.364,293,34,true,28
DFS,Weighted,19,0.02,34,34,true,33
BFS,Weighted,19,0.104,300,34,true,16
A*,Weighted,19,0.314,145,34,true,68
Dijkstra,Weighted,20,0.363,293,34,true,28
DFS,Weighted,20,0.021,34,34,true,33
BFS,Weighted,20,0.106,300,34,true,16
A*,Weighted,20,0.328,145,34,true,68
Dijkstra,Weighted,21,0.365,293,34,true,28
DFS,Weighted,21,0.02,34,34,true,33
BFS,Weighted,21,0.103,300,34,true,16
A*,Weighted,21,0.313,145,34,true,68
Dijkstra,Weighted,22,0.363,293,34,true,28
DFS,Weighted,22,0.02,34,34,true,33
BFS,Weighted,22,0.105,300,34,true,16
A*,Weighted,22,0.313,145,34,true,68
Dijkstra,Weighted,23,0.374,293,34,true,28
DFS,Weighted,23,0.021,34,34,true,33
BFS,Weighted,23,0.103,300,34,true,16
A*,Weighted,23,0.313,145,34,true,68
Dijkstra,Weighted,24,0.364,293,34,true,28
DFS,Weighted,24,0.02,34,34,true,33
BFS,Weighted,24,0.104,300,34,true,16
A*,Weighted,24,0.312,145,34,true,68
Dijkstra,Weighted,25,0.383,293,34,true,28
DFS,Weighted,25,0.022,34,34,true,33
BFS,Weighted,25,0.102,300,34,true,16
A*,Weighted,25,0.312,145,34,true,68
Dijkstra,Weighted,26,0.363,293,34,true,28
DFS,Weighted,26,0.02,34,34,true,33
BFS,Weighted,26,0.112,300,34,true,16
A*,Weighted,26,0.589,145,34,true,68
Dijkstra,Weighted,27,1.331,293,34,true,28
DFS,Weighted,27,0.04,34,34,true,33
BFS,Weighted,27,0.168,300,34,true,16
A*,Weighted,27,0.524,145,34,true,68
Dijkstra,Weighted,28,0.699,293,34,true,28
DFS,Weighted,28,0.041,34,34,true,33
BFS,Weighted,28,0.212,300,34,true,16
A*,Weighted,28,0.614,145,34,true,68
Dijkstra,Weighted,29,0.467,293,34,true,28
DFS,Weighted,29,0.034,34,34,true,33
BFS,Weighted,29,0.176,300,34,true,16
A*,Weighted,29,0.517,145,34,true,68
Dijkstra,Weighted,30,0.42,293,34,true,28
DFS,Weighted,30,0.023,34,34,true,33
BFS,Weighted,30,0.111,300,34,true,16
A*,Weighted,30,0.323,145,34,true,68
Dijkstra,Weighted,31,0.376,293,34,true,28
DFS,Weighted,31,0.021,34,34,true,33
BFS,Weighted,31,0.106,300,34,true,16
A*,Weighted,31,0.316,145,34,true,68
Dijkstra,Weighted,32,0.362,293,34,true,28
DFS,Weighted,32,0.021,34,34,true,33
BFS,Weighted,32,0.103,300,34,true,16
A*,Weighted,32,0.317,145,34,true,68
Dijkstra,Weighted,33,0.362,293,34,true,28
DFS,Weighted,33,0.02,34,34,true,33
BFS,Weighted,33,0.103,300,34,true,16
A*,Weighted,33,0.313,145,34,true,68
Dijkstra,Weighted,34,0.363,293,34,true,28
DFS,Weighted,34,0.02,34,34,true,33
BFS,Weighted,34,0.102,300,34,true,16
A*,Weighted,34,0.326,145,34,true,68
Dijkstra,Weighted,35,0.724,293,34,true,28
DFS,Weighted,35,0.025,34,34,true,33
BFS,Weighted,35,0.113,300,34,true,16
A*,Weighted,35,0.318,145,34,true,68
Dijkstra,Weighted,36,0.366,293,34,true,28
DFS,Weighted,36,0.021,34,34,true,33
BFS,Weighted,36,0.104,300,34,true,16
A*,Weighted,36,0.313,145,34,true,68
Dijkstra,Weighted,37,0.366,293,34,true,28
DFS,Weighted,37,0.022,34,34,true,33
BFS,Weighted,37,0.105,300,34,true,16
A*,Weighted,37,0.316,145,34,true,68
Dijkstra,Weighted,38,0.365,293,34,true,28
DFS,Weighted,38,0.021,34,34,true,33
BFS,Weighted,38,0.103,300,34,true,16
A*,Weighted,38,0.316,145,34,true,68
Dijkstra,Weighted,39,0.376,293,34,true,28
DFS,Weighted,39,0.021,34,34,true,33
BFS,Weighted,39,0.103,300,34,true,16
A*,Weighted,39,0.313,145,34,true,68
Dijkstra,Weighted,40,0.366,293,34,true,28
DFS,Weighted,40,0.021,34,34,true,33
BFS,Weighted,40,0.104,300,34,true,16
A*,Weighted,40,0.312,145,34,true,68
Dijkstra,Weighted,41,0.374,293,34,true,28
DFS,Weighted,41,0.02,34,34,true,33
BFS,Weighted,41,0.109,300,34,true,16
A*,Weighted,41,0.447,145,34,true,68
Dijkstra,Weighted,42,0.565,293,34,true,28
DFS,Weighted,42,0.037,34,34,true,33
BFS,Weighted,42,0.156,300,34,true,16
A*,Weighted,42,0.364,145,34,true,68
Dijkstra,Weighted,43,0.435,293,34,true,28
DFS,Weighted,43,0.022,34,34,true,33
BFS,Weighted,43,0.14,300,34,true,16
A*,Weighted,43,0.342,145,34,true,68
Dijkstra,Weighted,44,0.578,293,34,true,28
DFS,Weighted,44,0.032,34,34,true,33
BFS,Weighted,44,0.167,300,34,true,16
A*,Weighted,44,0.349,145,34,true,68
Dijkstra,Weighted,45,0.747,293,34,true,28
DFS,Weighted,45,0.024,34,34,true,33
BFS,Weighted,45,0.108,300,34,true,16
A*,Weighted,45,0.318,145,34,true,68
Dijkstra,Weighted,46,0.629,293,34,true,28
DFS,Weighted,46,0.023,34,34,true,33
BFS,Weighted,46,0.131,300,34,true,16
A*,Weighted,46,0.713,145,34,true,68
Dijkstra,Weighted,47,0.365,293,34,true,28
DFS,Weighted,47,0.022,34,34,true,33
BFS,Weighted,47,0.104,300,34,true,16
A*,Weighted,47,0.315,145,34,true,68
Dijkstra,Weighted,48,0.365,293,34,true,28
DFS,Weighted,48,0.02,34,34,true,33
BFS,Weighted,48,0.103,300,34,true,16
A*,Weighted,48,0.33,145,34,true,68
Dijkstra,Weighted,49,0.367,293,34,true,28
DFS,Weighted,49,0.023,34,34,true,33
BFS,Weighted,49,0.114,300,34,true,16
A*,Weighted,49,0.314,145,34,true,68
Dijkstra,Weighted,50,0.363,293,34,true,28
DFS,Weighted,50,0.02,34,34,true,33
BFS,Weighted,50,0.103,300,34,true,16
A*,Weighted,50,0.313,145,34,true,68
Dijkstra,Weighted,51,0.444,293,34,true,28
DFS,Weighted,51,0.023,34,34,true,33
BFS,Weighted,51,0.104,300,34,true,16
A*,Weighted,51,0.315,145,34,true,68
Dijkstra,Weighted,52,0.362,293,34,true,28
DFS,Weighted,52,0.02,34,34,true,33
BFS,Weighted,52,0.102,300,34,true,16
A*,Weighted,52,0.329,145,34,true,68
Dijkstra,Weighted,53,0.362,293,34,true,28
DFS,Weighted,53,0.021,34,34,true,33
BFS,Weighted,53,0.103,300,34,true,16
A*,Weighted,53,0.315,145,34,true,68
Dijkstra,Weighted,54,0.363,293,34,true,28
DFS,Weighted,54,0.02,34,34,true,33
BFS,Weighted,54,0.103,300,34,true,16
A*,Weighted,54,0.59,145,34,true,68
Dijkstra,Weighted,55,0.589,293,34,true,28
DFS,Weighted,55,0.035,34,34,true,33
BFS,Weighted,55,0.187,300,34,true,16
A*,Weighted,55,0.511,145,34,true,68
Dijkstra,Weighted,56,0.399,293,34,true,28
DFS,Weighted,56,0.022,34,34,true,33
BFS,Weighted,56,0.105,300,34,true,16
A*,Weighted,56,0.847,145,34,true,68
Dijkstra,Weighted,57,0.369,293,34,true,28
DFS,Weighted,57,0.023,34,34,true,33
BFS,Weighted,57,0.105,300,34,true,16
A*,Weighted,57,0.33,145,34,true,68
Dijkstra,Weighted,58,0.378,293,34,true,28
DFS,Weighted,58,0.021,34,34,true,33
BFS,Weighted,58,0.108,300,34,true,16
A*,Weighted,58,0.345,145,34,true,68
Dijkstra,Weighted,59,0.365,293,34,true,28
DFS,Weighted,59,0.02,34,34,true,33
BFS,Weighted,59,0.104,300,34,true,16
A*,Weighted,59,0.314,145,34,true,68
Dijkstra,Weighted,60,0.373,293,34,true,28
DFS,Weighted,60,0.022,34,34,true,33
BFS,Weighted,60,0.104,300,34,true,16
A*,Weighted,60,0.331,145,34,true,68
Dijkstra,Weighted,61,0.555,293,34,true,28
DFS,Weighted,61,0.098,34,34,true,33
BFS,Weighted,61,0.384,300,34,true,16
A*,Weighted,61,0.698,145,34,true,68
Dijkstra,Weighted,62,0.627,293,34,true,28
DFS,Weighted,62,0.036,34,34,true,33
BFS,Weighted,62,0.181,300,34,true,16
A*,Weighted,62,0.535,145,34,true,68
Dijkstra,Weighted,63,0.67,293,34,true,28
DFS,Weighted,63,0.065,34,34,true,33
BFS,Weighted,63,0.246,300,34,true,16
A*,Weighted,63,0.671,145,34,true,68
Dijkstra,Weighted,64,0.787,293,34,true,28
DFS,Weighted,64,0.044,34,34,true,33
BFS,Weighted,64,0.146,300,34,true,16
A*,Weighted,64,0.371,145,34,true,68
Dijkstra,Weighted,65,0.367,293,34,true,28
DFS,Weighted,65,0.022,34,34,true,33
BFS,Weighted,65,0.103,300,34,true,16
A*,Weighted,65,0.313,145,34,true,68
Dijkstra,Weighted,66,0.367,293,34,true,28
DFS,Weighted,66,0.02,34,34,true,33
BFS,Weighted,66,0.117,300,34,true,16
A*,Weighted,66,0.765,145,34,true,68
Dijkstra,Weighted,67,0.365,293,34,true,28
DFS,Weighted,67,0.023,34,34,true,33
BFS,Weighted,67,0.105,300,34,true,16
A*,Weighted,67,0.313,145,34,true,68
Dijkstra,Weighted,68,0.366,293,34,true,28
DFS,Weighted,68,0.02,34,34,true,33
BFS,Weighted,68,0.12,300,34,true,16
A*,Weighted,68,0.312,145,34,true,68
Dijkstra,Weighted,69,0.364,293,34,true,28
DFS,Weighted,69,0.02,34,34,true,33
BFS,Weighted,69,0.102,300,34,true,16
A*,Weighted,69,0.316,145,34,true,68
Dijkstra,Weighted,70,0.365,293,34,true,28
DFS,Weighted,70,0.02,34,34,true,33
BFS,Weighted,70,0.104,300,34,true,16
A*,Weighted,70,0.324,145,34,true,68
Dijkstra,Weighted,71,0.373,293,34,true,28
DFS,Weighted,71,0.022,34,34,true,33
BFS,Weighted,71,0.123,300,34,true,16
A*,Weighted,71,0.509,145,34,true,68
Dijkstra,Weighted,72,0.621,293,34,true,28
DFS,Weighted,72,0.041,34,34,true,33
BFS,Weighted,72,0.188,300,34,true,16
A*,Weighted,72,0.562,145,34,true,68
Dijkstra,Weighted,73,0.751,293,34,true,28
DFS,Weighted,73,0.046,34,34,true,33
BFS,Weighted,73,0.244,300,34,true,16
A*,Weighted,73,0.353,145,34,true,68
Dijkstra,Weighted,74,0.371,293,34,true,28
DFS,Weighted,74,0.022,34,34,true,33
BFS,Weighted,74,0.106,300,34,true,16
A*,Weighted,74,0.359,145,34,true,68
Dijkstra,Weighted,75,0.364,293,34,true,28
DFS,Weighted,75,0.021,34,34,true,33
BFS,Weighted,75,0.106,300,34,true,16
A*,Weighted,75,0.314,145,34,true,68
Dijkstra,Weighted,76,0.366,293,34,true,28
DFS,Weighted,76,0.02,34,34,true,33
BFS,Weighted,76,0.106,300,34,true,16
A*,Weighted,76,0.747,145,34,true,68
Dijkstra,Weighted,77,0.392,293,34,true,28
DFS,Weighted,77,0.035,34,34,true,33
BFS,Weighted,77,0.244,300,34,true,16
A*,Weighted,77,0.68,145,34,true,68
Dijkstra,Weighted,78,0.764,293,34,true,28
DFS,Weighted,78,0.042,34,34,true,33
BFS,Weighted,78,0.244,300,34,true,16
A*,Weighted,78,0.649,145,34,true,68
Dijkstra,Weighted,79,1.048,293,34,true,28
DFS,Weighted,79,0.024,34,34,true,33
BFS,Weighted,79,0.106,300,34,true,16
A*,Weighted,79,0.321,145,34,true,68
Dijkstra,Weighted,80,0.365,293,34,true,28
DFS,Weighted,80,0.021,34,34,true,33
BFS,Weighted,80,0.108,300,34,true,16
A*,Weighted,80,0.316,145,34,true,68
Dijkstra,Weighted,81,0.419,293,34,true,28
DFS,Weighted,81,0.023,34,34,true,33
BFS,Weighted,81,0.122,300,34,true,16
A*,Weighted,81,0.316,145,34,true,68
Dijkstra,Weighted,82,0.368,293,34,true,28
DFS,Weighted,82,0.021,34,34,true,33
BFS,Weighted,82,0.104,300,34,true,16
A*,Weighted,82,0.345,145,34,true,68
Dijkstra,Weighted,83,0.383,293,34,true,28
DFS,Weighted,83,0.024,34,34,true,33
BFS,Weighted,83,0.106,300,34,true,16
A*,Weighted,83,0.337,145,34,true,68
Dijkstra,Weighted,84,0.378,293,34,true,28
DFS,Weighted,84,0.021,34,34,true,33
BFS,Weighted,84,0.105,300,34,true,16
A*,Weighted,84,0.335,145,34,true,68
Dijkstra,Weighted,85,0.383,293,34,true,28
DFS,Weighted,85,0.111,34,34,true,33
BFS,Weighted,85,0.273,300,34,true,16
A*,Weighted,85,0.523,145,34,true,68
Dijkstra,Weighted,86,0.643,293,34,true,28
DFS,Weighted,86,0.031,34,34,true,33
BFS,Weighted,86,0.17,300,34,true,16
A*,Weighted,86,0.966,145,34,true,68
Dijkstra,Weighted,87,0.72,293,34,true,28
DFS,Weighted,87,0.042,34,34,true,33
BFS,Weighted,87,0.232,300,34,true,16
A*,Weighted,87,0.67,145,34,true,68
Dijkstra,Weighted,88,0.795,293,34,true,28
DFS,Weighted,88,0.041,34,34,true,33
BFS,Weighted,88,0.252,300,34,true,16
A*,Weighted,88,0.632,145,34,true,68
Dijkstra,Weighted,89,0.681,293,34,true,28
DFS,Weighted,89,0.033,34,34,true,33
BFS,Weighted,89,0.172,300,34,true,16
A*,Weighted,89,0.554,145,34,true,68
Dijkstra,Weighted,90,0.495,293,34,true,28
DFS,Weighted,90,0.035,34,34,true,33
BFS,Weighted,90,0.197,300,34,true,16
A*,Weighted,90,0.398,145,34,true,68
Dijkstra,Weighted,91,0.405,293,34,true,28
DFS,Weighted,91,0.023,34,34,true,33
BFS,Weighted,91,0.126,300,34,true,16
A*,Weighted,91,0.342,145,34,true,68
Dijkstra,Weighted,92,0.391,293,34,true,28
DFS,Weighted,92,0.033,34,34,true,33
BFS,Weighted,92,0.178,300,34,true,16
A*,Weighted,92,0.351,145,34,true,68
Dijkstra,Weighted,93,0.408,293,34,true,28
DFS,Weighted,93,0.022,34,34,true,33
BFS,Weighted,93,0.127,300,34,true,16
A*,Weighted,93,0.34,145,34,true,68
Dijkstra,Weighted,94,0.412,293,34,true,28
DFS,Weighted,94,0.021,34,34,true,33
BFS,Weighted,94,0.106,300,34,true,16
A*,Weighted,94,0.369,145,34,true,68
Dijkstra,Weighted,95,0.433,293,34,true,28
DFS,Weighted,95,0.021,34,34,true,33
BFS,Weighted,95,0.169,300,34,true,16
A*,Weighted,95,0.51,145,34,true,68
Dijkstra,Weighted,96,0.582,293,34,true,28
DFS,Weighted,96,0.036,34,34,true,33
BFS,Weighted,96,0.173,300,34,true,16
A*,Weighted,96,0.855,145,34,true,68
Dijkstra,Weighted,97,0.604,293,34,true,28
DFS,Weighted,97,0.045,34,34,true,33
BFS,Weighted,97,0.154,300,34,true,16
A*,Weighted,97,0.362,145,34,true,68
Dijkstra,Weighted,98,0.412,293,34,true,28
DFS,Weighted,98,0.034,34,34,true,33
BFS,Weighted,98,0.2,300,34,true,16
A*,Weighted,98,0.347,145,34,true,68
Dijkstra,Weighted,99,0.392,293,34,true,28
DFS,Weighted,99,0.022,34,34,true,33
BFS,Weighted,99,0.108,300,34,true,16
A*,Weighted,99,0.341,145,34,true,68
Dijkstra,Weighted,100,0.398,293,34,true,28
DFS,Weighted,100,0.022,34,34,true,33
BFS,Weighted,100,0.103,300,34,true,16
A*,Weighted,100,0.334,145,34,true,68
Dijkstra,Weighted,101,0.728,293,34,true,28
DFS,Weighted,101,0.038,34,34,true,33
BFS,Weighted,101,0.207,300,34,true,16
A*,Weighted,101,0.633,145,34,true,68
Dijkstra,Weighted,102,0.648,293,34,true,28
DFS,Weighted,102,0.06,34,34,true,33
BFS,Weighted,102,0.182,300,34,true,16
A*,Weighted,102,0.833,145,34,true,68
Dijkstra,Weighted,103,0.603,293,34,true,28
DFS,Weighted,103,0.037,34,34,true,33
BFS,Weighted,103,0.122,300,34,true,16
A*,Weighted,103,0.43,145,34,true,68
Dijkstra,Weighted,104,0.427,293,34,true,28
DFS,Weighted,104,0.032,34,34,true,33
BFS,Weighted,104,0.151,300,34,true,16
A*,Weighted,104,0.444,145,34,true,68
Dijkstra,Weighted,105,0.523,293,34,true,28
DFS,Weighted,105,0.039,34,34,true,33
BFS,Weighted,105,0.208,300,34,true,16
A*,Weighted,105,0.559,145,34,true,68
Dijkstra,Weighted,106,0.711,293,34,true,28
DFS,Weighted,106,0.033,34,34,true,33
BFS,Weighted,106,0.17,300,34,true,16
A*,Weighted,106,0.363,145,34,true,68
Dijkstra,Weighted,107,0.4,293,34,true,28
DFS,Weighted,107,0.027,34,34,true,33
BFS,Weighted,107,0.167,300,34,true,16
A*,Weighted,107,0.363,145,34,true,68
Dijkstra,Weighted,108,0.389,293,34,true,28
DFS,Weighted,108,0.028,34,34,true,33
BFS,Weighted,108,0.19,300,34,true,16
A*,Weighted,108,0.488,145,34,true,68
Dijkstra,Weighted,109,0.547,293,34,true,28
DFS,Weighted,109,0.036,34,34,true,33
BFS,Weighted,109,0.273,300,34,true,16
A*,Weighted,109,0.586,145,34,true,68
Dijkstra,Weighted,110,0.676,293,34,true,28
DFS,Weighted,110,0.042,34,34,true,33
BFS,Weighted,110,0.179,300,34,true,16
A*,Weighted,110,0.564,145,34,true,68
Dijkstra,Weighted,111,0.557,293,34,true,28
DFS,Weighted,111,0.032,34,34,true,33
BFS,Weighted,111,0.338,300,34,true,16
A*,Weighted,111,0.712,145,34,true,68
Dijkstra,Weighted,112,0.612,293,34,true,28
DFS,Weighted,112,0.041,34,34,true,33
BFS,Weighted,112,0.177,300,34,true,16
A*,Weighted,112,0.513,145,34,true,68
Dijkstra,Weighted,113,0.736,293,34,true,28
DFS,Weighted,113,0.037,34,34,true,33
BFS,Weighted,113,0.178,300,34,true,16
A*,Weighted,113,0.718,145,34,true,68
Dijkstra,Weighted,114,0.7,293,34,true,28
DFS,Weighted,114,0.036,34,34,true,33
BFS,Weighted,114,0.213,300,34,true,16
A*,Weighted,114,0.704,145,34,true,68
Dijkstra,Weighted,115,0.697,293,34,true,28
DFS,Weighted,115,0.05,34,34,true,33
BFS,Weighted,115,0.21,300,34,true,16
A*,Weighted,115,0.629,145,34,true,68
Dijkstra,Weighted,116,0.764,293,34,true,28
DFS,Weighted,116,0.048,34,34,true,33
BFS,Weighted,116,0.815,300,34,true,16
A*,Weighted,116,0.55,145,34,true,68
Dijkstra,Weighted,117,0.53,293,34,true,28
DFS,Weighted,117,0.032,34,34,true,33
BFS,Weighted,117,0.176,300,34,true,16
A*,Weighted,117,0.458,145,34,true,68
Dijkstra,Weighted,118,0.467,293,34,true,28
DFS,Weighted,118,0.03,34,34,true,33
BFS,Weighted,118,0.185,300,34,true,16
A*,Weighted,118,0.618,145,34,true,68
Dijkstra,Weighted,119,0.626,293,34,true,28
DFS,Weighted,119,0.037,34,34,true,33
BFS,Weighted,119,0.388,300,34,true,16
A*,Weighted,119,0.59,145,34,true,68
Dijkstra,Weighted,120,0.802,293,34,true,28
DFS,Weighted,120,0.041,34,34,true,33
BFS,Weighted,120,0.211,300,34,true,16
A*,Weighted,120,0.64,145,34,true,68
Dijkstra,Weighted,121,0.712,293,34,true,28
DFS,Weighted,121,0.035,34,34,true,33
BFS,Weighted,121,0.205,300,34,true,16
A*,Weighted,121,0.516,145,34,true,68
Dijkstra,Weighted,122,0.606,293,34,true,28
DFS,Weighted,122,0.04,34,34,true,33
BFS,Weighted,122,0.174,300,34,true,16
A*,Weighted,122,0.627,145,34,true,68
Dijkstra,Weighted,123,0.676,293,34,true,28
DFS,Weighted,123,0.043,34,34,true,33
BFS,Weighted,123,0.188,300,34,true,16
A*,Weighted,123,0.507,145,34,true,68
Dijkstra,Weighted,124,0.65,293,34,true,28
DFS,Weighted,124,0.035,34,34,true,33
BFS,Weighted,124,0.178,300,34,true,16
A*,Weighted,124,0.518,145,34,true,68
Dijkstra,Weighted,125,0.722,293,34,true,28
DFS,Weighted,125,0.038,34,34,true,33
BFS,Weighted,125,0.169,300,34,true,16
A*,Weighted,125,0.55,145,34,true,68
Dijkstra,Weighted,126,0.587,293,34,true,28
DFS,Weighted,126,0.038,34,34,true,33
BFS,Weighted,126,0.643,300,34,true,16
A*,Weighted,126,0.582,145,34,true,68
Dijkstra,Weighted,127,0.635,293,34,true,28
DFS,Weighted,127,0.037,34,34,true,33
BFS,Weighted,127,0.178,300,34,true,16
A*,Weighted,127,0.549,145,34,true,68
Dijkstra,Weighted,128,0.616,293,34,true,28
DFS,Weighted,128,0.037,34,34,true,33
BFS,Weighted,128,0.194,300,34,true,16
A*,Weighted,128,0.568,145,34,true,68
Dijkstra,Weighted,129,0.666,293,34,true,28
DFS,Weighted,129,0.04,34,34,true,33
BFS,Weighted,129,0.19,300,34,true,16
A*,Weighted,129,0.635,145,34,true,68
Dijkstra,Weighted,130,0.652,293,34,true,28
DFS,Weighted,130,0.039,34,34,true,33
BFS,Weighted,130,0.183,300,34,true,16
A*,Weighted,130,0.65,145,34,true,68
Dijkstra,Weighted,131,0.762,293,34,true,28
DFS,Weighted,131,0.037,34,34,true,33
BFS,Weighted,131,0.135,300,34,true,16
A*,Weighted,131,0.384,145,34,true,68
Dijkstra,Weighted,132,0.526,293,34,true,28
DFS,Weighted,132,0.027,34,34,true,33
BFS,Weighted,132,0.158,300,34,true,16
A*,Weighted,132,0.479,145,34,true,68
Dijkstra,Weighted,133,0.569,293,34,true,28
DFS,Weighted,133,0.028,34,34,true,33
BFS,Weighted,133,0.109,300,34,true,16
A*,Weighted,133,0.531,145,34,true,68
Dijkstra,Weighted,134,0.611,293,34,true,28
DFS,Weighted,134,0.037,34,34,true,33
BFS,Weighted,134,0.708,300,34,true,16
A*,Weighted,134,0.521,145,34,true,68
Dijkstra,Weighted,135,0.645,293,34,true,28
DFS,Weighted,135,0.036,34,34,true,33
BFS,Weighted,135,0.154,300,34,true,16
A*,Weighted,135,0.455,145,34,true,68
Dijkstra,Weighted,136,0.463,293,34,true,28
DFS,Weighted,136,0.022,34,34,true,33
BFS,Weighted,136,0.549,300,34,true,16
A*,Weighted,136,0.373,145,34,true,68
Dijkstra,Weighted,137,0.393,293,34,true,28
DFS,Weighted,137,0.022,34,34,true,33
BFS,Weighted,137,0.131,300,34,true,16
A*,Weighted,137,0.321,145,34,true,68
Dijkstra,Weighted,138,0.404,293,34,true,28
DFS,Weighted,138,0.025,34,34,true,33
BFS,Weighted,138,0.159,300,34,true,16
A*,Weighted,138,0.401,145,34,true,68
Dijkstra,Weighted,139,0.442,293,34,true,28
DFS,Weighted,139,0.032,34,34,true,33
BFS,Weighted,139,0.165,300,34,true,16
A*,Weighted,139,0.349,145,34,true,68
Dijkstra,Weighted,140,0.392,293,34,true,28
DFS,Weighted,140,0.021,34,34,true,33
BFS,Weighted,140,0.131,300,34,true,16
A*,Weighted,140,0.402,145,34,true,68
Dijkstra,Weighted,141,0.529,293,34,true,28
DFS,Weighted,141,0.035,34,34,true,33
BFS,Weighted,141,0.171,300,34,true,16
A*,Weighted,141,0.471,145,34,true,68
Dijkstra,Weighted,142,1.145,293,34,true,28
DFS,Weighted,142,0.066,34,34,true,33
BFS,Weighted,142,0.192,300,34,true,16
A*,Weighted,142,0.633,145,34,true,68
Dijkstra,Weighted,143,0.775,293,34,true,28
DFS,Weighted,143,0.035,34,34,true,33
BFS,Weighted,143,0.169,300,34,true,16
A*,Weighted,143,0.493,145,34,true,68
Dijkstra,Weighted,144,0.728,293,34,true,28
DFS,Weighted,144,0.045,34,34,true,33
BFS,Weighted,144,0.302,300,34,true,16
A*,Weighted,144,0.622,145,34,true,68
Dijkstra,Weighted,145,0.588,293,34,true,28
DFS,Weighted,145,0.033,34,34,true,33
BFS,Weighted,145,0.18,300,34,true,16
A*,Weighted,145,0.437,145,34,true,68
Dijkstra,Weighted,146,0.574,293,34,true,28
DFS,Weighted,146,0.043,34,34,true,33
BFS,Weighted,146,0.713,300,34,true,16
A*,Weighted,146,0.543,145,34,true,68
Dijkstra,Weighted,147,0.614,293,34,true,28
DFS,Weighted,147,0.038,34,34,true,33
BFS,Weighted,147,0.178,300,34,true,16
A*,Weighted,147,0.524,145,34,true,68
Dijkstra,Weighted,148,0.668,293,34,true,28
DFS,Weighted,148,0.047,34,34,true,33
BFS,Weighted,148,0.205,300,34,true,16
A*,Weighted,148,0.654,145,34,true,68
Dijkstra,Weighted,149,0.712,293,34,true,28
DFS,Weighted,149,0.037,34,34,true,33
BFS,Weighted,149,0.214,300,34,true,16
A*,Weighted,149,0.622,145,34,true,68
Dijkstra,Weighted,150,0.725,293,34,true,28
DFS,Weighted,150,0.044,34,34,true,33
BFS,Weighted,150,0.197,300,34,true,16
A*,Weighted,150,0.623,145,34,true,68
Dijkstra,Weighted,151,0.508,293,34,true,28
DFS,Weighted,151,0.023,34,34,true,33
BFS,Weighted,151,0.155,300,34,true,16
A*,Weighted,151,0.483,145,34,true,68
Dijkstra,Weighted,152,0.492,293,34,true,28
DFS,Weighted,152,0.029,34,34,true,33
BFS,Weighted,152,0.18,300,34,true,16
A*,Weighted,152,0.744,145,34,true,68
Dijkstra,Weighted,153,0.599,293,34,true,28
DFS,Weighted,153,0.043,34,34,true,33
BFS,Weighted,153,0.192,300,34,true,16
A*,Weighted,153,0.524,145,34,true,68
Dijkstra,Weighted,154,0.577,293,34,true,28
DFS,Weighted,154,0.035,34,34,true,33
BFS,Weighted,154,0.184,300,34,true,16
A*,Weighted,154,0.516,145,34,true,68
Dijkstra,Weighted,155,0.592,293,34,true,28
DFS,Weighted,155,0.035,34,34,true,33
BFS,Weighted,155,0.185,300,34,true,16
A*,Weighted,155,0.521,145,34,true,68
Dijkstra,Weighted,156,0.588,293,34,true,28
DFS,Weighted,156,0.034,34,34,true,33
BFS,Weighted,156,0.759,300,34,true,16
A*,Weighted,156,0.396,145,34,true,68
Dijkstra,Weighted,157,0.41,293,34,true,28
DFS,Weighted,157,0.024,34,34,true,33
BFS,Weighted,157,0.113,300,34,true,16
A*,Weighted,157,0.356,145,34,true,68
Dijkstra,Weighted,158,0.403,293,34,true,28
DFS,Weighted,158,0.023,34,34,true,33
BFS,Weighted,158,0.106,300,34,true,16
A*,Weighted,158,0.357,145,34,true,68
Dijkstra,Weighted,159,0.365,293,34,true,28
DFS,Weighted,159,0.021,34,34,true,33
BFS,Weighted,159,0.104,300,34,true,16
A*,Weighted,159,0.402,145,34,true,68
Dijkstra,Weighted,160,0.433,293,34,true,28
DFS,Weighted,160,0.021,34,34,true,33
BFS,Weighted,160,0.115,300,34,true,16
A*,Weighted,160,0.427,145,34,true,68
Dijkstra,Weighted,161,0.408,293,34,true,28
DFS,Weighted,161,0.021,34,34,true,33
BFS,Weighted,161,0.106,300,34,true,16
A*,Weighted,161,0.481,145,34,true,68
Dijkstra,Weighted,162,0.986,293,34,true,28
DFS,Weighted,162,0.039,34,34,true,33
BFS,Weighted,162,0.163,300,34,true,16
A*,Weighted,162,0.514,145,34,true,68
Dijkstra,Weighted,163,0.683,293,34,true,28
DFS,Weighted,163,0.035,34,34,true,33
BFS,Weighted,163,0.169,300,34,true,16
A*,Weighted,163,0.534,145,34,true,68
Dijkstra,Weighted,164,0.558,293,34,true,28
DFS,Weighted,164,0.033,34,34,true,33
BFS,Weighted,164,0.179,300,34,true,16
A*,Weighted,164,0.479,145,34,true,68
Dijkstra,Weighted,165,0.611,293,34,true,28
DFS,Weighted,165,0.034,34,34,true,33
BFS,Weighted,165,0.252,300,34,true,16
A*,Weighted,165,0.556,145,34,true,68
Dijkstra,Weighted,166,0.617,293,34,true,28
DFS,Weighted,166,0.038,34,34,true,33
BFS,Weighted,166,0.694,300,34,true,16
A*,Weighted,166,0.617,145,34,true,68
Dijkstra,Weighted,167,0.567,293,34,true,28
DFS,Weighted,167,0.025,34,34,true,33
BFS,Weighted,167,0.157,300,34,true,16
A*,Weighted,167,0.455,145,34,true,68
Dijkstra,Weighted,168,0.544,293,34,true,28
DFS,Weighted,168,0.065,34,34,true,33
BFS,Weighted,168,0.256,300,34,true,16
A*,Weighted,168,0.508,145,34,true,68
Dijkstra,Weighted,169,0.418,293,34,true,28
DFS,Weighted,169,0.023,34,34,true,33
BFS,Weighted,169,0.122,300,34,true,16
A*,Weighted,169,0.344,145,34,true,68
Dijkstra,Weighted,170,0.435,293,34,true,28
DFS,Weighted,170,0.021,34,34,true,33
BFS,Weighted,170,0.106,300,34,true,16
A*,Weighted,170,0.334,145,34,true,68
Dijkstra,Weighted,171,0.412,293,34,true,28
DFS,Weighted,171,0.023,34,34,true,33
BFS,Weighted,171,0.126,300,34,true,16
A*,Weighted,171,0.335,145,34,true,68
Dijkstra,Weighted,172,0.385,293,34,true,28
DFS,Weighted,172,0.028,34,34,true,33
BFS,Weighted,172,0.11,300,34,true,16
A*,Weighted,172,0.332,145,34,true,68
Dijkstra,Weighted,173,0.403,293,34,true,28
DFS,Weighted,173,0.022,34,34,true,33
BFS,Weighted,173,0.117,300,34,true,16
A*,Weighted,173,0.314,145,34,true,68
Dijkstra,Weighted,174,0.424,293,34,true,28
DFS,Weighted,174,0.033,34,34,true,33
BFS,Weighted,174,0.108,300,34,true,16
A*,Weighted,174,0.338,145,34,true,68
Dijkstra,Weighted,175,0.407,293,34,true,28
DFS,Weighted,175,0.02,34,34,true,33
BFS,Weighted,175,0.106,300,34,true,16
A*,Weighted,175,0.358,145,34,true,68
Dijkstra,Weighted,176,0.437,293,34,true,28
DFS,Weighted,176,0.533,34,34,true,33
BFS,Weighted,176,0.191,300,34,true,16
A*,Weighted,176,0.54,145,34,true,68
Dijkstra,Weighted,177,0.572,293,34,true,28
DFS,Weighted,177,0.67,34,34,true,33
BFS,Weighted,177,0.176,300,34,true,16
A*,Weighted,177,0.797,145,34,true,68
Dijkstra,Weighted,178,0.896,293,34,true,28
DFS,Weighted,178,0.035,34,34,true,33
BFS,Weighted,178,0.17,300,34,true,16
A*,Weighted,178,0.684,145,34,true,68
Dijkstra,Weighted,179,0.73,293,34,true,28
DFS,Weighted,179,0.044,34,34,true,33
BFS,Weighted,179,0.257,300,34,true,16
A*,Weighted,179,0.626,145,34,true,68
Dijkstra,Weighted,180,0.72,293,34,true,28
DFS,Weighted,180,0.042,34,34,true,33
BFS,Weighted,180,0.205,300,34,true,16
A*,Weighted,180,0.539,145,34,true,68
Dijkstra,Weighted,181,0.601,293,34,true,28
DFS,Weighted,181,0.033,34,34,true,33
BFS,Weighted,181,0.16,300,34,true,16
A*,Weighted,181,0.48,145,34,true,68
Dijkstra,Weighted,182,0.59,293,34,true,28
DFS,Weighted,182,0.039,34,34,true,33
BFS,Weighted,182,0.193,300,34,true,16
A*,Weighted,182,0.584,145,34,true,68
Dijkstra,Weighted,183,1.176,293,34,true,28
DFS,Weighted,183,0.038,34,34,true,33
BFS,Weighted,183,0.197,300,34,true,16
A*,Weighted,183,0.551,145,34,true,68
Dijkstra,Weighted,184,0.648,293,34,true,28
DFS,Weighted,184,0.04,34,34,true,33
BFS,Weighted,184,0.196,300,34,true,16
A*,Weighted,184,0.613,145,34,true,68
Dijkstra,Weighted,185,0.675,293,34,true,28
DFS,Weighted,185,0.032,34,34,true,33
BFS,Weighted,185,0.11,300,34,true,16
A*,Weighted,185,0.451,145,34,true,68
Dijkstra,Weighted,186,0.989,293,34,true,28
DFS,Weighted,186,0.043,34,34,true,33
BFS,Weighted,186,0.181,300,34,true,16
A*,Weighted,186,0.586,145,34,true,68
Dijkstra,Weighted,187,0.67,293,34,true,28
DFS,Weighted,187,0.038,34,34,true,33
BFS,Weighted,187,0.189,300,34,true,16
A*,Weighted,187,0.576,145,34,true,68
Dijkstra,Weighted,188,0.683,293,34,true,28
DFS,Weighted,188,0.031,34,34,true,33
BFS,Weighted,188,0.193,300,34,true,16
A*,Weighted,188,1.005,145,34,true,68
Dijkstra,Weighted,189,0.595,293,34,true,28
DFS,Weighted,189,0.035,34,34,true,33
BFS,Weighted,189,0.173,300,34,true,16
A*,Weighted,189,0.53,145,34,true,68
Dijkstra,Weighted,190,0.662,293,34,true,28
DFS,Weighted,190,0.04,34,34,true,33
BFS,Weighted,190,0.194,300,34,true,16
A*,Weighted,190,0.57,145,34,true,68
Dijkstra,Weighted,191,0.615,293,34,true,28
DFS,Weighted,191,0.04,34,34,true,33
BFS,Weighted,191,0.205,300,34,true,16
A*,Weighted,191,0.592,145,34,true,68
Dijkstra,Weighted,192,0.58,293,34,true,28
DFS,Weighted,192,0.022,34,34,true,33
BFS,Weighted,192,0.132,300,34,true,16
A*,Weighted,192,0.343,145,34,true,68
Dijkstra,Weighted,193,0.403,293,34,true,28
DFS,Weighted,193,0.02,34,34,true,33
BFS,Weighted,193,0.126,300,34,true,16
A*,Weighted,193,0.446,145,34,true,68
Dijkstra,Weighted,194,0.443,293,34,true,28
DFS,Weighted,194,0.023,34,34,true,33
BFS,Weighted,194,0.139,300,34,true,16
A*,Weighted,194,0.595,145,34,true,68
Dijkstra,Weighted,195,0.5,293,34,true,28
DFS,Weighted,195,0.022,34,34,true,33
BFS,Weighted,195,0.2,300,34,true,16
A*,Weighted,195,0.55,145,34,true,68
Dijkstra,Weighted,196,1.207,293,34,true,28
DFS,Weighted,196,0.025,34,34,true,33
BFS,Weighted,196,0.112,300,34,true,16
A*,Weighted,196,0.378,145,34,true,68
Dijkstra,Weighted,197,0.422,293,34,true,28
DFS,Weighted,197,0.027,34,34,true,33
BFS,Weighted,197,0.114,300,34,true,16
A*,Weighted,197,0.46,145,34,true,68
Dijkstra,Weighted,198,0.6,293,34,true,28
DFS,Weighted,198,0.039,34,34,true,33
BFS,Weighted,198,0.19,300,34,true,16
A*,Weighted,198,0.592,145,34,true,68
Dijkstra,Weighted,199,0.41,293,34,true,28
DFS,Weighted,199,0.034,34,34,true,33
BFS,Weighted,199,0.183,300,34,true,16
A*,Weighted,199,0.38,145,34,true,68
Dijkstra,Weighted,200,0.384,293,34,true,28
DFS,Weighted,200,0.021,34,34,true,33
BFS,Weighted,200,0.105,300,34,true,16
A*,Weighted,200,0.324,145,34,true,68
Dijkstra,Weighted,201,0.495,293,34,true,28
DFS,Weighted,201,0.022,34,34,true,33
BFS,Weighted,201,0.106,300,34,true,16
A*,Weighted,201,0.322,145,34,true,68
Dijkstra,Weighted,202,0.375,293,34,true,28
DFS,Weighted,202,0.022,34,34,true,33
BFS,Weighted,202,0.107,300,34,true,16
A*,Weighted,202,0.356,145,34,true,68
Dijkstra,Weighted,203,0.37,293,34,true,28
DFS,Weighted,203,0.023,34,34,true,33
BFS,Weighted,203,0.111,300,34,true,16
A*,Weighted,203,0.328,145,34,true,68
Dijkstra,Weighted,204,0.954,293,34,true,28
DFS,Weighted,204,0.037,34,34,true,33
BFS,Weighted,204,0.196,300,34,true,16
A*,Weighted,204,0.601,145,34,true,68
Dijkstra,Weighted,205,0.691,293,34,true,28
DFS,Weighted,205,0.036,34,34,true,33
BFS,Weighted,205,0.108,300,34,true,16
A*,Weighted,205,0.324,145,34,true,68
Dijkstra,Weighted,206,0.733,293,34,true,28
DFS,Weighted,206,0.021,34,34,true,33
BFS,Weighted,206,0.109,300,34,true,16
A*,Weighted,206,0.339,145,34,true,68
Dijkstra,Weighted,207,0.371,293,34,true,28
DFS,Weighted,207,0.021,34,34,true,33
BFS,Weighted,207,0.106,300,34,true,16
A*,Weighted,207,0.321,145,34,true,68
Dijkstra,Weighted,208,0.378,293,34,true,28
DFS,Weighted,208,0.023,34,34,true,33
BFS,Weighted,208,0.103,300,34,true,16
A*,Weighted,208,0.326,145,34,true,68
Dijkstra,Weighted,209,0.385,293,34,true,28
DFS,Weighted,209,0.02,34,34,true,33
BFS,Weighted,209,0.108,300,34,true,16
A*,Weighted,209,0.319,145,34,true,68
Dijkstra,Weighted,210,0.369,293,34,true,28
DFS,Weighted,210,0.021,34,34,true,33
BFS,Weighted,210,0.106,300,34,true,16
A*,Weighted,210,0.319,145,34,true,68
Dijkstra,Weighted,211,0.388,293,34,true,28
DFS,Weighted,211,0.02,34,34,true,33
BFS,Weighted,211,0.107,300,34,true,16
A*,Weighted,211,0.318,145,34,true,68
Dijkstra,Weighted,212,0.367,293,34,true,28
DFS,Weighted,212,0.02,34,34,true,33
BFS,Weighted,212,0.104,300,34,true,16
A*,Weighted,212,0.32,145,34,true,68
Dijkstra,Weighted,213,0.376,293,34,true,28
DFS,Weighted,213,0.021,34,34,true,33
BFS,Weighted,213,0.108,300,34,true,16
A*,Weighted,213,0.44,145,34,true,68
Dijkstra,Weighted,214,0.676,293,34,true,28
DFS,Weighted,214,0.033,34,34,true,33
BFS,Weighted,214,0.169,300,34,true,16
A*,Weighted,214,0.416,145,34,true,68
Dijkstra,Weighted,215,0.371,293,34,true,28
DFS,Weighted,215,0.023,34,34,true,33
BFS,Weighted,215,0.105,300,34,true,16
A*,Weighted,215,0.317,145,34,true,68
Dijkstra,Weighted,216,0.769,293,34,true,28
DFS,Weighted,216,0.022,34,34,true,33
BFS,Weighted,216,0.106,300,34,true,16
A*,Weighted,216,0.319,145,34,true,68
Dijkstra,Weighted,217,0.396,293,34,true,28
DFS,Weighted,217,0.023,34,34,true,33
BFS,Weighted,217,0.105,300,34,true,16
A*,Weighted,217,0.418,145,34,true,68
Dijkstra,Weighted,218,0.585,293,34,true,28
DFS,Weighted,218,0.023,34,34,true,33
BFS,Weighted,218,0.14,300,34,true,16
A*,Weighted,218,0.501,145,34,true,68
Dijkstra,Weighted,219,0.701,293,34,true,28
DFS,Weighted,219,0.041,34,34,true,33
BFS,Weighted,219,0.208,300,34,true,16
A*,Weighted,219,0.53,145,34,true,68
Dijkstra,Weighted,220,0.584,293,34,true,28
DFS,Weighted,220,0.036,34,34,true,33
BFS,Weighted,220,0.168,300,34,true,16
A*,Weighted,220,0.545,145,34,true,68
Dijkstra,Weighted,221,0.391,293,34,true,28
DFS,Weighted,221,0.022,34,34,true,33
BFS,Weighted,221,0.105,300,34,true,16
A*,Weighted,221,0.451,145,34,true,68
Dijkstra,Weighted,222,0.69,293,34,true,28
DFS,Weighted,222,0.043,34,34,true,33
BFS,Weighted,222,0.276,300,34,true,16
A*,Weighted,222,0.606,145,34,true,68
Dijkstra,Weighted,223,0.642,293,34,true,28
DFS,Weighted,223,0.042,34,34,true,33
BFS,Weighted,223,0.215,300,34,true,16
A*,Weighted,223,0.586,145,34,true,68
Dijkstra,Weighted,224,0.673,293,34,true,28
DFS,Weighted,224,0.039,34,34,true,33
BFS,Weighted,224,0.22,300,34,true,16
A*,Weighted,224,0.579,145,34,true,68
Dijkstra,Weighted,225,0.651,293,34,true,28
DFS,Weighted,225,0.039,34,34,true,33
BFS,Weighted,225,0.201,300,34,true,16
A*,Weighted,225,0.625,145,34,true,68
Dijkstra,Weighted,226,1.167,293,34,true,28
DFS,Weighted,226,0.038,34,34,true,33
BFS,Weighted,226,0.189,300,34,true,16
A*,Weighted,226,0.442,145,34,true,68
Dijkstra,Weighted,227,0.419,293,34,true,28
DFS,Weighted,227,0.022,34,34,true,33
BFS,Weighted,227,0.117,300,34,true,16
A*,Weighted,227,0.32,145,34,true,68
Dijkstra,Weighted,228,0.729,293,34,true,28
DFS,Weighted,228,0.035,34,34,true,33
BFS,Weighted,228,0.165,300,34,true,16
A*,Weighted,228,0.516,145,34,true,68
Dijkstra,Weighted,229,0.602,293,34,true,28
DFS,Weighted,229,0.03,34,34,true,33
BFS,Weighted,229,0.124,300,34,true,16
A*,Weighted,229,0.318,145,34,true,68
Dijkstra,Weighted,230,0.368,293,34,true,28
DFS,Weighted,230,0.021,34,34,true,33
BFS,Weighted,230,0.107,300,34,true,16
A*,Weighted,230,0.356,145,34,true,68
Dijkstra,Weighted,231,0.38,293,34,true,28
DFS,Weighted,231,0.022,34,34,true,33
BFS,Weighted,231,0.127,300,34,true,16
A*,Weighted,231,0.394,145,34,true,68
Dijkstra,Weighted,232,0.368,293,34,true,28
DFS,Weighted,232,0.021,34,34,true,33
BFS,Weighted,232,0.106,300,34,true,16
A*,Weighted,232,0.314,145,34,true,68
Dijkstra,Weighted,233,0.363,293,34,true,28
DFS,Weighted,233,0.021,34,34,true,33
BFS,Weighted,233,0.103,300,34,true,16
A*,Weighted,233,0.314,145,34,true,68
Dijkstra,Weighted,234,0.374,293,34,true,28
DFS,Weighted,234,0.02,34,34,true,33
BFS,Weighted,234,0.103,300,34,true,16
A*,Weighted,234,0.314,145,34,true,68
Dijkstra,Weighted,235,0.407,293,34,true,28
DFS,Weighted,235,0.02,34,34,true,33
BFS,Weighted,235,0.105,300,34,true,16
A*,Weighted,235,0.33,145,34,true,68
Dijkstra,Weighted,236,0.786,293,34,true,28
DFS,Weighted,236,0.022,34,34,true,33
BFS,Weighted,236,0.157,300,34,true,16
A*,Weighted,236,0.321,145,34,true,68
Dijkstra,Weighted,237,0.369,293,34,true,28
DFS,Weighted,237,0.021,34,34,true,33
BFS,Weighted,237,0.121,300,34,true,16
A*,Weighted,237,0.532,145,34,true,68
Dijkstra,Weighted,238,0.376,293,34,true,28
DFS,Weighted,238,0.024,34,34,true,33
BFS,Weighted,238,0.108,300,34,true,16
A*,Weighted,238,0.321,145,34,true,68
Dijkstra,Weighted,239,0.393,293,34,true,28
DFS,Weighted,239,0.021,34,34,true,33
BFS,Weighted,239,0.122,300,34,true,16
A*,Weighted,239,0.316,145,34,true,68
Dijkstra,Weighted,240,0.365,293,34,true,28
DFS,Weighted,240,0.021,34,34,true,33
BFS,Weighted,240,0.11,300,34,true,16
A*,Weighted,240,0.518,145,34,true,68
Dijkstra,Weighted,241,0.542,293,34,true,28
DFS,Weighted,241,0.033,34,34,true,33
BFS,Weighted,241,0.131,300,34,true,16
A*,Weighted,241,0.515,145,34,true,68
Dijkstra,Weighted,242,0.467,293,34,true,28
DFS,Weighted,242,0.034,34,34,true,33
BFS,Weighted,242,0.115,300,34,true,16
A*,Weighted,242,0.318,145,34,true,68
Dijkstra,Weighted,243,0.44,293,34,true,28
DFS,Weighted,243,0.023,34,34,true,33
BFS,Weighted,243,0.135,300,34,true,16
A*,Weighted,243,0.343,145,34,true,68
Dijkstra,Weighted,244,0.546,293,34,true,28
DFS,Weighted,244,0.031,34,34,true,33
BFS,Weighted,244,0.136,300,34,true,16
A*,Weighted,244,0.415,145,34,true,68
Dijkstra,Weighted,245,0.403,293,34,true,28
DFS,Weighted,245,0.022,34,34,true,33
BFS,Weighted,245,0.108,300,34,true,16
A*,Weighted,245,0.601,145,34,true,68
Dijkstra,Weighted,246,1.496,293,34,true,28
DFS,Weighted,246,0.023,34,34,true,33
BFS,Weighted,246,0.134,300,34,true,16
A*,Weighted,246,0.363,145,34,true,68
Dijkstra,Weighted,247,0.46,293,34,true,28
DFS,Weighted,247,0.022,34,34,true,33
BFS,Weighted,247,0.121,300,34,true,16
A*,Weighted,247,0.364,145,34,true,68
Dijkstra,Weighted,248,0.384,293,34,true,28
DFS,Weighted,248,0.021,34,34,true,33
BFS,Weighted,248,0.13,300,34,true,16
A*,Weighted,248,0.341,145,34,true,68
Dijkstra,Weighted,249,0.383,293,34,true,28
DFS,Weighted,249,0.021,34,34,true,33
BFS,Weighted,249,0.115,300,34,true,16
A*,Weighted,249,0.372,145,34,true,68
Dijkstra,Weighted,250,0.395,293,34,true,28
DFS,Weighted,250,0.021,34,34,true,33
BFS,Weighted,250,0.104,300,34,true,16
A*,Weighted,250,0.324,145,34,true,68
Dijkstra,Weighted,251,0.389,293,34,true,28
DFS,Weighted,251,0.022,34,34,true,33
BFS,Weighted,251,0.108,300,34,true,16
A*,Weighted,251,0.331,145,34,true,68
Dijkstra,Weighted,252,0.388,293,34,true,28
DFS,Weighted,252,0.021,34,34,true,33
BFS,Weighted,252,0.103,300,34,true,16
A*,Weighted,252,0.332,145,34,true,68
Dijkstra,Weighted,253,0.365,293,34,true,28
DFS,Weighted,253,0.02,34,34,true,33
BFS,Weighted,253,0.104,300,34,true,16
A*,Weighted,253,0.315,145,34,true,68
Dijkstra,Weighted,254,0.374,293,34,true,28
DFS,Weighted,254,0.02,34,34,true,33
BFS,Weighted,254,0.103,300,34,true,16
A*,Weighted,254,0.315,145,34,true,68
Dijkstra,Weighted,255,0.382,293,34,true,28
DFS,Weighted,255,0.022,34,34,true,33
BFS,Weighted,255,0.103,300,34,true,16
A*,Weighted,255,0.533,145,34,true,68
Dijkstra,Weighted,256,1.447,293,34,true,28
DFS,Weighted,256,0.037,34,34,true,33
BFS,Weighted,256,0.246,300,34,true,16
A*,Weighted,256,0.588,145,34,true,68
Dijkstra,Weighted,257,0.396,293,34,true,28
DFS,Weighted,257,0.025,34,34,true,33
BFS,Weighted,257,0.138,300,34,true,16
A*,Weighted,257,0.664,145,34,true,68
Dijkstra,Weighted,258,0.664,293,34,true,28
DFS,Weighted,258,0.039,34,34,true,33
BFS,Weighted,258,0.212,300,34,true,16
A*,Weighted,258,0.629,145,34,true,68
Dijkstra,Weighted,259,0.634,293,34,true,28
DFS,Weighted,259,0.037,34,34,true,33
BFS,Weighted,259,0.18,300,34,true,16
A*,Weighted,259,0.49,145,34,true,68
Dijkstra,Weighted,260,0.57,293,34,true,28
DFS,Weighted,260,0.033,34,34,true,33
BFS,Weighted,260,0.164,300,34,true,16
A*,Weighted,260,0.383,145,34,true,68
Dijkstra,Weighted,261,0.376,293,34,true,28
DFS,Weighted,261,0.032,34,34,true,33
BFS,Weighted,261,0.106,300,34,true,16
A*,Weighted,261,0.314,145,34,true,68
Dijkstra,Weighted,262,0.394,293,34,true,28
DFS,Weighted,262,0.022,34,34,true,33
BFS,Weighted,262,0.103,300,34,true,16
A*,Weighted,262,0.315,145,34,true,68
Dijkstra,Weighted,263,0.689,293,34,true,28
DFS,Weighted,263,0.025,34,34,true,33
BFS,Weighted,263,0.269,300,34,true,16
A*,Weighted,263,0.386,145,34,true,68
Dijkstra,Weighted,264,0.494,293,34,true,28
DFS,Weighted,264,0.022,34,34,true,33
BFS,Weighted,264,0.106,300,34,true,16
A*,Weighted,264,0.331,145,34,true,68
Dijkstra,Weighted,265,0.434,293,34,true,28
DFS,Weighted,265,0.021,34,34,true,33
BFS,Weighted,265,0.104,300,34,true,16
A*,Weighted,265,0.388,145,34,true,68
Dijkstra,Weighted,266,0.712,293,34,true,28
DFS,Weighted,266,0.022,34,34,true,33
BFS,Weighted,266,0.103,300,34,true,16
A*,Weighted,266,0.318,145,34,true,68
Dijkstra,Weighted,267,0.421,293,34,true,28
DFS,Weighted,267,0.021,34,34,true,33
BFS,Weighted,267,0.119,300,34,true,16
A*,Weighted,267,0.327,145,34,true,68
Dijkstra,Weighted,268,0.445,293,34,true,28
DFS,Weighted,268,0.037,34,34,true,33
BFS,Weighted,268,0.253,300,34,true,16
A*,Weighted,268,0.382,145,34,true,68
Dijkstra,Weighted,269,0.513,293,34,true,28
DFS,Weighted,269,0.027,34,34,true,33
BFS,Weighted,269,0.147,300,34,true,16
A*,Weighted,269,0.456,145,34,true,68
Dijkstra,Weighted,270,0.44,293,34,true,28
DFS,Weighted,270,0.028,34,34,true,33
BFS,Weighted,270,0.209,300,34,true,16
A*,Weighted,270,0.528,145,34,true,68
Dijkstra,Weighted,271,0.769,293,34,true,28
DFS,Weighted,271,0.043,34,34,true,33
BFS,Weighted,271,0.214,300,34,true,16
A*,Weighted,271,0.684,145,34,true,68
Dijkstra,Weighted,272,0.633,293,34,true,28
DFS,Weighted,272,0.061,34,34,true,33
BFS,Weighted,272,0.183,300,34,true,16
A*,Weighted,272,0.597,145,34,true,68
Dijkstra,Weighted,273,0.455,293,34,true,28
DFS,Weighted,273,0.038,34,34,true,33
BFS,Weighted,273,0.14,300,34,true,16
A*,Weighted,273,0.356,145,34,true,68
Dijkstra,Weighted,274,0.385,293,34,true,28
DFS,Weighted,274,0.022,34,34,true,33
BFS,Weighted,274,0.105,300,34,true,16
A*,Weighted,274,0.317,145,34,true,68
Dijkstra,Weighted,275,0.374,293,34,true,28
DFS,Weighted,275,0.034,34,34,true,33
BFS,Weighted,275,0.117,300,34,true,16
A*,Weighted,275,0.322,145,34,true,68
Dijkstra,Weighted,276,0.381,293,34,true,28
DFS,Weighted,276,0.021,34,34,true,33
BFS,Weighted,276,0.103,300,34,true,16
A*,Weighted,276,0.317,145,34,true,68
Dijkstra,Weighted,277,0.396,293,34,true,28
DFS,Weighted,277,0.021,34,34,true,33
BFS,Weighted,277,0.106,300,34,true,16
A*,Weighted,277,0.317,145,34,true,68
Dijkstra,Weighted,278,0.394,293,34,true,28
DFS,Weighted,278,0.021,34,34,true,33
BFS,Weighted,278,0.108,300,34,true,16
A*,Weighted,278,0.315,145,34,true,68
Dijkstra,Weighted,279,0.366,293,34,true,28
DFS,Weighted,279,0.021,34,34,true,33
BFS,Weighted,279,0.103,300,34,true,16
A*,Weighted,279,0.314,145,34,true,68
Dijkstra,Weighted,280,0.366,293,34,true,28
DFS,Weighted,280,0.021,34,34,true,33
BFS,Weighted,280,0.112,300,34,true,16
A*,Weighted,280,0.451,145,34,true,68
Dijkstra,Weighted,281,0.369,293,34,true,28
DFS,Weighted,281,0.023,34,34,true,33
BFS,Weighted,281,0.108,300,34,true,16
A*,Weighted,281,0.368,145,34,true,68
Dijkstra,Weighted,282,0.411,293,34,true,28
DFS,Weighted,282,0.022,34,34,true,33
BFS,Weighted,282,0.107,300,34,true,16
A*,Weighted,282,0.334,145,34,true,68
Dijkstra,Weighted,283,0.368,293,34,true,28
DFS,Weighted,283,0.021,34,34,true,33
BFS,Weighted,283,0.133,300,34,true,16
A*,Weighted,283,0.477,145,34,true,68
Dijkstra,Weighted,284,0.478,293,34,true,28
DFS,Weighted,284,0.026,34,34,true,33
BFS,Weighted,284,0.17,300,34,true,16
A*,Weighted,284,0.475,145,34,true,68
Dijkstra,Weighted,285,0.469,293,34,true,28
DFS,Weighted,285,0.023,34,34,true,33
BFS,Weighted,285,0.112,300,34,true,16
A*,Weighted,285,0.459,145,34,true,68
Dijkstra,Weighted,286,0.662,293,34,true,28
DFS,Weighted,286,0.046,34,34,true,33
BFS,Weighted,286,0.242,300,34,true,16
A*,Weighted,286,0.595,145,34,true,68
Dijkstra,Weighted,287,0.689,293,34,true,28
DFS,Weighted,287,0.045,34,34,true,33
BFS,Weighted,287,0.223,300,34,true,16
A*,Weighted,287,0.552,145,34,true,68
Dijkstra,Weighted,288,0.635,293,34,true,28
DFS,Weighted,288,0.033,34,34,true,33
BFS,Weighted,288,0.172,300,34,true,16
A*,Weighted,288,0.327,145,34,true,68
Dijkstra,Weighted,289,0.392,293,34,true,28
DFS,Weighted,289,0.022,34,34,true,33
BFS,Weighted,289,0.121,300,34,true,16
A*,Weighted,289,0.321,145,34,true,68
Dijkstra,Weighted,290,0.366,293,34,true,28
DFS,Weighted,290,0.021,34,34,true,33
BFS,Weighted,290,0.104,300,34,true,16
A*,Weighted,290,0.316,145,34,true,68
Dijkstra,Weighted,291,0.376,293,34,true,28
DFS,Weighted,291,0.021,34,34,true,33
BFS,Weighted,291,0.102,300,34,true,16
A*,Weighted,291,0.316,145,34,true,68
Dijkstra,Weighted,292,0.366,293,34,true,28
DFS,Weighted,292,0.02,34,34,true,33
BFS,Weighted,292,0.104,300,34,true,16
A*,Weighted,292,0.314,145,34,true,68
Dijkstra,Weighted,293,0.364,293,34,true,28
DFS,Weighted,293,0.021,34,34,true,33
BFS,Weighted,293,0.107,300,34,true,16
A*,Weighted,293,0.342,145,34,true,68
Dijkstra,Weighted,294,0.376,293,34,true,28
DFS,Weighted,294,0.021,34,34,true,33
BFS,Weighted,294,0.104,300,34,true,16
A*,Weighted,294,0.313,145,34,true,68
Dijkstra,Weighted,295,0.365,293,34,true,28
DFS,Weighted,295,0.019,34,34,true,33
BFS,Weighted,295,0.103,300,34,true,16
A*,Weighted,295,0.679,145,34,true,68
Dijkstra,Weighted,296,0.367,293,34,true,28
DFS,Weighted,296,0.021,34,34,true,33
BFS,Weighted,296,0.106,300,34,true,16
A*,Weighted,296,0.316,145,34,true,68
Dijkstra,Weighted,297,0.364,293,34,true,28
DFS,Weighted,297,0.02,34,34,true,33
BFS,Weighted,297,0.102,300,34,true,16
A*,Weighted,297,0.331,145,34,true,68
Dijkstra,Weighted,298,0.392,293,34,true,28
DFS,Weighted,298,0.058,34,34,true,33
BFS,Weighted,298,0.113,300,34,true,16
A*,Weighted,298,0.694,145,34,true,68
Dijkstra,Weighted,299,0.606,293,34,true,28
DFS,Weighted,299,0.037,34,34,true,33
BFS,Weighted,299,0.17,300,34,true,16
A*,Weighted,299,0.522,145,34,true,68
Dijkstra,Weighted,300,0.403,293,34,true,28
DFS,Weighted,300,0.022,34,34,true,33
BFS,Weighted,300,0.104,300,34,true,16
A*,Weighted,300,0.329,145,34,true,68
Dijkstra,Weighted,301,0.449,293,34,true,28
DFS,Weighted,301,0.021,34,34,true,33
BFS,Weighted,301,0.122,300,34,true,16
A*,Weighted,301,0.322,145,34,true,68
Dijkstra,Weighted,302,0.367,293,34,true,28
DFS,Weighted,302,0.021,34,34,true,33
BFS,Weighted,302,0.109,300,34,true,16
A*,Weighted,302,0.348,145,34,true,68
Dijkstra,Weighted,303,0.456,293,34,true,28
DFS,Weighted,303,0.021,34,34,true,33
BFS,Weighted,303,0.105,300,34,true,16
A*,Weighted,303,0.326,145,34,true,68
Dijkstra,Weighted,304,0.365,293,34,true,28
DFS,Weighted,304,0.02,34,34,true,33
BFS,Weighted,304,0.104,300,34,true,16
A*,Weighted,304,0.33,145,34,true,68
Dijkstra,Weighted,305,0.364,293,34,true,28
DFS,Weighted,305,0.021,34,34,true,33
BFS,Weighted,305,0.103,300,34,true,16
A*,Weighted,305,0.671,145,34,true,68
Dijkstra,Weighted,306,0.364,293,34,true,28
DFS,Weighted,306,0.021,34,34,true,33
BFS,Weighted,306,0.103,300,34,true,16
A*,Weighted,306,0.327,145,34,true,68
Dijkstra,Weighted,307,0.366,293,34,true,28
DFS,Weighted,307,0.022,34,34,true,33
BFS,Weighted,307,0.106,300,34,true,16
A*,Weighted,307,0.353,145,34,true,68
Dijkstra,Weighted,308,0.563,293,34,true,28
DFS,Weighted,308,0.039,34,34,true,33
BFS,Weighted,308,0.2,300,34,true,16
A*,Weighted,308,0.616,145,34,true,68
Dijkstra,Weighted,309,0.692,293,34,true,28
DFS,Weighted,309,0.039,34,34,true,33
BFS,Weighted,309,0.197,300,34,true,16
A*,Weighted,309,0.59,145,34,true,68
Dijkstra,Weighted,310,0.65,293,34,true,28
DFS,Weighted,310,0.039,34,34,true,33
BFS,Weighted,310,0.227,300,34,true,16
A*,Weighted,310,0.582,145,34,true,68
Dijkstra,Weighted,311,0.696,293,34,true,28
DFS,Weighted,311,0.037,34,34,true,33
BFS,Weighted,311,0.197,300,34,true,16
A*,Weighted,311,0.595,145,34,true,68
Dijkstra,Weighted,312,0.663,293,34,true,28
DFS,Weighted,312,0.041,34,34,true,33
BFS,Weighted,312,0.21,300,34,true,16
A*,Weighted,312,0.565,145,34,true,68
Dijkstra,Weighted,313,0.429,293,34,true,28
DFS,Weighted,313,0.022,34,34,true,33
BFS,Weighted,313,0.105,300,34,true,16
A*,Weighted,313,0.326,145,34,true,68
Dijkstra,Weighted,314,0.365,293,34,true,28
DFS,Weighted,314,0.021,34,34,true,33
BFS,Weighted,314,0.105,300,34,true,16
A*,Weighted,314,0.316,145,34,true,68
Dijkstra,Weighted,315,1.189,293,34,true,28
DFS,Weighted,315,0.033,34,34,true,33
BFS,Weighted,315,0.185,300,34,true,16
A*,Weighted,315,1.057,145,34,true,68
Dijkstra,Weighted,316,0.615,293,34,true,28
DFS,Weighted,316,0.038,34,34,true,33
BFS,Weighted,316,0.173,300,34,true,16
A*,Weighted,316,0.393,145,34,true,68
Dijkstra,Weighted,317,0.373,293,34,true,28
DFS,Weighted,317,0.023,34,34,true,33
BFS,Weighted,317,0.112,300,34,true,16
A*,Weighted,317,0.507,145,34,true,68
Dijkstra,Weighted,318,0.494,293,34,true,28
DFS,Weighted,318,0.034,34,34,true,33
BFS,Weighted,318,0.115,300,34,true,16
A*,Weighted,318,0.393,145,34,true,68
Dijkstra,Weighted,319,0.434,293,34,true,28
DFS,Weighted,319,0.024,34,34,true,33
BFS,Weighted,319,0.148,300,34,true,16
A*,Weighted,319,0.43,145,34,true,68
Dijkstra,Weighted,320,0.373,293,34,true,28
DFS,Weighted,320,0.021,34,34,true,33
BFS,Weighted,320,0.104,300,34,true,16
A*,Weighted,320,0.314,145,34,true,68
Dijkstra,Weighted,321,0.363,293,34,true,28
DFS,Weighted,321,0.021,34,34,true,33
BFS,Weighted,321,0.104,300,34,true,16
A*,Weighted,321,0.316,145,34,true,68
Dijkstra,Weighted,322,0.366,293,34,true,28
DFS,Weighted,322,0.02,34,34,true,33
BFS,Weighted,322,0.104,300,34,true,16
A*,Weighted,322,0.324,145,34,true,68
Dijkstra,Weighted,323,0.363,293,34,true,28
DFS,Weighted,323,0.02,34,34,true,33
BFS,Weighted,323,0.108,300,34,true,16
A*,Weighted,323,0.537,145,34,true,68
Dijkstra,Weighted,324,0.637,293,34,true,28
DFS,Weighted,324,0.039,34,34,true,33
BFS,Weighted,324,0.232,300,34,true,16
A*,Weighted,324,0.57,145,34,true,68
Dijkstra,Weighted,325,0.701,293,34,true,28
DFS,Weighted,325,0.036,34,34,true,33
BFS,Weighted,325,0.193,300,34,true,16
A*,Weighted,325,1.074,145,34,true,68
Dijkstra,Weighted,326,0.644,293,34,true,28
DFS,Weighted,326,0.042,34,34,true,33
BFS,Weighted,326,0.212,300,34,true,16
A*,Weighted,326,0.584,145,34,true,68
Dijkstra,Weighted,327,0.675,293,34,true,28
DFS,Weighted,327,0.04,34,34,true,33
BFS,Weighted,327,0.186,300,34,true,16
A*,Weighted,327,0.58,145,34,true,68
Dijkstra,Weighted,328,0.618,293,34,true,28
DFS,Weighted,328,0.04,34,34,true,33
BFS,Weighted,328,0.213,300,34,true,16
A*,Weighted,328,0.575,145,34,true,68
Dijkstra,Weighted,329,0.656,293,34,true,28
DFS,Weighted,329,0.038,34,34,true,33
BFS,Weighted,329,0.192,300,34,true,16
A*,Weighted,329,0.601,145,34,true,68
Dijkstra,Weighted,330,0.638,293,34,true,28
DFS,Weighted,330,0.037,34,34,true,33
BFS,Weighted,330,0.208,300,34,true,16
A*,Weighted,330,0.597,145,34,true,68
Dijkstra,Weighted,331,0.664,293,34,true,28
DFS,Weighted,331,0.035,34,34,true,33
BFS,Weighted,331,0.182,300,34,true,16
A*,Weighted,331,0.595,145,34,true,68
Dijkstra,Weighted,332,0.666,293,34,true,28
DFS,Weighted,332,0.038,34,34,true,33
BFS,Weighted,332,0.18,300,34,true,16
A*,Weighted,332,0.575,145,34,true,68
Dijkstra,Weighted,333,0.697,293,34,true,28
DFS,Weighted,333,0.037,34,34,true,33
BFS,Weighted,333,0.189,300,34,true,16
A*,Weighted,333,0.578,145,34,true,68
Dijkstra,Weighted,334,0.711,293,34,true,28
DFS,Weighted,334,0.039,34,34,true,33
BFS,Weighted,334,0.188,300,34,true,16
A*,Weighted,334,0.565,145,34,true,68
Dijkstra,Weighted,335,0.689,293,34,true,28
DFS,Weighted,335,0.034,34,34,true,33
BFS,Weighted,335,0.194,300,34,true,16
A*,Weighted,335,1.236,145,34,true,68
Dijkstra,Weighted,336,0.548,293,34,true,28
DFS,Weighted,336,0.035,34,34,true,33
BFS,Weighted,336,0.172,300,34,true,16
A*,Weighted,336,0.523,145,34,true,68
Dijkstra,Weighted,337,0.719,293,34,true,28
DFS,Weighted,337,0.034,34,34,true,33
BFS,Weighted,337,0.109,300,34,true,16
A*,Weighted,337,0.32,145,34,true,68
Dijkstra,Weighted,338,0.367,293,34,true,28
DFS,Weighted,338,0.021,34,34,true,33
BFS,Weighted,338,0.105,300,34,true,16
A*,Weighted,338,0.318,145,34,true,68
Dijkstra,Weighted,339,0.381,293,34,true,28
DFS,Weighted,339,0.021,34,34,true,33
BFS,Weighted,339,0.106,300,34,true,16
A*,Weighted,339,0.319,145,34,true,68
Dijkstra,Weighted,340,0.374,293,34,true,28
DFS,Weighted,340,0.021,34,34,true,33
BFS,Weighted,340,0.107,300,34,true,16
A*,Weighted,340,0.315,145,34,true,68
Dijkstra,Weighted,341,0.365,293,34,true,28
DFS,Weighted,341,0.02,34,34,true,33
BFS,Weighted,341,0.118,300,34,true,16
A*,Weighted,341,0.314,145,34,true,68
Dijkstra,Weighted,342,0.364,293,34,true,28
DFS,Weighted,342,0.021,34,34,true,33
BFS,Weighted,342,0.102,300,34,true,16
A*,Weighted,342,0.314,145,34,true,68
Dijkstra,Weighted,343,0.365,293,34,true,28
DFS,Weighted,343,0.02,34,34,true,33
BFS,Weighted,343,0.102,300,34,true,16
A*,Weighted,343,0.336,145,34,true,68
Dijkstra,Weighted,344,0.365,293,34,true,28
DFS,Weighted,344,0.02,34,34,true,33
BFS,Weighted,344,0.102,300,34,true,16
A*,Weighted,344,0.315,145,34,true,68
Dijkstra,Weighted,345,0.363,293,34,true,28
DFS,Weighted,345,0.021,34,34,true,33
BFS,Weighted,345,0.157,300,34,true,16
A*,Weighted,345,0.593,145,34,true,68
Dijkstra,Weighted,346,0.646,293,34,true,28
DFS,Weighted,346,0.036,34,34,true,33
BFS,Weighted,346,0.213,300,34,true,16
A*,Weighted,346,0.598,145,34,true,68
Dijkstra,Weighted,347,0.662,293,34,true,28
DFS,Weighted,347,0.036,34,34,true,33
BFS,Weighted,347,0.182,300,34,true,16
A*,Weighted,347,0.613,145,34,true,68
Dijkstra,Weighted,348,0.643,293,34,true,28
DFS,Weighted,348,0.038,34,34,true,33
BFS,Weighted,348,0.198,300,34,true,16
A*,Weighted,348,0.594,145,34,true,68
Dijkstra,Weighted,349,0.673,293,34,true,28
DFS,Weighted,349,0.038,34,34,true,33
BFS,Weighted,349,0.179,300,34,true,16
A*,Weighted,349,0.597,145,34,true,68
Dijkstra,Weighted,350,0.705,293,34,true,28
DFS,Weighted,350,0.031,34,34,true,33
BFS,Weighted,350,0.184,300,34,true,16
A*,Weighted,350,0.589,145,34,true,68
Dijkstra,Weighted,351,0.723,293,34,true,28
DFS,Weighted,351,0.035,34,34,true,33
BFS,Weighted,351,0.181,300,34,true,16
A*,Weighted,351,0.57,145,34,true,68
Dijkstra,Weighted,352,0.693,293,34,true,28
DFS,Weighted,352,0.035,34,34,true,33
BFS,Weighted,352,0.194,300,34,true,16
A*,Weighted,352,0.562,145,34,true,68
Dijkstra,Weighted,353,0.686,293,34,true,28
DFS,Weighted,353,0.039,34,34,true,33
BFS,Weighted,353,0.211,300,34,true,16
A*,Weighted,353,0.584,145,34,true,68
Dijkstra,Weighted,354,0.687,293,34,true,28
DFS,Weighted,354,0.04,34,34,true,33
BFS,Weighted,354,0.185,300,34,true,16
A*,Weighted,354,0.596,145,34,true,68
Dijkstra,Weighted,355,0.654,293,34,true,28
DFS,Weighted,355,0.039,34,34,true,33
BFS,Weighted,355,0.693,300,34,true,16
A*,Weighted,355,0.319,145,34,true,68
Dijkstra,Weighted,356,0.369,293,34,true,28
DFS,Weighted,356,0.023,34,34,true,33
BFS,Weighted,356,0.104,300,34,true,16
A*,Weighted,356,0.318,145,34,true,68
Dijkstra,Weighted,357,0.366,293,34,true,28
DFS,Weighted,357,0.036,34,34,true,33
BFS,Weighted,357,0.104,300,34,true,16
A*,Weighted,357,0.315,145,34,true,68
Dijkstra,Weighted,358,0.37,293,34,true,28
DFS,Weighted,358,0.021,34,34,true,33
BFS,Weighted,358,0.11,300,34,true,16
A*,Weighted,358,0.606,145,34,true,68
Dijkstra,Weighted,359,0.591,293,34,true,28
DFS,Weighted,359,0.031,34,34,true,33
BFS,Weighted,359,0.167,300,34,true,16
A*,Weighted,359,0.536,145,34,true,68
Dijkstra,Weighted,360,0.678,293,34,true,28
DFS,Weighted,360,0.073,34,34,true,33
BFS,Weighted,360,0.174,300,34,true,16
A*,Weighted,360,0.595,145,34,true,68
Dijkstra,Weighted,361,0.696,293,34,true,28
DFS,Weighted,361,0.033,34,34,true,33
BFS,Weighted,361,0.175,300,34,true,16
A*,Weighted,361,0.507,145,34,true,68
Dijkstra,Weighted,362,0.621,293,34,true,28
DFS,Weighted,362,0.042,34,34,true,33
BFS,Weighted,362,0.193,300,34,true,16
A*,Weighted,362,0.602,145,34,true,68
Dijkstra,Weighted,363,0.628,293,34,true,28
DFS,Weighted,363,0.041,34,34,true,33
BFS,Weighted,363,0.253,300,34,true,16
A*,Weighted,363,0.606,145,34,true,68
Dijkstra,Weighted,364,0.652,293,34,true,28
DFS,Weighted,364,0.039,34,34,true,33
BFS,Weighted,364,0.212,300,34,true,16
A*,Weighted,364,0.617,145,34,true,68
Dijkstra,Weighted,365,0.401,293,34,true,28
DFS,Weighted,365,0.023,34,34,true,33
BFS,Weighted,365,0.493,300,34,true,16
A*,Weighted,365,0.321,145,34,true,68
Dijkstra,Weighted,366,0.364,293,34,true,28
DFS,Weighted,366,0.021,34,34,true,33
BFS,Weighted,366,0.106,300,34,true,16
A*,Weighted,366,0.314,145,34,true,68
Dijkstra,Weighted,367,0.363,293,34,true,28
DFS,Weighted,367,0.021,34,34,true,33
BFS,Weighted,367,0.12,300,34,true,16
A*,Weighted,367,0.315,145,34,true,68
Dijkstra,Weighted,368,0.363,293,34,true,28
DFS,Weighted,368,0.021,34,34,true,33
BFS,Weighted,368,0.102,300,34,true,16
A*,Weighted,368,0.314,145,34,true,68
Dijkstra,Weighted,369,0.363,293,34,true,28
DFS,Weighted,369,0.02,34,34,true,33
BFS,Weighted,369,0.104,300,34,true,16
A*,Weighted,369,0.325,145,34,true,68
Dijkstra,Weighted,370,0.362,293,34,true,28
DFS,Weighted,370,0.02,34,34,true,33
BFS,Weighted,370,0.104,300,34,true,16
A*,Weighted,370,0.314,145,34,true,68
Dijkstra,Weighted,371,0.363,293,34,true,28
DFS,Weighted,371,0.021,34,34,true,33
BFS,Weighted,371,0.101,300,34,true,16
A*,Weighted,371,0.312,145,34,true,68
Dijkstra,Weighted,372,0.373,293,34,true,28
DFS,Weighted,372,0.02,34,34,true,33
BFS,Weighted,372,0.105,300,34,true,16
A*,Weighted,372,0.315,145,34,true,68
Dijkstra,Weighted,373,0.362,293,34,true,28
DFS,Weighted,373,0.021,34,34,true,33
BFS,Weighted,373,0.114,300,34,true,16
A*,Weighted,373,0.314,145,34,true,68
Dijkstra,Weighted,374,0.363,293,34,true,28
DFS,Weighted,374,0.02,34,34,true,33
BFS,Weighted,374,0.113,300,34,true,16
A*,Weighted,374,0.316,145,34,true,68
Dijkstra,Weighted,375,0.565,293,34,true,28
DFS,Weighted,375,0.036,34,34,true,33
BFS,Weighted,375,0.679,300,34,true,16
A*,Weighted,375,0.62,145,34,true,68
Dijkstra,Weighted,376,0.598,293,34,true,28
DFS,Weighted,376,0.043,34,34,true,33
BFS,Weighted,376,0.201,300,34,true,16
A*,Weighted,376,0.518,145,34,true,68
Dijkstra,Weighted,377,0.429,293,34,true,28
DFS,Weighted,377,0.023,34,34,true,33
BFS,Weighted,377,0.109,300,34,true,16
A*,Weighted,377,0.344,145,34,true,68
Dijkstra,Weighted,378,0.371,293,34,true,28
DFS,Weighted,378,0.02,34,34,true,33
BFS,Weighted,378,0.104,300,34,true,16
A*,Weighted,378,0.314,145,34,true,68
Dijkstra,Weighted,379,0.366,293,34,true,28
DFS,Weighted,379,0.036,34,34,true,33
BFS,Weighted,379,0.105,300,34,true,16
A*,Weighted,379,0.316,145,34,true,68
Dijkstra,Weighted,380,0.365,293,34,true,28
DFS,Weighted,380,0.022,34,34,true,33
BFS,Weighted,380,0.104,300,34,true,16
A*,Weighted,380,0.317,145,34,true,68
Dijkstra,Weighted,381,0.412,293,34,true,28
DFS,Weighted,381,0.021,34,34,true,33
BFS,Weighted,381,0.11,300,34,true,16
A*,Weighted,381,0.329,145,34,true,68
Dijkstra,Weighted,382,0.365,293,34,true,28
DFS,Weighted,382,0.022,34,34,true,33
BFS,Weighted,382,0.106,300,34,true,16
A*,Weighted,382,0.315,145,34,true,68
Dijkstra,Weighted,383,0.366,293,34,true,28
DFS,Weighted,383,0.021,34,34,true,33
BFS,Weighted,383,0.117,300,34,true,16
A*,Weighted,383,0.314,145,34,true,68
Dijkstra,Weighted,384,0.378,293,34,true,28
DFS,Weighted,384,0.021,34,34,true,33
BFS,Weighted,384,0.105,300,34,true,16
A*,Weighted,384,0.572,145,34,true,68
Dijkstra,Weighted,385,0.373,293,34,true,28
DFS,Weighted,385,0.024,34,34,true,33
BFS,Weighted,385,0.504,300,34,true,16
A*,Weighted,385,0.322,145,34,true,68
Dijkstra,Weighted,386,0.366,293,34,true,28
DFS,Weighted,386,0.023,34,34,true,33
BFS,Weighted,386,0.106,300,34,true,16
A*,Weighted,386,0.318,145,34,true,68
Dijkstra,Weighted,387,0.382,293,34,true,28
DFS,Weighted,387,0.021,34,34,true,33
BFS,Weighted,387,0.106,300,34,true,16
A*,Weighted,387,0.315,145,34,true,68
Dijkstra,Weighted,388,0.367,293,34,true,28
DFS,Weighted,388,0.022,34,34,true,33
BFS,Weighted,388,0.103,300,34,true,16
A*,Weighted,388,0.316,145,34,true,68
Dijkstra,Weighted,389,0.366,293,34,true,28
DFS,Weighted,389,0.021,34,34,true,33
BFS,Weighted,389,0.104,300,34,true,16
A*,Weighted,389,0.328,145,34,true,68
Dijkstra,Weighted,390,0.366,293,34,true,28
DFS,Weighted,390,0.021,34,34,true,33
BFS,Weighted,390,0.106,300,34,true,16
A*,Weighted,390,0.313,145,34,true,68
Dijkstra,Weighted,391,0.467,293,34,true,28
DFS,Weighted,391,0.023,34,34,true,33
BFS,Weighted,391,0.109,300,34,true,16
A*,Weighted,391,0.334,145,34,true,68
Dijkstra,Weighted,392,0.495,293,34,true,28
DFS,Weighted,392,0.028,34,34,true,33
BFS,Weighted,392,0.109,300,34,true,16
A*,Weighted,392,0.439,145,34,true,68
Dijkstra,Weighted,393,0.417,293,34,true,28
DFS,Weighted,393,0.024,34,34,true,33
BFS,Weighted,393,0.122,300,34,true,16
A*,Weighted,393,0.317,145,34,true,68
Dijkstra,Weighted,394,0.382,293,34,true,28
DFS,Weighted,394,0.022,34,34,true,33
BFS,Weighted,394,0.104,300,34,true,16
A*,Weighted,394,0.318,145,34,true,68
Dijkstra,Weighted,395,0.667,293,34,true,28
DFS,Weighted,395,0.039,34,34,true,33
BFS,Weighted,395,0.677,300,34,true,16
A*,Weighted,395,0.329,145,34,true,68
Dijkstra,Weighted,396,0.369,293,34,true,28
DFS,Weighted,396,0.024,34,34,true,33
BFS,Weighted,396,0.105,300,34,true,16
A*,Weighted,396,0.504,145,34,true,68
Dijkstra,Weighted,397,0.671,293,34,true,28
DFS,Weighted,397,0.038,34,34,true,33
BFS,Weighted,397,0.195,300,34,true,16
A*,Weighted,397,0.577,145,34,true,68
Dijkstra,Weighted,398,0.701,293,34,true,28
DFS,Weighted,398,0.036,34,34,true,33
BFS,Weighted,398,0.186,300,34,true,16
A*,Weighted,398,0.6,145,34,true,68
Dijkstra,Weighted,399,0.676,293,34,true,28
DFS,Weighted,399,0.039,34,34,true,33
BFS,Weighted,399,0.214,300,34,true,16
A*,Weighted,399,0.586,145,34,true,68
Dijkstra,Weighted,400,0.661,293,34,true,28
DFS,Weighted,400,0.036,34,34,true,33
BFS,Weighted,400,0.197,300,34,true,16
A*,Weighted,400,0.604,145,34,true,68
Dijkstra,Weighted,401,0.893,293,34,true,28
DFS,Weighted,401,0.043,34,34,true,33
BFS,Weighted,401,0.214,300,34,true,16
A*,Weighted,401,0.566,145,34,true,68
Dijkstra,Weighted,402,0.708,293,34,true,28
DFS,Weighted,402,0.036,34,34,true,33
BFS,Weighted,402,0.186,300,34,true,16
A*,Weighted,402,0.597,145,34,true,68
Dijkstra,Weighted,403,0.642,293,34,true,28
DFS,Weighted,403,0.04,34,34,true,33
BFS,Weighted,403,0.243,300,34,true,16
A*,Weighted,403,0.414,145,34,true,68
Dijkstra,Weighted,404,0.433,293,34,true,28
DFS,Weighted,404,0.031,34,34,true,33
BFS,Weighted,404,0.13,300,34,true,16
A*,Weighted,404,0.399,145,34,true,68
Dijkstra,Weighted,405,0.384,293,34,true,28
DFS,Weighted,405,0.022,34,34,true,33
BFS,Weighted,405,0.541,300,34,true,16
A*,Weighted,405,0.347,145,34,true,68
Dijkstra,Weighted,406,0.366,293,34,true,28
DFS,Weighted,406,0.021,34,34,true,33
BFS,Weighted,406,0.105,300,34,true,16
A*,Weighted,406,0.32,145,34,true,68
Dijkstra,Weighted,407,0.389,293,34,true,28
DFS,Weighted,407,0.022,34,34,true,33
BFS,Weighted,407,0.111,300,34,true,16
A*,Weighted,407,0.554,145,34,true,68
Dijkstra,Weighted,408,0.492,293,34,true,28
DFS,Weighted,408,0.024,34,34,true,33
BFS,Weighted,408,0.107,300,34,true,16
A*,Weighted,408,0.322,145,34,true,68
Dijkstra,Weighted,409,0.583,293,34,true,28
DFS,Weighted,409,0.023,34,34,true,33
BFS,Weighted,409,0.106,300,34,true,16
A*,Weighted,409,0.323,145,34,true,68
Dijkstra,Weighted,410,0.37,293,34,true,28
DFS,Weighted,410,0.021,34,34,true,33
BFS,Weighted,410,0.156,300,34,true,16
A*,Weighted,410,0.334,145,34,true,68
Dijkstra,Weighted,411,0.373,293,34,true,28
DFS,Weighted,411,0.023,34,34,true,33
BFS,Weighted,411,0.106,300,34,true,16
A*,Weighted,411,0.315,145,34,true,68
Dijkstra,Weighted,412,0.37,293,34,true,28
DFS,Weighted,412,0.02,34,34,true,33
BFS,Weighted,412,0.104,300,34,true,16
A*,Weighted,412,0.628,145,34,true,68
Dijkstra,Weighted,413,0.664,293,34,true,28
DFS,Weighted,413,0.039,34,34,true,33
BFS,Weighted,413,0.192,300,34,true,16
A*,Weighted,413,0.601,145,34,true,68
Dijkstra,Weighted,414,0.698,293,34,true,28
DFS,Weighted,414,0.039,34,34,true,33
BFS,Weighted,414,0.19,300,34,true,16
A*,Weighted,414,0.581,145,34,true,68
Dijkstra,Weighted,415,0.667,293,34,true,28
DFS,Weighted,415,0.024,34,34,true,33
BFS,Weighted,415,0.107,300,34,true,16
A*,Weighted,415,0.32,145,34,true,68
Dijkstra,Weighted,416,0.365,293,34,true,28
DFS,Weighted,416,0.022,34,34,true,33
BFS,Weighted,416,0.103,300,34,true,16
A*,Weighted,416,0.363,145,34,true,68
Dijkstra,Weighted,417,1.066,293,34,true,28
DFS,Weighted,417,0.025,34,34,true,33
BFS,Weighted,417,0.115,300,34,true,16
A*,Weighted,417,0.353,145,34,true,68
Dijkstra,Weighted,418,0.511,293,34,true,28
DFS,Weighted,418,0.034,34,34,true,33
BFS,Weighted,418,0.166,300,34,true,16
A*,Weighted,418,0.518,145,34,true,68
Dijkstra,Weighted,419,0.491,293,34,true,28
DFS,Weighted,419,0.023,34,34,true,33
BFS,Weighted,419,0.105,300,34,true,16
A*,Weighted,419,0.334,145,34,true,68
Dijkstra,Weighted,420,0.633,293,34,true,28
DFS,Weighted,420,0.039,34,34,true,33
BFS,Weighted,420,0.19,300,34,true,16
A*,Weighted,420,0.619,145,34,true,68
Dijkstra,Weighted,421,0.612,293,34,true,28
DFS,Weighted,421,0.038,34,34,true,33
BFS,Weighted,421,0.178,300,34,true,16
A*,Weighted,421,0.587,145,34,true,68
Dijkstra,Weighted,422,0.513,293,34,true,28
DFS,Weighted,422,0.029,34,34,true,33
BFS,Weighted,422,0.118,300,34,true,16
A*,Weighted,422,0.378,145,34,true,68
Dijkstra,Weighted,423,0.366,293,34,true,28
DFS,Weighted,423,0.034,34,34,true,33
BFS,Weighted,423,0.107,300,34,true,16
A*,Weighted,423,0.316,145,34,true,68
Dijkstra,Weighted,424,0.381,293,34,true,28
DFS,Weighted,424,0.021,34,34,true,33
BFS,Weighted,424,0.105,300,34,true,16
A*,Weighted,424,0.322,145,34,true,68
Dijkstra,Weighted,425,0.488,293,34,true,28
DFS,Weighted,425,0.477,34,34,true,33
BFS,Weighted,425,0.11,300,34,true,16
A*,Weighted,425,0.324,145,34,true,68
Dijkstra,Weighted,426,0.392,293,34,true,28
DFS,Weighted,426,0.022,34,34,true,33
BFS,Weighted,426,0.105,300,34,true,16
A*,Weighted,426,0.314,145,34,true,68
Dijkstra,Weighted,427,0.394,293,34,true,28
DFS,Weighted,427,0.023,34,34,true,33
BFS,Weighted,427,0.106,300,34,true,16
A*,Weighted,427,0.352,145,34,true,68
Dijkstra,Weighted,428,0.367,293,34,true,28
DFS,Weighted,428,0.02,34,34,true,33
BFS,Weighted,428,0.103,300,34,true,16
A*,Weighted,428,0.317,145,34,true,68
Dijkstra,Weighted,429,0.37,293,34,true,28
DFS,Weighted,429,0.02,34,34,true,33
BFS,Weighted,429,0.115,300,34,true,16
A*,Weighted,429,0.314,145,34,true,68
Dijkstra,Weighted,430,0.367,293,34,true,28
DFS,Weighted,430,0.02,34,34,true,33
BFS,Weighted,430,0.118,300,34,true,16
A*,Weighted,430,0.314,145,34,true,68
Dijkstra,Weighted,431,0.368,293,34,true,28
DFS,Weighted,431,0.021,34,34,true,33
BFS,Weighted,431,0.353,300,34,true,16
A*,Weighted,431,0.674,145,34,true,68
Dijkstra,Weighted,432,0.638,293,34,true,28
DFS,Weighted,432,0.042,34,34,true,33
BFS,Weighted,432,0.187,300,34,true,16
A*,Weighted,432,0.575,145,34,true,68
Dijkstra,Weighted,433,0.653,293,34,true,28
DFS,Weighted,433,0.05,34,34,true,33
BFS,Weighted,433,0.187,300,34,true,16
A*,Weighted,433,0.565,145,34,true,68
Dijkstra,Weighted,434,0.621,293,34,true,28
DFS,Weighted,434,0.049,34,34,true,33
BFS,Weighted,434,0.177,300,34,true,16
A*,Weighted,434,0.585,145,34,true,68
Dijkstra,Weighted,435,0.658,293,34,true,28
DFS,Weighted,435,0.487,34,34,true,33
BFS,Weighted,435,0.183,300,34,true,16
A*,Weighted,435,0.59,145,34,true,68
Dijkstra,Weighted,436,0.677,293,34,true,28
DFS,Weighted,436,0.037,34,34,true,33
BFS,Weighted,436,0.183,300,34,true,16
A*,Weighted,436,0.421,145,34,true,68
Dijkstra,Weighted,437,0.368,293,34,true,28
DFS,Weighted,437,0.022,34,34,true,33
BFS,Weighted,437,0.117,300,34,true,16
A*,Weighted,437,0.318,145,34,true,68
Dijkstra,Weighted,438,0.383,293,34,true,28
DFS,Weighted,438,0.021,34,34,true,33
BFS,Weighted,438,0.112,300,34,true,16
A*,Weighted,438,0.316,145,34,true,68
Dijkstra,Weighted,439,0.363,293,34,true,28
DFS,Weighted,439,0.021,34,34,true,33
BFS,Weighted,439,0.102,300,34,true,16
A*,Weighted,439,0.316,145,34,true,68
Dijkstra,Weighted,440,0.365,293,34,true,28
DFS,Weighted,440,0.02,34,34,true,33
BFS,Weighted,440,0.105,300,34,true,16
A*,Weighted,440,0.329,145,34,true,68
Dijkstra,Weighted,441,0.384,293,34,true,28
DFS,Weighted,441,0.02,34,34,true,33
BFS,Weighted,441,0.104,300,34,true,16
A*,Weighted,441,0.314,145,34,true,68
Dijkstra,Weighted,442,0.708,293,34,true,28
DFS,Weighted,442,0.036,34,34,true,33
BFS,Weighted,442,0.179,300,34,true,16
A*,Weighted,442,0.524,145,34,true,68
Dijkstra,Weighted,443,0.543,293,34,true,28
DFS,Weighted,443,0.022,34,34,true,33
BFS,Weighted,443,0.106,300,34,true,16
A*,Weighted,443,0.349,145,34,true,68
Dijkstra,Weighted,444,0.583,293,34,true,28
DFS,Weighted,444,0.024,34,34,true,33
BFS,Weighted,444,0.114,300,34,true,16
A*,Weighted,444,0.34,145,34,true,68
Dijkstra,Weighted,445,1.05,293,34,true,28
DFS,Weighted,445,0.041,34,34,true,33
BFS,Weighted,445,0.211,300,34,true,16
A*,Weighted,445,0.543,145,34,true,68
Dijkstra,Weighted,446,0.735,293,34,true,28
DFS,Weighted,446,0.037,34,34,true,33
BFS,Weighted,446,0.182,300,34,true,16
A*,Weighted,446,0.613,145,34,true,68
Dijkstra,Weighted,447,0.71,293,34,true,28
DFS,Weighted,447,0.038,34,34,true,33
BFS,Weighted,447,0.186,300,34,true,16
A*,Weighted,447,0.769,145,34,true,68
Dijkstra,Weighted,448,0.656,293,34,true,28
DFS,Weighted,448,0.038,34,34,true,33
BFS,Weighted,448,0.192,300,34,true,16
A*,Weighted,448,0.581,145,34,true,68
Dijkstra,Weighted,449,0.655,293,34,true,28
DFS,Weighted,449,0.042,34,34,true,33
BFS,Weighted,449,0.209,300,34,true,16
A*,Weighted,449,0.564,145,34,true,68
Dijkstra,Weighted,450,0.677,293,34,true,28
DFS,Weighted,450,0.035,34,34,true,33
BFS,Weighted,450,0.183,300,34,true,16
A*,Weighted,450,0.585,145,34,true,68
Dijkstra,Weighted,451,0.374,293,34,true,28
DFS,Weighted,451,0.023,34,34,true,33
BFS,Weighted,451,0.106,300,34,true,16
A*,Weighted,451,0.32,145,34,true,68
Dijkstra,Weighted,452,0.367,293,34,true,28
DFS,Weighted,452,0.02,34,34,true,33
BFS,Weighted,452,0.104,300,34,true,16
A*,Weighted,452,0.41,145,34,true,68
Dijkstra,Weighted,453,0.379,293,34,true,28
DFS,Weighted,453,0.021,34,34,true,33
BFS,Weighted,453,0.106,300,34,true,16
A*,Weighted,453,0.358,145,34,true,68
Dijkstra,Weighted,454,0.366,293,34,true,28
DFS,Weighted,454,0.021,34,34,true,33
BFS,Weighted,454,0.102,300,34,true,16
A*,Weighted,454,0.316,145,34,true,68
Dijkstra,Weighted,455,0.732,293,34,true,28
DFS,Weighted,455,0.021,34,34,true,33
BFS,Weighted,455,0.14,300,34,true,16
A*,Weighted,455,0.341,145,34,true,68
Dijkstra,Weighted,456,0.545,293,34,true,28
DFS,Weighted,456,0.033,34,34,true,33
BFS,Weighted,456,0.777,300,34,true,16
A*,Weighted,456,0.619,145,34,true,68
Dijkstra,Weighted,457,0.556,293,34,true,28
DFS,Weighted,457,0.025,34,34,true,33
BFS,Weighted,457,0.112,300,34,true,16
A*,Weighted,457,0.374,145,34,true,68
Dijkstra,Weighted,458,0.383,293,34,true,28
DFS,Weighted,458,0.023,34,34,true,33
BFS,Weighted,458,0.125,300,34,true,16
A*,Weighted,458,0.584,145,34,true,68
Dijkstra,Weighted,459,0.754,293,34,true,28
DFS,Weighted,459,0.066,34,34,true,33
BFS,Weighted,459,0.173,300,34,true,16
A*,Weighted,459,0.576,145,34,true,68
Dijkstra,Weighted,460,0.731,293,34,true,28
DFS,Weighted,460,0.034,34,34,true,33
BFS,Weighted,460,0.177,300,34,true,16
A*,Weighted,460,1.061,145,34,true,68
Dijkstra,Weighted,461,0.699,293,34,true,28
DFS,Weighted,461,0.037,34,34,true,33
BFS,Weighted,461,0.186,300,34,true,16
A*,Weighted,461,0.553,145,34,true,68
Dijkstra,Weighted,462,0.892,293,34,true,28
DFS,Weighted,462,0.035,34,34,true,33
BFS,Weighted,462,0.179,300,34,true,16
A*,Weighted,462,0.556,145,34,true,68
Dijkstra,Weighted,463,0.649,293,34,true,28
DFS,Weighted,463,0.036,34,34,true,33
BFS,Weighted,463,0.18,300,34,true,16
A*,Weighted,463,0.763,145,34,true,68
Dijkstra,Weighted,464,0.764,293,34,true,28
DFS,Weighted,464,0.074,34,34,true,33
BFS,Weighted,464,0.181,300,34,true,16
A*,Weighted,464,0.685,145,34,true,68
Dijkstra,Weighted,465,1.098,293,34,true,28
DFS,Weighted,465,0.04,34,34,true,33
BFS,Weighted,465,10.164,300,34,true,16
A*,Weighted,465,1.136,145,34,true,68
Dijkstra,Weighted,466,0.632,293,34,true,28
DFS,Weighted,466,0.039,34,34,true,33
BFS,Weighted,466,0.187,300,34,true,16
A*,Weighted,466,0.574,145,34,true,68
Dijkstra,Weighted,467,9.856,293,34,true,28
DFS,Weighted,467,0.113,34,34,true,33
BFS,Weighted,467,0.436,300,34,true,16
A*,Weighted,467,1.382,145,34,true,68
Dijkstra,Weighted,468,0.681,293,34,true,28
DFS,Weighted,468,0.037,34,34,true,33
BFS,Weighted,468,0.189,300,34,true,16
A*,Weighted,468,0.527,145,34,true,68
Dijkstra,Weighted,469,1.969,293,34,true,28
DFS,Weighted,469,0.113,34,34,true,33
BFS,Weighted,469,0.241,300,34,true,16
A*,Weighted,469,0.82,145,34,true,68
Dijkstra,Weighted,470,0.765,293,34,true,28
DFS,Weighted,470,0.038,34,34,true,33
BFS,Weighted,470,0.19,300,34,true,16
A*,Weighted,470,0.574,145,34,true,68
Dijkstra,Weighted,471,0.629,293,34,true,28
DFS,Weighted,471,0.037,34,34,true,33
BFS,Weighted,471,0.189,300,34,true,16
A*,Weighted,471,0.568,145,34,true,68
Dijkstra,Weighted,472,0.785,293,34,true,28
DFS,Weighted,472,0.038,34,34,true,33
BFS,Weighted,472,0.197,300,34,true,16
A*,Weighted,472,2.452,145,34,true,68
Dijkstra,Weighted,473,0.711,293,34,true,28
DFS,Weighted,473,0.041,34,34,true,33
BFS,Weighted,473,8.733,300,34,true,16
A*,Weighted,473,0.546,145,34,true,68
Dijkstra,Weighted,474,0.652,293,34,true,28
DFS,Weighted,474,0.039,34,34,true,33
BFS,Weighted,474,0.181,300,34,true,16
A*,Weighted,474,0.547,145,34,true,68
Dijkstra,Weighted,475,2.321,293,34,true,28
DFS,Weighted,475,0.04,34,34,true,33
BFS,Weighted,475,0.204,300,34,true,16
A*,Weighted,475,0.558,145,34,true,68
Dijkstra,Weighted,476,0.702,293,34,true,28
DFS,Weighted,476,0.038,34,34,true,33
BFS,Weighted,476,0.3,300,34,true,16
A*,Weighted,476,0.563,145,34,true,68
Dijkstra,Weighted,477,0.639,293,34,true,28
DFS,Weighted,477,0.044,34,34,true,33
BFS,Weighted,477,0.431,300,34,true,16
A*,Weighted,477,0.573,145,34,true,68
Dijkstra,Weighted,478,0.628,293,34,true,28
DFS,Weighted,478,0.036,34,34,true,33
BFS,Weighted,478,0.188,300,34,true,16
A*,Weighted,478,0.706,145,34,true,68
Dijkstra,Weighted,479,0.634,293,34,true,28
DFS,Weighted,479,0.037,34,34,true,33
BFS,Weighted,479,0.664,300,34,true,16
A*,Weighted,479,0.546,145,34,true,68
Dijkstra,Weighted,480,0.635,293,34,true,28
DFS,Weighted,480,0.036,34,34,true,33
BFS,Weighted,480,0.183,300,34,true,16
A*,Weighted,480,0.546,145,34,true,68
Dijkstra,Weighted,481,0.648,293,34,true,28
DFS,Weighted,481,0.036,34,34,true,33
BFS,Weighted,481,0.186,300,34,true,16
A*,Weighted,481,0.541,145,34,true,68
Dijkstra,Weighted,482,0.623,293,34,true,28
DFS,Weighted,482,0.037,34,34,true,33
BFS,Weighted,482,0.181,300,34,true,16
A*,Weighted,482,0.567,145,34,true,68
Dijkstra,Weighted,483,0.66,293,34,true,28
DFS,Weighted,483,0.036,34,34,true,33
BFS,Weighted,483,0.413,300,34,true,16
A*,Weighted,483,0.588,145,34,true,68
Dijkstra,Weighted,484,0.814,293,34,true,28
DFS,Weighted,484,0.037,34,34,true,33
BFS,Weighted,484,0.186,300,34,true,16
A*,Weighted,484,9.503,145,34,true,68
Dijkstra,Weighted,485,1.217,293,34,true,28
DFS,Weighted,485,0.042,34,34,true,33
BFS,Weighted,485,0.188,300,34,true,16
A*,Weighted,485,0.565,145,34,true,68
Dijkstra,Weighted,486,0.632,293,34,true,28
DFS,Weighted,486,0.036,34,34,true,33
BFS,Weighted,486,0.197,300,34,true,16
A*,Weighted,486,0.543,145,34,true,68
Dijkstra,Weighted,487,0.64,293,34,true,28
DFS,Weighted,487,0.037,34,34,true,33
BFS,Weighted,487,0.184,300,34,true,16
A*,Weighted,487,0.558,145,34,true,68
Dijkstra,Weighted,488,0.632,293,34,true,28
DFS,Weighted,488,0.036,34,34,true,33
BFS,Weighted,488,0.196,300,34,true,16
A*,Weighted,488,0.537,145,34,true,68
Dijkstra,Weighted,489,0.66,293,34,true,28
DFS,Weighted,489,0.038,34,34,true,33
BFS,Weighted,489,4.527,300,34,true,16
A*,Weighted,489,0.573,145,34,true,68
Dijkstra,Weighted,490,0.666,293,34,true,28
DFS,Weighted,490,0.037,34,34,true,33
BFS,Weighted,490,0.193,300,34,true,16
A*,Weighted,490,0.567,145,34,true,68
Dijkstra,Weighted,491,0.655,293,34,true,28
DFS,Weighted,491,0.068,34,34,true,33
BFS,Weighted,491,0.193,300,34,true,16
A*,Weighted,491,0.639,145,34,true,68
Dijkstra,Weighted,492,0.658,293,34,true,28
DFS,Weighted,492,0.038,34,34,true,33
BFS,Weighted,492,0.191,300,34,true,16
A*,Weighted,492,0.589,145,34,true,68
Dijkstra,Weighted,493,1.412,293,34,true,28
DFS,Weighted,493,0.038,34,34,true,33
BFS,Weighted,493,0.476,300,34,true,16
A*,Weighted,493,0.506,145,34,true,68
Dijkstra,Weighted,494,1.004,293,34,true,28
DFS,Weighted,494,0.041,34,34,true,33
BFS,Weighted,494,0.186,300,34,true,16
A*,Weighted,494,0.536,145,34,true,68
Dijkstra,Weighted,495,1.051,293,34,true,28
DFS,Weighted,495,0.03,34,34,true,33
BFS,Weighted,495,0.137,300,34,true,16
A*,Weighted,495,0.572,145,34,true,68
Dijkstra,Weighted,496,0.636,293,34,true,28
DFS,Weighted,496,0.043,34,34,true,33
BFS,Weighted,496,0.183,300,34,true,16
A*,Weighted,496,0.476,145,34,true,68
Dijkstra,Weighted,497,0.66,293,34,true,28
DFS,Weighted,497,0.038,34,34,true,33
BFS,Weighted,497,0.184,300,34,true,16
A*,Weighted,497,0.544,145,34,true,68
Dijkstra,Weighted,498,1.078,293,34,true,28
DFS,Weighted,498,0.043,34,34,true,33
BFS,Weighted,498,0.208,300,34,true,16
A*,Weighted,498,0.627,145,34,true,68
Dijkstra,Weighted,499,0.672,293,34,true,28
DFS,Weighted,499,0.084,34,34,true,33
BFS,Weighted,499,0.189,300,34,true,16
A*,Weighted,499,0.944,145,34,true,68
Dijkstra,Weighted,500,0.633,293,34,true,28
DFS,Weighted,500,0.036,34,34,true,33
BFS,Weighted,500,0.185,300,34,true,16
A*,Weighted,500,0.536,145,34,true,68
Dijkstra,Warehouse,1,0.224,165,34,true,10
DFS,Warehouse,1,0.045,34,34,true,9
BFS,Warehouse,1,0.117,165,34,true,10
A*,Warehouse,1,0.24,165,34,true,10
Dijkstra,Warehouse,2,0.221,165,34,true,10
DFS,Warehouse,2,0.045,34,34,true,9
BFS,Warehouse,2,0.108,165,34,true,10
A*,Warehouse,2,0.237,165,34,true,10
Dijkstra,Warehouse,3,0.242,165,34,true,10
DFS,Warehouse,3,0.037,34,34,true,9
BFS,Warehouse,3,0.11,165,34,true,10
A*,Warehouse,3,0.231,165,34,true,10
Dijkstra,Warehouse,4,0.226,165,34,true,10
DFS,Warehouse,4,0.042,34,34,true,9
BFS,Warehouse,4,0.112,165,34,true,10
A*,Warehouse,4,0.163,165,34,true,10
Dijkstra,Warehouse,5,0.12,165,34,true,10
DFS,Warehouse,5,0.022,34,34,true,9
BFS,Warehouse,5,0.06,165,34,true,10
A*,Warehouse,5,0.152,165,34,true,10
Dijkstra,Warehouse,6,0.143,165,34,true,10
DFS,Warehouse,6,0.034,34,34,true,9
BFS,Warehouse,6,0.098,165,34,true,10
A*,Warehouse,6,0.231,165,34,true,10
Dijkstra,Warehouse,7,0.758,165,34,true,10
DFS,Warehouse,7,0.036,34,34,true,9
BFS,Warehouse,7,0.099,165,34,true,10
A*,Warehouse,7,0.203,165,34,true,10
Dijkstra,Warehouse,8,0.193,165,34,true,10
DFS,Warehouse,8,0.035,34,34,true,9
BFS,Warehouse,8,0.099,165,34,true,10
A*,Warehouse,8,0.196,165,34,true,10
Dijkstra,Warehouse,9,0.188,165,34,true,10
DFS,Warehouse,9,0.033,34,34,true,9
BFS,Warehouse,9,0.095,165,34,true,10
A*,Warehouse,9,0.193,165,34,true,10
Dijkstra,Warehouse,10,0.184,165,34,true,10
DFS,Warehouse,10,0.036,34,34,true,9
BFS,Warehouse,10,0.185,165,34,true,10
A*,Warehouse,10,0.311,165,34,true,10
Dijkstra,Warehouse,11,0.219,165,34,true,10
DFS,Warehouse,11,0.041,34,34,true,9
BFS,Warehouse,11,0.112,165,34,true,10
A*,Warehouse,11,0.232,165,34,true,10
Dijkstra,Warehouse,12,0.216,165,34,true,10
DFS,Warehouse,12,0.038,34,34,true,9
BFS,Warehouse,12,0.11,165,34,true,10
A*,Warehouse,12,0.229,165,34,true,10
Dijkstra,Warehouse,13,0.217,165,34,true,10
DFS,Warehouse,13,0.034,34,34,true,9
BFS,Warehouse,13,0.155,165,34,true,10
A*,Warehouse,13,0.23,165,34,true,10
Dijkstra,Warehouse,14,0.212,165,34,true,10
DFS,Warehouse,14,0.038,34,34,true,9
BFS,Warehouse,14,0.11,165,34,true,10
A*,Warehouse,14,0.224,165,34,true,10
Dijkstra,Warehouse,15,0.214,165,34,true,10
DFS,Warehouse,15,0.038,34,34,true,9
BFS,Warehouse,15,0.102,165,34,true,10
A*,Warehouse,15,0.211,165,34,true,10
Dijkstra,Warehouse,16,0.202,165,34,true,10
DFS,Warehouse,16,0.034,34,34,true,9
BFS,Warehouse,16,0.106,165,34,true,10
A*,Warehouse,16,0.214,165,34,true,10
Dijkstra,Warehouse,17,0.203,165,34,true,10
DFS,Warehouse,17,0.037,34,34,true,9
BFS,Warehouse,17,0.111,165,34,true,10
A*,Warehouse,17,0.216,165,34,true,10
Dijkstra,Warehouse,18,0.199,165,34,true,10
DFS,Warehouse,18,0.036,34,34,true,9
BFS,Warehouse,18,0.105,165,34,true,10
A*,Warehouse,18,0.214,165,34,true,10
Dijkstra,Warehouse,19,0.21,165,34,true,10
DFS,Warehouse,19,0.038,34,34,true,9
BFS,Warehouse,19,0.11,165,34,true,10
A*,Warehouse,19,0.211,165,34,true,10
Dijkstra,Warehouse,20,0.206,165,34,true,10
DFS,Warehouse,20,0.038,34,34,true,9
BFS,Warehouse,20,0.111,165,34,true,10
A*,Warehouse,20,0.451,165,34,true,10
Dijkstra,Warehouse,21,0.211,165,34,true,10
DFS,Warehouse,21,0.037,34,34,true,9
BFS,Warehouse,21,0.111,165,34,true,10
A*,Warehouse,21,0.214,165,34,true,10
Dijkstra,Warehouse,22,7.781,165,34,true,10
DFS,Warehouse,22,0.04,34,34,true,9
BFS,Warehouse,22,0.113,165,34,true,10
A*,Warehouse,22,0.249,165,34,true,10
Dijkstra,Warehouse,23,0.193,165,34,true,10
DFS,Warehouse,23,0.031,34,34,true,9
BFS,Warehouse,23,0.097,165,34,true,10
A*,Warehouse,23,0.29,165,34,true,10
Dijkstra,Warehouse,24,0.204,165,34,true,10
DFS,Warehouse,24,0.043,34,34,true,9
BFS,Warehouse,24,0.117,165,34,true,10
A*,Warehouse,24,0.254,165,34,true,10
Dijkstra,Warehouse,25,0.242,165,34,true,10
DFS,Warehouse,25,0.041,34,34,true,9
BFS,Warehouse,25,0.117,165,34,true,10
A*,Warehouse,25,0.228,165,34,true,10
Dijkstra,Warehouse,26,0.213,165,34,true,10
DFS,Warehouse,26,0.062,34,34,true,9
BFS,Warehouse,26,0.126,165,34,true,10
A*,Warehouse,26,0.289,165,34,true,10
Dijkstra,Warehouse,27,0.235,165,34,true,10
DFS,Warehouse,27,0.034,34,34,true,9
BFS,Warehouse,27,0.1,165,34,true,10
A*,Warehouse,27,0.239,165,34,true,10
Dijkstra,Warehouse,28,0.25,165,34,true,10
DFS,Warehouse,28,0.058,34,34,true,9
BFS,Warehouse,28,0.189,165,34,true,10
A*,Warehouse,28,0.432,165,34,true,10
Dijkstra,Warehouse,29,0.648,165,34,true,10
DFS,Warehouse,29,0.189,34,34,true,9
BFS,Warehouse,29,0.104,165,34,true,10
A*,Warehouse,29,0.219,165,34,true,10
Dijkstra,Warehouse,30,0.189,165,34,true,10
DFS,Warehouse,30,0.037,34,34,true,9
BFS,Warehouse,30,0.119,165,34,true,10
A*,Warehouse,30,0.202,165,34,true,10
Dijkstra,Warehouse,31,0.195,165,34,true,10
DFS,Warehouse,31,0.035,34,34,true,9
BFS,Warehouse,31,0.102,165,34,true,10
A*,Warehouse,31,0.192,165,34,true,10
Dijkstra,Warehouse,32,0.131,165,34,true,10
DFS,Warehouse,32,0.032,34,34,true,9
BFS,Warehouse,32,0.098,165,34,true,10
A*,Warehouse,32,0.259,165,34,true,10
Dijkstra,Warehouse,33,0.174,165,34,true,10
DFS,Warehouse,33,0.031,34,34,true,9
BFS,Warehouse,33,0.093,165,34,true,10
A*,Warehouse,33,0.228,165,34,true,10
Dijkstra,Warehouse,34,0.256,165,34,true,10
DFS,Warehouse,34,0.04,34,34,true,9
BFS,Warehouse,34,0.113,165,34,true,10
A*,Warehouse,34,0.221,165,34,true,10
Dijkstra,Warehouse,35,0.166,165,34,true,10
DFS,Warehouse,35,0.023,34,34,true,9
BFS,Warehouse,35,0.083,165,34,true,10
A*,Warehouse,35,0.724,165,34,true,10
Dijkstra,Warehouse,36,0.311,165,34,true,10
DFS,Warehouse,36,0.033,34,34,true,9
BFS,Warehouse,36,0.176,165,34,true,10
A*,Warehouse,36,0.196,165,34,true,10
Dijkstra,Warehouse,37,0.806,165,34,true,10
DFS,Warehouse,37,0.034,34,34,true,9
BFS,Warehouse,37,0.081,165,34,true,10
A*,Warehouse,37,0.161,165,34,true,10
Dijkstra,Warehouse,38,0.151,165,34,true,10
DFS,Warehouse,38,0.033,34,34,true,9
BFS,Warehouse,38,0.06,165,34,true,10
A*,Warehouse,38,0.134,165,34,true,10
Dijkstra,Warehouse,39,0.137,165,34,true,10
DFS,Warehouse,39,0.02,34,34,true,9
BFS,Warehouse,39,0.058,165,34,true,10
A*,Warehouse,39,0.146,165,34,true,10
Dijkstra,Warehouse,40,0.119,165,34,true,10
DFS,Warehouse,40,0.021,34,34,true,9
BFS,Warehouse,40,0.058,165,34,true,10
A*,Warehouse,40,0.162,165,34,true,10
Dijkstra,Warehouse,41,0.119,165,34,true,10
DFS,Warehouse,41,0.021,34,34,true,9
BFS,Warehouse,41,0.058,165,34,true,10
A*,Warehouse,41,0.13,165,34,true,10
Dijkstra,Warehouse,42,0.119,165,34,true,10
DFS,Warehouse,42,0.02,34,34,true,9
BFS,Warehouse,42,0.056,165,34,true,10
A*,Warehouse,42,0.13,165,34,true,10
Dijkstra,Warehouse,43,0.118,165,34,true,10
DFS,Warehouse,43,0.019,34,34,true,9
BFS,Warehouse,43,0.055,165,34,true,10
A*,Warehouse,43,0.153,165,34,true,10
Dijkstra,Warehouse,44,0.116,165,34,true,10
DFS,Warehouse,44,0.021,34,34,true,9
BFS,Warehouse,44,0.062,165,34,true,10
A*,Warehouse,44,0.141,165,34,true,10
Dijkstra,Warehouse,45,0.127,165,34,true,10
DFS,Warehouse,45,0.032,34,34,true,9
BFS,Warehouse,45,0.059,165,34,true,10
A*,Warehouse,45,0.166,165,34,true,10
Dijkstra,Warehouse,46,0.285,165,34,true,10
DFS,Warehouse,46,0.045,34,34,true,9
BFS,Warehouse,46,0.099,165,34,true,10
A*,Warehouse,46,0.188,165,34,true,10
Dijkstra,Warehouse,47,0.2,165,34,true,10
DFS,Warehouse,47,0.035,34,34,true,9
BFS,Warehouse,47,0.086,165,34,true,10
A*,Warehouse,47,0.206,165,34,true,10
Dijkstra,Warehouse,48,0.214,165,34,true,10
DFS,Warehouse,48,0.039,34,34,true,9
BFS,Warehouse,48,0.111,165,34,true,10
A*,Warehouse,48,0.273,165,34,true,10
Dijkstra,Warehouse,49,0.218,165,34,true,10
DFS,Warehouse,49,0.034,34,34,true,9
BFS,Warehouse,49,0.099,165,34,true,10
A*,Warehouse,49,0.21,165,34,true,10
Dijkstra,Warehouse,50,0.218,165,34,true,10
DFS,Warehouse,50,0.036,34,34,true,9
BFS,Warehouse,50,0.095,165,34,true,10
A*,Warehouse,50,0.217,165,34,true,10
Dijkstra,Warehouse,51,0.291,165,34,true,10
DFS,Warehouse,51,0.037,34,34,true,9
BFS,Warehouse,51,0.098,165,34,true,10
A*,Warehouse,51,0.2,165,34,true,10
Dijkstra,Warehouse,52,0.707,165,34,true,10
DFS,Warehouse,52,0.042,34,34,true,9
BFS,Warehouse,52,0.12,165,34,true,10
A*,Warehouse,52,0.254,165,34,true,10
Dijkstra,Warehouse,53,0.278,165,34,true,10
DFS,Warehouse,53,0.053,34,34,true,9
BFS,Warehouse,53,0.101,165,34,true,10
A*,Warehouse,53,0.208,165,34,true,10
Dijkstra,Warehouse,54,0.189,165,34,true,10
DFS,Warehouse,54,0.036,34,34,true,9
BFS,Warehouse,54,0.101,165,34,true,10
A*,Warehouse,54,0.202,165,34,true,10
Dijkstra,Warehouse,55,0.382,165,34,true,10
DFS,Warehouse,55,0.033,34,34,true,9
BFS,Warehouse,55,0.102,165,34,true,10
A*,Warehouse,55,0.292,165,34,true,10
Dijkstra,Warehouse,56,0.195,165,34,true,10
DFS,Warehouse,56,0.044,34,34,true,9
BFS,Warehouse,56,0.101,165,34,true,10
A*,Warehouse,56,1.094,165,34,true,10
Dijkstra,Warehouse,57,0.296,165,34,true,10
DFS,Warehouse,57,0.036,34,34,true,9
BFS,Warehouse,57,0.097,165,34,true,10
A*,Warehouse,57,0.176,165,34,true,10
Dijkstra,Warehouse,58,0.165,165,34,true,10
DFS,Warehouse,58,0.031,34,34,true,9
BFS,Warehouse,58,0.079,165,34,true,10
A*,Warehouse,58,0.292,165,34,true,10
Dijkstra,Warehouse,59,0.253,165,34,true,10
DFS,Warehouse,59,0.037,34,34,true,9
BFS,Warehouse,59,0.105,165,34,true,10
A*,Warehouse,59,0.164,165,34,true,10
Dijkstra,Warehouse,60,0.181,165,34,true,10
DFS,Warehouse,60,0.033,34,34,true,9
BFS,Warehouse,60,0.096,165,34,true,10
A*,Warehouse,60,0.205,165,34,true,10
Dijkstra,Warehouse,61,0.182,165,34,true,10
DFS,Warehouse,61,0.031,34,34,true,9
BFS,Warehouse,61,0.091,165,34,true,10
A*,Warehouse,61,0.241,165,34,true,10
Dijkstra,Warehouse,62,0.243,165,34,true,10
DFS,Warehouse,62,0.039,34,34,true,9
BFS,Warehouse,62,0.102,165,34,true,10
A*,Warehouse,62,0.18,165,34,true,10
Dijkstra,Warehouse,63,0.217,165,34,true,10
DFS,Warehouse,63,0.038,34,34,true,9
BFS,Warehouse,63,0.386,165,34,true,10
A*,Warehouse,63,0.228,165,34,true,10
Dijkstra,Warehouse,64,0.215,165,34,true,10
DFS,Warehouse,64,0.039,34,34,true,9
BFS,Warehouse,64,0.106,165,34,true,10
A*,Warehouse,64,0.213,165,34,true,10
Dijkstra,Warehouse,65,0.196,165,34,true,10
DFS,Warehouse,65,0.041,34,34,true,9
BFS,Warehouse,65,0.102,165,34,true,10
A*,Warehouse,65,0.214,165,34,true,10
Dijkstra,Warehouse,66,0.233,165,34,true,10
DFS,Warehouse,66,0.034,34,34,true,9
BFS,Warehouse,66,0.155,165,34,true,10
A*,Warehouse,66,0.249,165,34,true,10
Dijkstra,Warehouse,67,0.787,165,34,true,10
DFS,Warehouse,67,0.035,34,34,true,9
BFS,Warehouse,67,0.147,165,34,true,10
A*,Warehouse,67,0.211,165,34,true,10
Dijkstra,Warehouse,68,0.138,165,34,true,10
DFS,Warehouse,68,0.034,34,34,true,9
BFS,Warehouse,68,0.095,165,34,true,10
A*,Warehouse,68,0.236,165,34,true,10
Dijkstra,Warehouse,69,0.171,165,34,true,10
DFS,Warehouse,69,0.03,34,34,true,9
BFS,Warehouse,69,0.105,165,34,true,10
A*,Warehouse,69,0.209,165,34,true,10
Dijkstra,Warehouse,70,0.185,165,34,true,10
DFS,Warehouse,70,0.085,34,34,true,9
BFS,Warehouse,70,0.097,165,34,true,10
A*,Warehouse,70,0.223,165,34,true,10
Dijkstra,Warehouse,71,0.183,165,34,true,10
DFS,Warehouse,71,0.033,34,34,true,9
BFS,Warehouse,71,0.096,165,34,true,10
A*,Warehouse,71,0.2,165,34,true,10
Dijkstra,Warehouse,72,0.155,165,34,true,10
DFS,Warehouse,72,0.03,34,34,true,9
BFS,Warehouse,72,0.091,165,34,true,10
A*,Warehouse,72,0.177,165,34,true,10
Dijkstra,Warehouse,73,0.181,165,34,true,10
DFS,Warehouse,73,0.033,34,34,true,9
BFS,Warehouse,73,0.096,165,34,true,10
A*,Warehouse,73,0.214,165,34,true,10
Dijkstra,Warehouse,74,0.186,165,34,true,10
DFS,Warehouse,74,0.035,34,34,true,9
BFS,Warehouse,74,0.1,165,34,true,10
A*,Warehouse,74,0.198,165,34,true,10
Dijkstra,Warehouse,75,0.185,165,34,true,10
DFS,Warehouse,75,0.034,34,34,true,9
BFS,Warehouse,75,0.176,165,34,true,10
A*,Warehouse,75,0.243,165,34,true,10
Dijkstra,Warehouse,76,0.193,165,34,true,10
DFS,Warehouse,76,0.037,34,34,true,9
BFS,Warehouse,76,0.105,165,34,true,10
A*,Warehouse,76,0.219,165,34,true,10
Dijkstra,Warehouse,77,0.211,165,34,true,10
DFS,Warehouse,77,0.033,34,34,true,9
BFS,Warehouse,77,0.099,165,34,true,10
A*,Warehouse,77,0.201,165,34,true,10
Dijkstra,Warehouse,78,0.202,165,34,true,10
DFS,Warehouse,78,0.037,34,34,true,9
BFS,Warehouse,78,0.113,165,34,true,10
A*,Warehouse,78,0.214,165,34,true,10
Dijkstra,Warehouse,79,0.199,165,34,true,10
DFS,Warehouse,79,0.036,34,34,true,9
BFS,Warehouse,79,0.127,165,34,true,10
A*,Warehouse,79,0.217,165,34,true,10
Dijkstra,Warehouse,80,0.282,165,34,true,10
DFS,Warehouse,80,0.049,34,34,true,9
BFS,Warehouse,80,0.102,165,34,true,10
A*,Warehouse,80,0.2,165,34,true,10
Dijkstra,Warehouse,81,0.17,165,34,true,10
DFS,Warehouse,81,0.032,34,34,true,9
BFS,Warehouse,81,0.086,165,34,true,10
A*,Warehouse,81,0.205,165,34,true,10
Dijkstra,Warehouse,82,0.165,165,34,true,10
DFS,Warehouse,82,0.027,34,34,true,9
BFS,Warehouse,82,0.06,165,34,true,10
A*,Warehouse,82,0.156,165,34,true,10
Dijkstra,Warehouse,83,0.164,165,34,true,10
DFS,Warehouse,83,0.021,34,34,true,9
BFS,Warehouse,83,0.06,165,34,true,10
A*,Warehouse,83,0.14,165,34,true,10
Dijkstra,Warehouse,84,0.119,165,34,true,10
DFS,Warehouse,84,0.019,34,34,true,9
BFS,Warehouse,84,0.061,165,34,true,10
A*,Warehouse,84,0.164,165,34,true,10
Dijkstra,Warehouse,85,0.17,165,34,true,10
DFS,Warehouse,85,0.032,34,34,true,9
BFS,Warehouse,85,0.061,165,34,true,10
A*,Warehouse,85,0.157,165,34,true,10
Dijkstra,Warehouse,86,0.118,165,34,true,10
DFS,Warehouse,86,0.021,34,34,true,9
BFS,Warehouse,86,0.072,165,34,true,10
A*,Warehouse,86,0.141,165,34,true,10
Dijkstra,Warehouse,87,0.15,165,34,true,10
DFS,Warehouse,87,0.022,34,34,true,9
BFS,Warehouse,87,0.06,165,34,true,10
A*,Warehouse,87,0.148,165,34,true,10
Dijkstra,Warehouse,88,0.187,165,34,true,10
DFS,Warehouse,88,0.031,34,34,true,9
BFS,Warehouse,88,0.061,165,34,true,10
A*,Warehouse,88,0.13,165,34,true,10
Dijkstra,Warehouse,89,0.139,165,34,true,10
DFS,Warehouse,89,0.02,34,34,true,9
BFS,Warehouse,89,0.062,165,34,true,10
A*,Warehouse,89,0.136,165,34,true,10
Dijkstra,Warehouse,90,0.146,165,34,true,10
DFS,Warehouse,90,0.024,34,34,true,9
BFS,Warehouse,90,0.057,165,34,true,10
A*,Warehouse,90,0.135,165,34,true,10
Dijkstra,Warehouse,91,0.133,165,34,true,10
DFS,Warehouse,91,0.02,34,34,true,9
BFS,Warehouse,91,0.057,165,34,true,10
A*,Warehouse,91,0.172,165,34,true,10
Dijkstra,Warehouse,92,0.12,165,34,true,10
DFS,Warehouse,92,0.021,34,34,true,9
BFS,Warehouse,92,0.08,165,34,true,10
A*,Warehouse,92,0.159,165,34,true,10
Dijkstra,Warehouse,93,0.291,165,34,true,10
DFS,Warehouse,93,0.033,34,34,true,9
BFS,Warehouse,93,0.09,165,34,true,10
A*,Warehouse,93,0.285,165,34,true,10
Dijkstra,Warehouse,94,0.22,165,34,true,10
DFS,Warehouse,94,0.037,34,34,true,9
BFS,Warehouse,94,0.128,165,34,true,10
A*,Warehouse,94,0.226,165,34,true,10
Dijkstra,Warehouse,95,0.235,165,34,true,10
DFS,Warehouse,95,0.1,34,34,true,9
BFS,Warehouse,95,0.119,165,34,true,10
A*,Warehouse,95,0.19,165,34,true,10
Dijkstra,Warehouse,96,0.189,165,34,true,10
DFS,Warehouse,96,0.036,34,34,true,9
BFS,Warehouse,96,0.087,165,34,true,10
A*,Warehouse,96,0.19,165,34,true,10
Dijkstra,Warehouse,97,0.22,165,34,true,10
DFS,Warehouse,97,0.033,34,34,true,9
BFS,Warehouse,97,0.093,165,34,true,10
A*,Warehouse,97,0.16,165,34,true,10
Dijkstra,Warehouse,98,0.268,165,34,true,10
DFS,Warehouse,98,0.04,34,34,true,9
BFS,Warehouse,98,0.126,165,34,true,10
A*,Warehouse,98,0.213,165,34,true,10
Dijkstra,Warehouse,99,0.15,165,34,true,10
DFS,Warehouse,99,0.031,34,34,true,9
BFS,Warehouse,99,0.097,165,34,true,10
A*,Warehouse,99,0.152,165,34,true,10
Dijkstra,Warehouse,100,0.166,165,34,true,10
DFS,Warehouse,100,0.058,34,34,true,9
BFS,Warehouse,100,0.077,165,34,true,10
A*,Warehouse,100,0.202,165,34,true,10
Dijkstra,Warehouse,101,0.257,165,34,true,10
DFS,Warehouse,101,0.051,34,34,true,9
BFS,Warehouse,101,0.167,165,34,true,10
A*,Warehouse,101,0.21,165,34,true,10
Dijkstra,Warehouse,102,0.183,165,34,true,10
DFS,Warehouse,102,0.034,34,34,true,9
BFS,Warehouse,102,0.091,165,34,true,10
A*,Warehouse,102,0.177,165,34,true,10
Dijkstra,Warehouse,103,0.175,165,34,true,10
DFS,Warehouse,103,0.031,34,34,true,9
BFS,Warehouse,103,0.086,165,34,true,10
A*,Warehouse,103,0.191,165,34,true,10
Dijkstra,Warehouse,104,0.22,165,34,true,10
DFS,Warehouse,104,0.033,34,34,true,9
BFS,Warehouse,104,0.077,165,34,true,10
A*,Warehouse,104,0.186,165,34,true,10
Dijkstra,Warehouse,105,0.169,165,34,true,10
DFS,Warehouse,105,0.022,34,34,true,9
BFS,Warehouse,105,0.061,165,34,true,10
A*,Warehouse,105,0.188,165,34,true,10
Dijkstra,Warehouse,106,0.134,165,34,true,10
DFS,Warehouse,106,0.024,34,34,true,9
BFS,Warehouse,106,0.075,165,34,true,10
A*,Warehouse,106,0.148,165,34,true,10
Dijkstra,Warehouse,107,0.144,165,34,true,10
DFS,Warehouse,107,0.02,34,34,true,9
BFS,Warehouse,107,0.068,165,34,true,10
A*,Warehouse,107,0.183,165,34,true,10
Dijkstra,Warehouse,108,0.127,165,34,true,10
DFS,Warehouse,108,0.03,34,34,true,9
BFS,Warehouse,108,0.06,165,34,true,10
A*,Warehouse,108,0.432,165,34,true,10
Dijkstra,Warehouse,109,0.241,165,34,true,10
DFS,Warehouse,109,0.042,34,34,true,9
BFS,Warehouse,109,0.118,165,34,true,10
A*,Warehouse,109,0.201,165,34,true,10
Dijkstra,Warehouse,110,0.183,165,34,true,10
DFS,Warehouse,110,0.031,34,34,true,9
BFS,Warehouse,110,0.096,165,34,true,10
A*,Warehouse,110,0.179,165,34,true,10
Dijkstra,Warehouse,111,0.18,165,34,true,10
DFS,Warehouse,111,0.026,34,34,true,9
BFS,Warehouse,111,0.104,165,34,true,10
A*,Warehouse,111,0.472,165,34,true,10
Dijkstra,Warehouse,112,0.174,165,34,true,10
DFS,Warehouse,112,0.022,34,34,true,9
BFS,Warehouse,112,0.092,165,34,true,10
A*,Warehouse,112,0.146,165,34,true,10
Dijkstra,Warehouse,113,0.118,165,34,true,10
DFS,Warehouse,113,0.022,34,34,true,9
BFS,Warehouse,113,0.058,165,34,true,10
A*,Warehouse,113,0.128,165,34,true,10
Dijkstra,Warehouse,114,0.12,165,34,true,10
DFS,Warehouse,114,0.02,34,34,true,9
BFS,Warehouse,114,0.073,165,34,true,10
A*,Warehouse,114,0.151,165,34,true,10
Dijkstra,Warehouse,115,0.138,165,34,true,10
DFS,Warehouse,115,0.026,34,34,true,9
BFS,Warehouse,115,0.082,165,34,true,10
A*,Warehouse,115,0.145,165,34,true,10
Dijkstra,Warehouse,116,0.135,165,34,true,10
DFS,Warehouse,116,0.02,34,34,true,9
BFS,Warehouse,116,0.073,165,34,true,10
A*,Warehouse,116,0.146,165,34,true,10
Dijkstra,Warehouse,117,0.118,165,34,true,10
DFS,Warehouse,117,0.021,34,34,true,9
BFS,Warehouse,117,0.077,165,34,true,10
A*,Warehouse,117,0.129,165,34,true,10
Dijkstra,Warehouse,118,0.141,165,34,true,10
DFS,Warehouse,118,0.02,34,34,true,9
BFS,Warehouse,118,0.057,165,34,true,10
A*,Warehouse,118,0.144,165,34,true,10
Dijkstra,Warehouse,119,0.169,165,34,true,10
DFS,Warehouse,119,0.033,34,34,true,9
BFS,Warehouse,119,0.076,165,34,true,10
A*,Warehouse,119,0.275,165,34,true,10
Dijkstra,Warehouse,120,0.196,165,34,true,10
DFS,Warehouse,120,0.037,34,34,true,9
BFS,Warehouse,120,0.065,165,34,true,10
A*,Warehouse,120,0.234,165,34,true,10
Dijkstra,Warehouse,121,0.176,165,34,true,10
DFS,Warehouse,121,0.031,34,34,true,9
BFS,Warehouse,121,0.088,165,34,true,10
A*,Warehouse,121,0.201,165,34,true,10
Dijkstra,Warehouse,122,0.195,165,34,true,10
DFS,Warehouse,122,0.03,34,34,true,9
BFS,Warehouse,122,0.096,165,34,true,10
A*,Warehouse,122,0.182,165,34,true,10
Dijkstra,Warehouse,123,0.209,165,34,true,10
DFS,Warehouse,123,0.045,34,34,true,9
BFS,Warehouse,123,0.092,165,34,true,10
A*,Warehouse,123,0.195,165,34,true,10
Dijkstra,Warehouse,124,0.156,165,34,true,10
DFS,Warehouse,124,0.026,34,34,true,9
BFS,Warehouse,124,0.07,165,34,true,10
A*,Warehouse,124,0.163,165,34,true,10
Dijkstra,Warehouse,125,0.12,165,34,true,10
DFS,Warehouse,125,0.02,34,34,true,9
BFS,Warehouse,125,0.058,165,34,true,10
A*,Warehouse,125,0.177,165,34,true,10
Dijkstra,Warehouse,126,0.627,165,34,true,10
DFS,Warehouse,126,0.034,34,34,true,9
BFS,Warehouse,126,0.091,165,34,true,10
A*,Warehouse,126,0.862,165,34,true,10
Dijkstra,Warehouse,127,0.224,165,34,true,10
DFS,Warehouse,127,0.042,34,34,true,9
BFS,Warehouse,127,0.105,165,34,true,10
A*,Warehouse,127,0.204,165,34,true,10
Dijkstra,Warehouse,128,0.198,165,34,true,10
DFS,Warehouse,128,0.035,34,34,true,9
BFS,Warehouse,128,0.098,165,34,true,10
A*,Warehouse,128,0.192,165,34,true,10
Dijkstra,Warehouse,129,0.174,165,34,true,10
DFS,Warehouse,129,0.032,34,34,true,9
BFS,Warehouse,129,0.099,165,34,true,10
A*,Warehouse,129,0.165,165,34,true,10
Dijkstra,Warehouse,130,0.157,165,34,true,10
DFS,Warehouse,130,0.022,34,34,true,9
BFS,Warehouse,130,0.082,165,34,true,10
A*,Warehouse,130,0.132,165,34,true,10
Dijkstra,Warehouse,131,0.119,165,34,true,10
DFS,Warehouse,131,0.02,34,34,true,9
BFS,Warehouse,131,0.058,165,34,true,10
A*,Warehouse,131,0.153,165,34,true,10
Dijkstra,Warehouse,132,0.139,165,34,true,10
DFS,Warehouse,132,0.021,34,34,true,9
BFS,Warehouse,132,0.059,165,34,true,10
A*,Warehouse,132,0.14,165,34,true,10
Dijkstra,Warehouse,133,0.12,165,34,true,10
DFS,Warehouse,133,0.036,34,34,true,9
BFS,Warehouse,133,0.065,165,34,true,10
A*,Warehouse,133,0.14,165,34,true,10
Dijkstra,Warehouse,134,0.161,165,34,true,10
DFS,Warehouse,134,0.021,34,34,true,9
BFS,Warehouse,134,0.058,165,34,true,10
A*,Warehouse,134,0.135,165,34,true,10
Dijkstra,Warehouse,135,0.123,165,34,true,10
DFS,Warehouse,135,0.03,34,34,true,9
BFS,Warehouse,135,0.085,165,34,true,10
A*,Warehouse,135,0.133,165,34,true,10
Dijkstra,Warehouse,136,0.135,165,34,true,10
DFS,Warehouse,136,0.02,34,34,true,9
BFS,Warehouse,136,0.058,165,34,true,10
A*,Warehouse,136,0.147,165,34,true,10
Dijkstra,Warehouse,137,0.118,165,34,true,10
DFS,Warehouse,137,0.019,34,34,true,9
BFS,Warehouse,137,0.067,165,34,true,10
A*,Warehouse,137,0.13,165,34,true,10
Dijkstra,Warehouse,138,0.15,165,34,true,10
DFS,Warehouse,138,0.021,34,34,true,9
BFS,Warehouse,138,0.058,165,34,true,10
A*,Warehouse,138,0.16,165,34,true,10
Dijkstra,Warehouse,139,0.127,165,34,true,10
DFS,Warehouse,139,0.028,34,34,true,9
BFS,Warehouse,139,0.07,165,34,true,10
A*,Warehouse,139,0.166,165,34,true,10
Dijkstra,Warehouse,140,0.118,165,34,true,10
DFS,Warehouse,140,0.02,34,34,true,9
BFS,Warehouse,140,0.057,165,34,true,10
A*,Warehouse,140,0.14,165,34,true,10
Dijkstra,Warehouse,141,0.134,165,34,true,10
DFS,Warehouse,141,0.019,34,34,true,9
BFS,Warehouse,141,0.056,165,34,true,10
A*,Warehouse,141,0.537,165,34,true,10
Dijkstra,Warehouse,142,0.192,165,34,true,10
DFS,Warehouse,142,0.026,34,34,true,9
BFS,Warehouse,142,0.061,165,34,true,10
A*,Warehouse,142,0.139,165,34,true,10
Dijkstra,Warehouse,143,0.121,165,34,true,10
DFS,Warehouse,143,0.02,34,34,true,9
BFS,Warehouse,143,0.067,165,34,true,10
A*,Warehouse,143,0.244,165,34,true,10
Dijkstra,Warehouse,144,0.186,165,34,true,10
DFS,Warehouse,144,0.032,34,34,true,9
BFS,Warehouse,144,0.088,165,34,true,10
A*,Warehouse,144,0.201,165,34,true,10
Dijkstra,Warehouse,145,0.182,165,34,true,10
DFS,Warehouse,145,0.033,34,34,true,9
BFS,Warehouse,145,0.088,165,34,true,10
A*,Warehouse,145,0.197,165,34,true,10
Dijkstra,Warehouse,146,0.186,165,34,true,10
DFS,Warehouse,146,0.031,34,34,true,9
BFS,Warehouse,146,0.09,165,34,true,10
A*,Warehouse,146,0.173,165,34,true,10
Dijkstra,Warehouse,147,0.121,165,34,true,10
DFS,Warehouse,147,0.03,34,34,true,9
BFS,Warehouse,147,0.083,165,34,true,10
A*,Warehouse,147,0.134,165,34,true,10
Dijkstra,Warehouse,148,0.118,165,34,true,10
DFS,Warehouse,148,0.022,34,34,true,9
BFS,Warehouse,148,0.065,165,34,true,10
A*,Warehouse,148,0.15,165,34,true,10
Dijkstra,Warehouse,149,0.12,165,34,true,10
DFS,Warehouse,149,0.021,34,34,true,9
BFS,Warehouse,149,0.06,165,34,true,10
A*,Warehouse,149,0.134,165,34,true,10
Dijkstra,Warehouse,150,0.121,165,34,true,10
DFS,Warehouse,150,0.019,34,34,true,9
BFS,Warehouse,150,0.058,165,34,true,10
A*,Warehouse,150,0.14,165,34,true,10
Dijkstra,Warehouse,151,0.147,165,34,true,10
DFS,Warehouse,151,0.032,34,34,true,9
BFS,Warehouse,151,0.088,165,34,true,10
A*,Warehouse,151,0.196,165,34,true,10
Dijkstra,Warehouse,152,0.184,165,34,true,10
DFS,Warehouse,152,0.024,34,34,true,9
BFS,Warehouse,152,0.06,165,34,true,10
A*,Warehouse,152,0.132,165,34,true,10
Dijkstra,Warehouse,153,0.119,165,34,true,10
DFS,Warehouse,153,0.019,34,34,true,9
BFS,Warehouse,153,0.058,165,34,true,10
A*,Warehouse,153,0.14,165,34,true,10
Dijkstra,Warehouse,154,0.12,165,34,true,10
DFS,Warehouse,154,0.02,34,34,true,9
BFS,Warehouse,154,0.057,165,34,true,10
A*,Warehouse,154,0.147,165,34,true,10
Dijkstra,Warehouse,155,0.12,165,34,true,10
DFS,Warehouse,155,0.021,34,34,true,9
BFS,Warehouse,155,0.078,165,34,true,10
A*,Warehouse,155,0.189,165,34,true,10
Dijkstra,Warehouse,156,0.124,165,34,true,10
DFS,Warehouse,156,0.023,34,34,true,9
BFS,Warehouse,156,0.079,165,34,true,10
A*,Warehouse,156,0.645,165,34,true,10
Dijkstra,Warehouse,157,0.123,165,34,true,10
DFS,Warehouse,157,0.029,34,34,true,9
BFS,Warehouse,157,0.131,165,34,true,10
A*,Warehouse,157,0.242,165,34,true,10
Dijkstra,Warehouse,158,0.181,165,34,true,10
DFS,Warehouse,158,0.037,34,34,true,9
BFS,Warehouse,158,0.11,165,34,true,10
A*,Warehouse,158,0.253,165,34,true,10
Dijkstra,Warehouse,159,0.222,165,34,true,10
DFS,Warehouse,159,0.039,34,34,true,9
BFS,Warehouse,159,0.11,165,34,true,10
A*,Warehouse,159,0.211,165,34,true,10
Dijkstra,Warehouse,160,0.233,165,34,true,10
DFS,Warehouse,160,0.03,34,34,true,9
BFS,Warehouse,160,0.061,165,34,true,10
A*,Warehouse,160,0.131,165,34,true,10
Dijkstra,Warehouse,161,0.117,165,34,true,10
DFS,Warehouse,161,0.019,34,34,true,9
BFS,Warehouse,161,0.057,165,34,true,10
A*,Warehouse,161,0.205,165,34,true,10
Dijkstra,Warehouse,162,0.226,165,34,true,10
DFS,Warehouse,162,0.023,34,34,true,9
BFS,Warehouse,162,0.059,165,34,true,10
A*,Warehouse,162,0.132,165,34,true,10
Dijkstra,Warehouse,163,0.119,165,34,true,10
DFS,Warehouse,163,0.021,34,34,true,9
BFS,Warehouse,163,0.059,165,34,true,10
A*,Warehouse,163,0.13,165,34,true,10
Dijkstra,Warehouse,164,0.12,165,34,true,10
DFS,Warehouse,164,0.02,34,34,true,9
BFS,Warehouse,164,0.06,165,34,true,10
A*,Warehouse,164,0.127,165,34,true,10
Dijkstra,Warehouse,165,0.116,165,34,true,10
DFS,Warehouse,165,0.019,34,34,true,9
BFS,Warehouse,165,0.057,165,34,true,10
A*,Warehouse,165,0.128,165,34,true,10
Dijkstra,Warehouse,166,0.115,165,34,true,10
DFS,Warehouse,166,0.021,34,34,true,9
BFS,Warehouse,166,0.056,165,34,true,10
A*,Warehouse,166,0.149,165,34,true,10
Dijkstra,Warehouse,167,0.117,165,34,true,10
DFS,Warehouse,167,0.019,34,34,true,9
BFS,Warehouse,167,0.057,165,34,true,10
A*,Warehouse,167,0.13,165,34,true,10
Dijkstra,Warehouse,168,0.116,165,34,true,10
DFS,Warehouse,168,0.019,34,34,true,9
BFS,Warehouse,168,0.056,165,34,true,10
A*,Warehouse,168,0.138,165,34,true,10
Dijkstra,Warehouse,169,0.116,165,34,true,10
DFS,Warehouse,169,0.019,34,34,true,9
BFS,Warehouse,169,0.056,165,34,true,10
A*,Warehouse,169,0.13,165,34,true,10
Dijkstra,Warehouse,170,0.117,165,34,true,10
DFS,Warehouse,170,0.02,34,34,true,9
BFS,Warehouse,170,0.056,165,34,true,10
A*,Warehouse,170,0.13,165,34,true,10
Dijkstra,Warehouse,171,0.117,165,34,true,10
DFS,Warehouse,171,0.019,34,34,true,9
BFS,Warehouse,171,0.057,165,34,true,10
A*,Warehouse,171,0.458,165,34,true,10
Dijkstra,Warehouse,172,0.118,165,34,true,10
DFS,Warehouse,172,0.02,34,34,true,9
BFS,Warehouse,172,0.057,165,34,true,10
A*,Warehouse,172,0.13,165,34,true,10
Dijkstra,Warehouse,173,0.117,165,34,true,10
DFS,Warehouse,173,0.02,34,34,true,9
BFS,Warehouse,173,0.057,165,34,true,10
A*,Warehouse,173,0.131,165,34,true,10
Dijkstra,Warehouse,174,0.117,165,34,true,10
DFS,Warehouse,174,0.02,34,34,true,9
BFS,Warehouse,174,0.056,165,34,true,10
A*,Warehouse,174,0.13,165,34,true,10
Dijkstra,Warehouse,175,0.117,165,34,true,10
DFS,Warehouse,175,0.019,34,34,true,9
BFS,Warehouse,175,0.057,165,34,true,10
A*,Warehouse,175,0.131,165,34,true,10
Dijkstra,Warehouse,176,0.116,165,34,true,10
DFS,Warehouse,176,0.019,34,34,true,9
BFS,Warehouse,176,0.068,165,34,true,10
A*,Warehouse,176,0.128,165,34,true,10
Dijkstra,Warehouse,177,0.116,165,34,true,10
DFS,Warehouse,177,0.02,34,34,true,9
BFS,Warehouse,177,0.056,165,34,true,10
A*,Warehouse,177,0.128,165,34,true,10
Dijkstra,Warehouse,178,0.117,165,34,true,10
DFS,Warehouse,178,0.019,34,34,true,9
BFS,Warehouse,178,0.057,165,34,true,10
A*,Warehouse,178,0.131,165,34,true,10
Dijkstra,Warehouse,179,0.116,165,34,true,10
DFS,Warehouse,179,0.019,34,34,true,9
BFS,Warehouse,179,0.057,165,34,true,10
A*,Warehouse,179,0.132,165,34,true,10
Dijkstra,Warehouse,180,0.117,165,34,true,10
DFS,Warehouse,180,0.02,34,34,true,9
BFS,Warehouse,180,0.056,165,34,true,10
A*,Warehouse,180,0.13,165,34,true,10
Dijkstra,Warehouse,181,0.114,165,34,true,10
DFS,Warehouse,181,0.02,34,34,true,9
BFS,Warehouse,181,0.056,165,34,true,10
A*,Warehouse,181,0.14,165,34,true,10
Dijkstra,Warehouse,182,0.115,165,34,true,10
DFS,Warehouse,182,0.019,34,34,true,9
BFS,Warehouse,182,0.057,165,34,true,10
A*,Warehouse,182,0.128,165,34,true,10
Dijkstra,Warehouse,183,0.117,165,34,true,10
DFS,Warehouse,183,0.019,34,34,true,9
BFS,Warehouse,183,0.055,165,34,true,10
A*,Warehouse,183,0.133,165,34,true,10
Dijkstra,Warehouse,184,0.116,165,34,true,10
DFS,Warehouse,184,0.019,34,34,true,9
BFS,Warehouse,184,0.056,165,34,true,10
A*,Warehouse,184,0.128,165,34,true,10
Dijkstra,Warehouse,185,0.143,165,34,true,10
DFS,Warehouse,185,0.033,34,34,true,9
BFS,Warehouse,185,0.079,165,34,true,10
A*,Warehouse,185,0.135,165,34,true,10
Dijkstra,Warehouse,186,0.121,165,34,true,10
DFS,Warehouse,186,0.02,34,34,true,9
BFS,Warehouse,186,0.107,165,34,true,10
A*,Warehouse,186,0.639,165,34,true,10
Dijkstra,Warehouse,187,0.128,165,34,true,10
DFS,Warehouse,187,0.026,34,34,true,9
BFS,Warehouse,187,0.061,165,34,true,10
A*,Warehouse,187,0.134,165,34,true,10
Dijkstra,Warehouse,188,0.123,165,34,true,10
DFS,Warehouse,188,0.022,34,34,true,9
BFS,Warehouse,188,0.06,165,34,true,10
A*,Warehouse,188,0.132,165,34,true,10
Dijkstra,Warehouse,189,0.122,165,34,true,10
DFS,Warehouse,189,0.02,34,34,true,9
BFS,Warehouse,189,0.058,165,34,true,10
A*,Warehouse,189,0.131,165,34,true,10
Dijkstra,Warehouse,190,0.119,165,34,true,10
DFS,Warehouse,190,0.02,34,34,true,9
BFS,Warehouse,190,0.076,165,34,true,10
A*,Warehouse,190,0.169,165,34,true,10
Dijkstra,Warehouse,191,0.131,165,34,true,10
DFS,Warehouse,191,0.034,34,34,true,9
BFS,Warehouse,191,0.086,165,34,true,10
A*,Warehouse,191,0.18,165,34,true,10
Dijkstra,Warehouse,192,0.178,165,34,true,10
DFS,Warehouse,192,0.029,34,34,true,9
BFS,Warehouse,192,0.093,165,34,true,10
A*,Warehouse,192,0.185,165,34,true,10
Dijkstra,Warehouse,193,0.172,165,34,true,10
DFS,Warehouse,193,0.032,34,34,true,9
BFS,Warehouse,193,0.097,165,34,true,10
A*,Warehouse,193,0.195,165,34,true,10
Dijkstra,Warehouse,194,0.188,165,34,true,10
DFS,Warehouse,194,0.038,34,34,true,9
BFS,Warehouse,194,0.068,165,34,true,10
A*,Warehouse,194,0.146,165,34,true,10
Dijkstra,Warehouse,195,0.119,165,34,true,10
DFS,Warehouse,195,0.021,34,34,true,9
BFS,Warehouse,195,0.059,165,34,true,10
A*,Warehouse,195,0.132,165,34,true,10
Dijkstra,Warehouse,196,0.119,165,34,true,10
DFS,Warehouse,196,0.02,34,34,true,9
BFS,Warehouse,196,0.059,165,34,true,10
A*,Warehouse,196,0.129,165,34,true,10
Dijkstra,Warehouse,197,0.118,165,34,true,10
DFS,Warehouse,197,0.02,34,34,true,9
BFS,Warehouse,197,0.062,165,34,true,10
A*,Warehouse,197,0.131,165,34,true,10
Dijkstra,Warehouse,198,0.118,165,34,true,10
DFS,Warehouse,198,0.02,34,34,true,9
BFS,Warehouse,198,0.057,165,34,true,10
A*,Warehouse,198,0.14,165,34,true,10
Dijkstra,Warehouse,199,0.116,165,34,true,10
DFS,Warehouse,199,0.02,34,34,true,9
BFS,Warehouse,199,0.07,165,34,true,10
A*,Warehouse,199,0.127,165,34,true,10
Dijkstra,Warehouse,200,0.118,165,34,true,10
DFS,Warehouse,200,0.019,34,34,true,9
BFS,Warehouse,200,0.057,165,34,true,10
A*,Warehouse,200,0.126,165,34,true,10
Dijkstra,Warehouse,201,0.12,165,34,true,10
DFS,Warehouse,201,0.02,34,34,true,9
BFS,Warehouse,201,0.057,165,34,true,10
A*,Warehouse,201,0.474,165,34,true,10
Dijkstra,Warehouse,202,0.119,165,34,true,10
DFS,Warehouse,202,0.02,34,34,true,9
BFS,Warehouse,202,0.058,165,34,true,10
A*,Warehouse,202,0.13,165,34,true,10
Dijkstra,Warehouse,203,0.117,165,34,true,10
DFS,Warehouse,203,0.02,34,34,true,9
BFS,Warehouse,203,0.057,165,34,true,10
A*,Warehouse,203,0.13,165,34,true,10
Dijkstra,Warehouse,204,0.118,165,34,true,10
DFS,Warehouse,204,0.02,34,34,true,9
BFS,Warehouse,204,0.057,165,34,true,10
A*,Warehouse,204,0.13,165,34,true,10
Dijkstra,Warehouse,205,0.117,165,34,true,10
DFS,Warehouse,205,0.02,34,34,true,9
BFS,Warehouse,205,0.055,165,34,true,10
A*,Warehouse,205,0.129,165,34,true,10
Dijkstra,Warehouse,206,0.131,165,34,true,10
DFS,Warehouse,206,0.019,34,34,true,9
BFS,Warehouse,206,0.056,165,34,true,10
A*,Warehouse,206,0.146,165,34,true,10
Dijkstra,Warehouse,207,0.119,165,34,true,10
DFS,Warehouse,207,0.019,34,34,true,9
BFS,Warehouse,207,0.059,165,34,true,10
A*,Warehouse,207,0.215,165,34,true,10
Dijkstra,Warehouse,208,0.26,165,34,true,10
DFS,Warehouse,208,0.032,34,34,true,9
BFS,Warehouse,208,0.098,165,34,true,10
A*,Warehouse,208,0.202,165,34,true,10
Dijkstra,Warehouse,209,0.178,165,34,true,10
DFS,Warehouse,209,0.032,34,34,true,9
BFS,Warehouse,209,0.09,165,34,true,10
A*,Warehouse,209,0.201,165,34,true,10
Dijkstra,Warehouse,210,0.177,165,34,true,10
DFS,Warehouse,210,0.031,34,34,true,9
BFS,Warehouse,210,0.09,165,34,true,10
A*,Warehouse,210,0.132,165,34,true,10
Dijkstra,Warehouse,211,0.118,165,34,true,10
DFS,Warehouse,211,0.02,34,34,true,9
BFS,Warehouse,211,0.058,165,34,true,10
A*,Warehouse,211,0.132,165,34,true,10
Dijkstra,Warehouse,212,0.118,165,34,true,10
DFS,Warehouse,212,0.02,34,34,true,9
BFS,Warehouse,212,0.056,165,34,true,10
A*,Warehouse,212,0.13,165,34,true,10
Dijkstra,Warehouse,213,0.117,165,34,true,10
DFS,Warehouse,213,0.02,34,34,true,9
BFS,Warehouse,213,0.057,165,34,true,10
A*,Warehouse,213,0.136,165,34,true,10
Dijkstra,Warehouse,214,0.117,165,34,true,10
DFS,Warehouse,214,0.019,34,34,true,9
BFS,Warehouse,214,0.057,165,34,true,10
A*,Warehouse,214,0.128,165,34,true,10
Dijkstra,Warehouse,215,0.116,165,34,true,10
DFS,Warehouse,215,0.019,34,34,true,9
BFS,Warehouse,215,0.057,165,34,true,10
A*,Warehouse,215,0.13,165,34,true,10
Dijkstra,Warehouse,216,0.116,165,34,true,10
DFS,Warehouse,216,0.019,34,34,true,9
BFS,Warehouse,216,0.055,165,34,true,10
A*,Warehouse,216,0.137,165,34,true,10
Dijkstra,Warehouse,217,0.12,165,34,true,10
DFS,Warehouse,217,0.022,34,34,true,9
BFS,Warehouse,217,0.06,165,34,true,10
A*,Warehouse,217,0.13,165,34,true,10
Dijkstra,Warehouse,218,0.116,165,34,true,10
DFS,Warehouse,218,0.02,34,34,true,9
BFS,Warehouse,218,0.058,165,34,true,10
A*,Warehouse,218,0.131,165,34,true,10
Dijkstra,Warehouse,219,0.116,165,34,true,10
DFS,Warehouse,219,0.021,34,34,true,9
BFS,Warehouse,219,0.057,165,34,true,10
A*,Warehouse,219,0.129,165,34,true,10
Dijkstra,Warehouse,220,0.117,165,34,true,10
DFS,Warehouse,220,0.027,34,34,true,9
BFS,Warehouse,220,0.058,165,34,true,10
A*,Warehouse,220,0.173,165,34,true,10
Dijkstra,Warehouse,221,0.149,165,34,true,10
DFS,Warehouse,221,0.022,34,34,true,9
BFS,Warehouse,221,0.059,165,34,true,10
A*,Warehouse,221,0.131,165,34,true,10
Dijkstra,Warehouse,222,0.117,165,34,true,10
DFS,Warehouse,222,0.019,34,34,true,9
BFS,Warehouse,222,0.059,165,34,true,10
A*,Warehouse,222,0.13,165,34,true,10
Dijkstra,Warehouse,223,0.121,165,34,true,10
DFS,Warehouse,223,0.022,34,34,true,9
BFS,Warehouse,223,0.058,165,34,true,10
A*,Warehouse,223,0.132,165,34,true,10
Dijkstra,Warehouse,224,0.121,165,34,true,10
DFS,Warehouse,224,0.02,34,34,true,9
BFS,Warehouse,224,0.06,165,34,true,10
A*,Warehouse,224,0.134,165,34,true,10
Dijkstra,Warehouse,225,0.122,165,34,true,10
DFS,Warehouse,225,0.021,34,34,true,9
BFS,Warehouse,225,0.06,165,34,true,10
A*,Warehouse,225,0.178,165,34,true,10
Dijkstra,Warehouse,226,0.163,165,34,true,10
DFS,Warehouse,226,0.023,34,34,true,9
BFS,Warehouse,226,0.163,165,34,true,10
A*,Warehouse,226,0.255,165,34,true,10
Dijkstra,Warehouse,227,0.227,165,34,true,10
DFS,Warehouse,227,0.042,34,34,true,9
BFS,Warehouse,227,0.117,165,34,true,10
A*,Warehouse,227,0.243,165,34,true,10
Dijkstra,Warehouse,228,0.232,165,34,true,10
DFS,Warehouse,228,0.037,34,34,true,9
BFS,Warehouse,228,0.4,165,34,true,10
A*,Warehouse,228,0.152,165,34,true,10
Dijkstra,Warehouse,229,0.123,165,34,true,10
DFS,Warehouse,229,0.022,34,34,true,9
BFS,Warehouse,229,0.059,165,34,true,10
A*,Warehouse,229,0.132,165,34,true,10
Dijkstra,Warehouse,230,0.123,165,34,true,10
DFS,Warehouse,230,0.02,34,34,true,9
BFS,Warehouse,230,0.059,165,34,true,10
A*,Warehouse,230,0.131,165,34,true,10
Dijkstra,Warehouse,231,0.121,165,34,true,10
DFS,Warehouse,231,0.021,34,34,true,9
BFS,Warehouse,231,0.403,165,34,true,10
A*,Warehouse,231,0.133,165,34,true,10
Dijkstra,Warehouse,232,0.118,165,34,true,10
DFS,Warehouse,232,0.021,34,34,true,9
BFS,Warehouse,232,0.058,165,34,true,10
A*,Warehouse,232,0.132,165,34,true,10
Dijkstra,Warehouse,233,0.117,165,34,true,10
DFS,Warehouse,233,0.019,34,34,true,9
BFS,Warehouse,233,0.055,165,34,true,10
A*,Warehouse,233,0.129,165,34,true,10
Dijkstra,Warehouse,234,0.116,165,34,true,10
DFS,Warehouse,234,0.02,34,34,true,9
BFS,Warehouse,234,0.056,165,34,true,10
A*,Warehouse,234,0.129,165,34,true,10
Dijkstra,Warehouse,235,0.118,165,34,true,10
DFS,Warehouse,235,0.02,34,34,true,9
BFS,Warehouse,235,0.057,165,34,true,10
A*,Warehouse,235,0.128,165,34,true,10
Dijkstra,Warehouse,236,0.13,165,34,true,10
DFS,Warehouse,236,0.019,34,34,true,9
BFS,Warehouse,236,0.055,165,34,true,10
A*,Warehouse,236,0.129,165,34,true,10
Dijkstra,Warehouse,237,0.117,165,34,true,10
DFS,Warehouse,237,0.019,34,34,true,9
BFS,Warehouse,237,0.056,165,34,true,10
A*,Warehouse,237,0.128,165,34,true,10
Dijkstra,Warehouse,238,0.119,165,34,true,10
DFS,Warehouse,238,0.021,34,34,true,9
BFS,Warehouse,238,0.056,165,34,true,10
A*,Warehouse,238,0.128,165,34,true,10
Dijkstra,Warehouse,239,0.117,165,34,true,10
DFS,Warehouse,239,0.019,34,34,true,9
BFS,Warehouse,239,0.056,165,34,true,10
A*,Warehouse,239,0.129,165,34,true,10
Dijkstra,Warehouse,240,0.115,165,34,true,10
DFS,Warehouse,240,0.019,34,34,true,9
BFS,Warehouse,240,0.056,165,34,true,10
A*,Warehouse,240,0.129,165,34,true,10
Dijkstra,Warehouse,241,0.116,165,34,true,10
DFS,Warehouse,241,0.02,34,34,true,9
BFS,Warehouse,241,0.068,165,34,true,10
A*,Warehouse,241,0.127,165,34,true,10
Dijkstra,Warehouse,242,0.116,165,34,true,10
DFS,Warehouse,242,0.02,34,34,true,9
BFS,Warehouse,242,0.056,165,34,true,10
A*,Warehouse,242,0.128,165,34,true,10
Dijkstra,Warehouse,243,0.116,165,34,true,10
DFS,Warehouse,243,0.019,34,34,true,9
BFS,Warehouse,243,0.064,165,34,true,10
A*,Warehouse,243,0.128,165,34,true,10
Dijkstra,Warehouse,244,0.116,165,34,true,10
DFS,Warehouse,244,0.02,34,34,true,9
BFS,Warehouse,244,0.057,165,34,true,10
A*,Warehouse,244,0.129,165,34,true,10
Dijkstra,Warehouse,245,0.116,165,34,true,10
DFS,Warehouse,245,0.02,34,34,true,9
BFS,Warehouse,245,0.055,165,34,true,10
A*,Warehouse,245,0.128,165,34,true,10
Dijkstra,Warehouse,246,0.117,165,34,true,10
DFS,Warehouse,246,0.019,34,34,true,9
BFS,Warehouse,246,0.346,165,34,true,10
A*,Warehouse,246,0.131,165,34,true,10
Dijkstra,Warehouse,247,0.117,165,34,true,10
DFS,Warehouse,247,0.02,34,34,true,9
BFS,Warehouse,247,0.057,165,34,true,10
A*,Warehouse,247,0.132,165,34,true,10
Dijkstra,Warehouse,248,0.117,165,34,true,10
DFS,Warehouse,248,0.021,34,34,true,9
BFS,Warehouse,248,0.056,165,34,true,10
A*,Warehouse,248,0.128,165,34,true,10
Dijkstra,Warehouse,249,0.116,165,34,true,10
DFS,Warehouse,249,0.02,34,34,true,9
BFS,Warehouse,249,0.056,165,34,true,10
A*,Warehouse,249,0.13,165,34,true,10
Dijkstra,Warehouse,250,0.117,165,34,true,10
DFS,Warehouse,250,0.019,34,34,true,9
BFS,Warehouse,250,0.056,165,34,true,10
A*,Warehouse,250,0.128,165,34,true,10
Dijkstra,Warehouse,251,0.132,165,34,true,10
DFS,Warehouse,251,0.271,34,34,true,9
BFS,Warehouse,251,0.067,165,34,true,10
A*,Warehouse,251,0.136,165,34,true,10
Dijkstra,Warehouse,252,0.12,165,34,true,10
DFS,Warehouse,252,0.021,34,34,true,9
BFS,Warehouse,252,0.059,165,34,true,10
A*,Warehouse,252,0.132,165,34,true,10
Dijkstra,Warehouse,253,0.12,165,34,true,10
DFS,Warehouse,253,0.02,34,34,true,9
BFS,Warehouse,253,0.058,165,34,true,10
A*,Warehouse,253,0.13,165,34,true,10
Dijkstra,Warehouse,254,0.119,165,34,true,10
DFS,Warehouse,254,0.019,34,34,true,9
BFS,Warehouse,254,0.057,165,34,true,10
A*,Warehouse,254,0.13,165,34,true,10
Dijkstra,Warehouse,255,0.117,165,34,true,10
DFS,Warehouse,255,0.019,34,34,true,9
BFS,Warehouse,255,0.057,165,34,true,10
A*,Warehouse,255,0.147,165,34,true,10
Dijkstra,Warehouse,256,0.117,165,34,true,10
DFS,Warehouse,256,0.02,34,34,true,9
BFS,Warehouse,256,0.057,165,34,true,10
A*,Warehouse,256,0.129,165,34,true,10
Dijkstra,Warehouse,257,0.116,165,34,true,10
DFS,Warehouse,257,0.02,34,34,true,9
BFS,Warehouse,257,0.066,165,34,true,10
A*,Warehouse,257,0.186,165,34,true,10
Dijkstra,Warehouse,258,0.122,165,34,true,10
DFS,Warehouse,258,0.022,34,34,true,9
BFS,Warehouse,258,0.069,165,34,true,10
A*,Warehouse,258,0.131,165,34,true,10
Dijkstra,Warehouse,259,0.117,165,34,true,10
DFS,Warehouse,259,0.02,34,34,true,9
BFS,Warehouse,259,0.057,165,34,true,10
A*,Warehouse,259,0.13,165,34,true,10
Dijkstra,Warehouse,260,0.117,165,34,true,10
DFS,Warehouse,260,0.024,34,34,true,9
BFS,Warehouse,260,0.059,165,34,true,10
A*,Warehouse,260,0.188,165,34,true,10
Dijkstra,Warehouse,261,0.122,165,34,true,10
DFS,Warehouse,261,0.021,34,34,true,9
BFS,Warehouse,261,0.468,165,34,true,10
A*,Warehouse,261,0.135,165,34,true,10
Dijkstra,Warehouse,262,0.119,165,34,true,10
DFS,Warehouse,262,0.022,34,34,true,9
BFS,Warehouse,262,0.059,165,34,true,10
A*,Warehouse,262,0.134,165,34,true,10
Dijkstra,Warehouse,263,0.191,165,34,true,10
DFS,Warehouse,263,0.031,34,34,true,9
BFS,Warehouse,263,0.094,165,34,true,10
A*,Warehouse,263,0.214,165,34,true,10
Dijkstra,Warehouse,264,0.192,165,34,true,10
DFS,Warehouse,264,0.031,34,34,true,9
BFS,Warehouse,264,0.062,165,34,true,10
A*,Warehouse,264,0.15,165,34,true,10
Dijkstra,Warehouse,265,0.12,165,34,true,10
DFS,Warehouse,265,0.02,34,34,true,9
BFS,Warehouse,265,0.059,165,34,true,10
A*,Warehouse,265,0.14,165,34,true,10
Dijkstra,Warehouse,266,0.196,165,34,true,10
DFS,Warehouse,266,0.035,34,34,true,9
BFS,Warehouse,266,0.071,165,34,true,10
A*,Warehouse,266,0.167,165,34,true,10
Dijkstra,Warehouse,267,0.133,165,34,true,10
DFS,Warehouse,267,0.021,34,34,true,9
BFS,Warehouse,267,0.059,165,34,true,10
A*,Warehouse,267,0.141,165,34,true,10
Dijkstra,Warehouse,268,0.148,165,34,true,10
DFS,Warehouse,268,0.02,34,34,true,9
BFS,Warehouse,268,0.069,165,34,true,10
A*,Warehouse,268,0.156,165,34,true,10
Dijkstra,Warehouse,269,0.119,165,34,true,10
DFS,Warehouse,269,0.021,34,34,true,9
BFS,Warehouse,269,0.058,165,34,true,10
A*,Warehouse,269,0.13,165,34,true,10
Dijkstra,Warehouse,270,0.116,165,34,true,10
DFS,Warehouse,270,0.02,34,34,true,9
BFS,Warehouse,270,0.057,165,34,true,10
A*,Warehouse,270,0.127,165,34,true,10
Dijkstra,Warehouse,271,0.118,165,34,true,10
DFS,Warehouse,271,0.019,34,34,true,9
BFS,Warehouse,271,0.057,165,34,true,10
A*,Warehouse,271,0.167,165,34,true,10
Dijkstra,Warehouse,272,0.117,165,34,true,10
DFS,Warehouse,272,0.019,34,34,true,9
BFS,Warehouse,272,0.057,165,34,true,10
A*,Warehouse,272,0.129,165,34,true,10
Dijkstra,Warehouse,273,0.117,165,34,true,10
DFS,Warehouse,273,0.028,34,34,true,9
BFS,Warehouse,273,0.105,165,34,true,10
A*,Warehouse,273,0.231,165,34,true,10
Dijkstra,Warehouse,274,0.122,165,34,true,10
DFS,Warehouse,274,0.021,34,34,true,9
BFS,Warehouse,274,0.058,165,34,true,10
A*,Warehouse,274,0.128,165,34,true,10
Dijkstra,Warehouse,275,0.12,165,34,true,10
DFS,Warehouse,275,0.02,34,34,true,9
BFS,Warehouse,275,0.059,165,34,true,10
A*,Warehouse,275,0.132,165,34,true,10
Dijkstra,Warehouse,276,0.119,165,34,true,10
DFS,Warehouse,276,0.021,34,34,true,9
BFS,Warehouse,276,0.378,165,34,true,10
A*,Warehouse,276,0.133,165,34,true,10
Dijkstra,Warehouse,277,0.119,165,34,true,10
DFS,Warehouse,277,0.021,34,34,true,9
BFS,Warehouse,277,0.071,165,34,true,10
A*,Warehouse,277,0.128,165,34,true,10
Dijkstra,Warehouse,278,0.118,165,34,true,10
DFS,Warehouse,278,0.019,34,34,true,9
BFS,Warehouse,278,0.057,165,34,true,10
A*,Warehouse,278,0.127,165,34,true,10
Dijkstra,Warehouse,279,0.117,165,34,true,10
DFS,Warehouse,279,0.019,34,34,true,9
BFS,Warehouse,279,0.056,165,34,true,10
A*,Warehouse,279,0.126,165,34,true,10
Dijkstra,Warehouse,280,0.117,165,34,true,10
DFS,Warehouse,280,0.019,34,34,true,9
BFS,Warehouse,280,0.055,165,34,true,10
A*,Warehouse,280,0.127,165,34,true,10
Dijkstra,Warehouse,281,0.116,165,34,true,10
DFS,Warehouse,281,0.02,34,34,true,9
BFS,Warehouse,281,0.055,165,34,true,10
A*,Warehouse,281,0.126,165,34,true,10
Dijkstra,Warehouse,282,0.117,165,34,true,10
DFS,Warehouse,282,0.02,34,34,true,9
BFS,Warehouse,282,0.057,165,34,true,10
A*,Warehouse,282,0.138,165,34,true,10
Dijkstra,Warehouse,283,0.116,165,34,true,10
DFS,Warehouse,283,0.019,34,34,true,9
BFS,Warehouse,283,0.057,165,34,true,10
A*,Warehouse,283,0.128,165,34,true,10
Dijkstra,Warehouse,284,0.119,165,34,true,10
DFS,Warehouse,284,0.02,34,34,true,9
BFS,Warehouse,284,0.056,165,34,true,10
A*,Warehouse,284,0.127,165,34,true,10
Dijkstra,Warehouse,285,0.118,165,34,true,10
DFS,Warehouse,285,0.02,34,34,true,9
BFS,Warehouse,285,0.057,165,34,true,10
A*,Warehouse,285,0.127,165,34,true,10
Dijkstra,Warehouse,286,0.116,165,34,true,10
DFS,Warehouse,286,0.019,34,34,true,9
BFS,Warehouse,286,0.057,165,34,true,10
A*,Warehouse,286,0.127,165,34,true,10
Dijkstra,Warehouse,287,0.114,165,34,true,10
DFS,Warehouse,287,0.019,34,34,true,9
BFS,Warehouse,287,0.056,165,34,true,10
A*,Warehouse,287,0.127,165,34,true,10
Dijkstra,Warehouse,288,0.126,165,34,true,10
DFS,Warehouse,288,0.021,34,34,true,9
BFS,Warehouse,288,0.063,165,34,true,10
A*,Warehouse,288,0.127,165,34,true,10
Dijkstra,Warehouse,289,0.117,165,34,true,10
DFS,Warehouse,289,0.019,34,34,true,9
BFS,Warehouse,289,0.057,165,34,true,10
A*,Warehouse,289,0.127,165,34,true,10
Dijkstra,Warehouse,290,0.117,165,34,true,10
DFS,Warehouse,290,0.019,34,34,true,9
BFS,Warehouse,290,0.056,165,34,true,10
A*,Warehouse,290,0.126,165,34,true,10
Dijkstra,Warehouse,291,0.115,165,34,true,10
DFS,Warehouse,291,0.02,34,34,true,9
BFS,Warehouse,291,0.317,165,34,true,10
A*,Warehouse,291,0.128,165,34,true,10
Dijkstra,Warehouse,292,0.117,165,34,true,10
DFS,Warehouse,292,0.02,34,34,true,9
BFS,Warehouse,292,0.056,165,34,true,10
A*,Warehouse,292,0.139,165,34,true,10
Dijkstra,Warehouse,293,0.117,165,34,true,10
DFS,Warehouse,293,0.019,34,34,true,9
BFS,Warehouse,293,0.057,165,34,true,10
A*,Warehouse,293,0.126,165,34,true,10
Dijkstra,Warehouse,294,0.116,165,34,true,10
DFS,Warehouse,294,0.019,34,34,true,9
BFS,Warehouse,294,0.056,165,34,true,10
A*,Warehouse,294,0.127,165,34,true,10
Dijkstra,Warehouse,295,0.116,165,34,true,10
DFS,Warehouse,295,0.02,34,34,true,9
BFS,Warehouse,295,0.055,165,34,true,10
A*,Warehouse,295,0.126,165,34,true,10
Dijkstra,Warehouse,296,0.137,165,34,true,10
DFS,Warehouse,296,0.034,34,34,true,9
BFS,Warehouse,296,0.09,165,34,true,10
A*,Warehouse,296,0.133,165,34,true,10
Dijkstra,Warehouse,297,0.122,165,34,true,10
DFS,Warehouse,297,0.02,34,34,true,9
BFS,Warehouse,297,0.058,165,34,true,10
A*,Warehouse,297,0.407,165,34,true,10
Dijkstra,Warehouse,298,0.124,165,34,true,10
DFS,Warehouse,298,0.034,34,34,true,9
BFS,Warehouse,298,0.062,165,34,true,10
A*,Warehouse,298,0.139,165,34,true,10
Dijkstra,Warehouse,299,0.125,165,34,true,10
DFS,Warehouse,299,0.022,34,34,true,9
BFS,Warehouse,299,0.061,165,34,true,10
A*,Warehouse,299,0.135,165,34,true,10
Dijkstra,Warehouse,300,0.124,165,34,true,10
DFS,Warehouse,300,0.026,34,34,true,9
BFS,Warehouse,300,0.089,165,34,true,10
A*,Warehouse,300,0.144,165,34,true,10
Dijkstra,Warehouse,301,0.125,165,34,true,10
DFS,Warehouse,301,0.021,34,34,true,9
BFS,Warehouse,301,0.062,165,34,true,10
A*,Warehouse,301,0.135,165,34,true,10
Dijkstra,Warehouse,302,0.118,165,34,true,10
DFS,Warehouse,302,0.02,34,34,true,9
BFS,Warehouse,302,0.058,165,34,true,10
A*,Warehouse,302,0.153,165,34,true,10
Dijkstra,Warehouse,303,0.119,165,34,true,10
DFS,Warehouse,303,0.02,34,34,true,9
BFS,Warehouse,303,0.058,165,34,true,10
A*,Warehouse,303,0.128,165,34,true,10
Dijkstra,Warehouse,304,0.117,165,34,true,10
DFS,Warehouse,304,0.021,34,34,true,9
BFS,Warehouse,304,0.059,165,34,true,10
A*,Warehouse,304,0.129,165,34,true,10
Dijkstra,Warehouse,305,0.172,165,34,true,10
DFS,Warehouse,305,0.031,34,34,true,9
BFS,Warehouse,305,0.109,165,34,true,10
A*,Warehouse,305,0.324,165,34,true,10
Dijkstra,Warehouse,306,0.141,165,34,true,10
DFS,Warehouse,306,0.021,34,34,true,9
BFS,Warehouse,306,0.06,165,34,true,10
A*,Warehouse,306,0.134,165,34,true,10
Dijkstra,Warehouse,307,0.122,165,34,true,10
DFS,Warehouse,307,0.021,34,34,true,9
BFS,Warehouse,307,0.093,165,34,true,10
A*,Warehouse,307,0.134,165,34,true,10
Dijkstra,Warehouse,308,0.123,165,34,true,10
DFS,Warehouse,308,0.022,34,34,true,9
BFS,Warehouse,308,0.059,165,34,true,10
A*,Warehouse,308,0.131,165,34,true,10
Dijkstra,Warehouse,309,0.117,165,34,true,10
DFS,Warehouse,309,0.02,34,34,true,9
BFS,Warehouse,309,0.058,165,34,true,10
A*,Warehouse,309,0.131,165,34,true,10
Dijkstra,Warehouse,310,0.117,165,34,true,10
DFS,Warehouse,310,0.021,34,34,true,9
BFS,Warehouse,310,0.057,165,34,true,10
A*,Warehouse,310,0.127,165,34,true,10
Dijkstra,Warehouse,311,0.117,165,34,true,10
DFS,Warehouse,311,0.02,34,34,true,9
BFS,Warehouse,311,0.057,165,34,true,10
A*,Warehouse,311,0.145,165,34,true,10
Dijkstra,Warehouse,312,0.117,165,34,true,10
DFS,Warehouse,312,0.02,34,34,true,9
BFS,Warehouse,312,0.056,165,34,true,10
A*,Warehouse,312,0.13,165,34,true,10
Dijkstra,Warehouse,313,0.115,165,34,true,10
DFS,Warehouse,313,0.019,34,34,true,9
BFS,Warehouse,313,0.055,165,34,true,10
A*,Warehouse,313,0.129,165,34,true,10
Dijkstra,Warehouse,314,0.116,165,34,true,10
DFS,Warehouse,314,0.02,34,34,true,9
BFS,Warehouse,314,0.057,165,34,true,10
A*,Warehouse,314,0.129,165,34,true,10
Dijkstra,Warehouse,315,0.117,165,34,true,10
DFS,Warehouse,315,0.019,34,34,true,9
BFS,Warehouse,315,0.056,165,34,true,10
A*,Warehouse,315,0.129,165,34,true,10
Dijkstra,Warehouse,316,0.118,165,34,true,10
DFS,Warehouse,316,0.019,34,34,true,9
BFS,Warehouse,316,0.056,165,34,true,10
A*,Warehouse,316,0.13,165,34,true,10
Dijkstra,Warehouse,317,0.13,165,34,true,10
DFS,Warehouse,317,0.019,34,34,true,9
BFS,Warehouse,317,0.055,165,34,true,10
A*,Warehouse,317,0.128,165,34,true,10
Dijkstra,Warehouse,318,0.116,165,34,true,10
DFS,Warehouse,318,0.02,34,34,true,9
BFS,Warehouse,318,0.056,165,34,true,10
A*,Warehouse,318,0.128,165,34,true,10
Dijkstra,Warehouse,319,0.117,165,34,true,10
DFS,Warehouse,319,0.019,34,34,true,9
BFS,Warehouse,319,0.057,165,34,true,10
A*,Warehouse,319,0.132,165,34,true,10
Dijkstra,Warehouse,320,0.186,165,34,true,10
DFS,Warehouse,320,0.033,34,34,true,9
BFS,Warehouse,320,0.135,165,34,true,10
A*,Warehouse,320,0.139,165,34,true,10
Dijkstra,Warehouse,321,0.12,165,34,true,10
DFS,Warehouse,321,0.338,34,34,true,9
BFS,Warehouse,321,0.061,165,34,true,10
A*,Warehouse,321,0.132,165,34,true,10
Dijkstra,Warehouse,322,0.121,165,34,true,10
DFS,Warehouse,322,0.02,34,34,true,9
BFS,Warehouse,322,0.057,165,34,true,10
A*,Warehouse,322,0.131,165,34,true,10
Dijkstra,Warehouse,323,0.116,165,34,true,10
DFS,Warehouse,323,0.02,34,34,true,9
BFS,Warehouse,323,0.057,165,34,true,10
A*,Warehouse,323,0.128,165,34,true,10
Dijkstra,Warehouse,324,0.131,165,34,true,10
DFS,Warehouse,324,0.02,34,34,true,9
BFS,Warehouse,324,0.055,165,34,true,10
A*,Warehouse,324,0.13,165,34,true,10
Dijkstra,Warehouse,325,0.118,165,34,true,10
DFS,Warehouse,325,0.019,34,34,true,9
BFS,Warehouse,325,0.056,165,34,true,10
A*,Warehouse,325,0.128,165,34,true,10
Dijkstra,Warehouse,326,0.117,165,34,true,10
DFS,Warehouse,326,0.02,34,34,true,9
BFS,Warehouse,326,0.057,165,34,true,10
A*,Warehouse,326,0.13,165,34,true,10
Dijkstra,Warehouse,327,0.116,165,34,true,10
DFS,Warehouse,327,0.019,34,34,true,9
BFS,Warehouse,327,0.056,165,34,true,10
A*,Warehouse,327,0.129,165,34,true,10
Dijkstra,Warehouse,328,0.117,165,34,true,10
DFS,Warehouse,328,0.02,34,34,true,9
BFS,Warehouse,328,0.056,165,34,true,10
A*,Warehouse,328,0.128,165,34,true,10
Dijkstra,Warehouse,329,0.117,165,34,true,10
DFS,Warehouse,329,0.019,34,34,true,9
BFS,Warehouse,329,0.067,165,34,true,10
A*,Warehouse,329,0.129,165,34,true,10
Dijkstra,Warehouse,330,0.117,165,34,true,10
DFS,Warehouse,330,0.02,34,34,true,9
BFS,Warehouse,330,0.055,165,34,true,10
A*,Warehouse,330,0.128,165,34,true,10
Dijkstra,Warehouse,331,0.117,165,34,true,10
DFS,Warehouse,331,0.019,34,34,true,9
BFS,Warehouse,331,0.057,165,34,true,10
A*,Warehouse,331,0.129,165,34,true,10
Dijkstra,Warehouse,332,0.116,165,34,true,10
DFS,Warehouse,332,0.02,34,34,true,9
BFS,Warehouse,332,0.056,165,34,true,10
A*,Warehouse,332,0.129,165,34,true,10
Dijkstra,Warehouse,333,0.116,165,34,true,10
DFS,Warehouse,333,0.025,34,34,true,9
BFS,Warehouse,333,0.056,165,34,true,10
A*,Warehouse,333,0.128,165,34,true,10
Dijkstra,Warehouse,334,0.115,165,34,true,10
DFS,Warehouse,334,0.02,34,34,true,9
BFS,Warehouse,334,0.058,165,34,true,10
A*,Warehouse,334,0.192,165,34,true,10
Dijkstra,Warehouse,335,0.123,165,34,true,10
DFS,Warehouse,335,0.021,34,34,true,9
BFS,Warehouse,335,0.06,165,34,true,10
A*,Warehouse,335,0.133,165,34,true,10
Dijkstra,Warehouse,336,0.118,165,34,true,10
DFS,Warehouse,336,0.327,34,34,true,9
BFS,Warehouse,336,0.061,165,34,true,10
A*,Warehouse,336,0.14,165,34,true,10
Dijkstra,Warehouse,337,0.172,165,34,true,10
DFS,Warehouse,337,0.029,34,34,true,9
BFS,Warehouse,337,0.09,165,34,true,10
A*,Warehouse,337,0.194,165,34,true,10
Dijkstra,Warehouse,338,0.173,165,34,true,10
DFS,Warehouse,338,0.022,34,34,true,9
BFS,Warehouse,338,0.06,165,34,true,10
A*,Warehouse,338,0.156,165,34,true,10
Dijkstra,Warehouse,339,0.141,165,34,true,10
DFS,Warehouse,339,0.029,34,34,true,9
BFS,Warehouse,339,0.059,165,34,true,10
A*,Warehouse,339,0.131,165,34,true,10
Dijkstra,Warehouse,340,0.12,165,34,true,10
DFS,Warehouse,340,0.021,34,34,true,9
BFS,Warehouse,340,0.083,165,34,true,10
A*,Warehouse,340,0.158,165,34,true,10
Dijkstra,Warehouse,341,0.121,165,34,true,10
DFS,Warehouse,341,0.02,34,34,true,9
BFS,Warehouse,341,0.058,165,34,true,10
A*,Warehouse,341,0.129,165,34,true,10
Dijkstra,Warehouse,342,0.117,165,34,true,10
DFS,Warehouse,342,0.019,34,34,true,9
BFS,Warehouse,342,0.055,165,34,true,10
A*,Warehouse,342,0.366,165,34,true,10
Dijkstra,Warehouse,343,0.22,165,34,true,10
DFS,Warehouse,343,0.036,34,34,true,9
BFS,Warehouse,343,0.118,165,34,true,10
A*,Warehouse,343,0.205,165,34,true,10
Dijkstra,Warehouse,344,0.186,165,34,true,10
DFS,Warehouse,344,0.034,34,34,true,9
BFS,Warehouse,344,0.091,165,34,true,10
A*,Warehouse,344,0.195,165,34,true,10
Dijkstra,Warehouse,345,0.188,165,34,true,10
DFS,Warehouse,345,0.029,34,34,true,9
BFS,Warehouse,345,0.091,165,34,true,10
A*,Warehouse,345,0.185,165,34,true,10
Dijkstra,Warehouse,346,0.119,165,34,true,10
DFS,Warehouse,346,0.02,34,34,true,9
BFS,Warehouse,346,0.075,165,34,true,10
A*,Warehouse,346,0.13,165,34,true,10
Dijkstra,Warehouse,347,0.117,165,34,true,10
DFS,Warehouse,347,0.02,34,34,true,9
BFS,Warehouse,347,0.058,165,34,true,10
A*,Warehouse,347,0.129,165,34,true,10
Dijkstra,Warehouse,348,0.117,165,34,true,10
DFS,Warehouse,348,0.029,34,34,true,9
BFS,Warehouse,348,0.057,165,34,true,10
A*,Warehouse,348,0.129,165,34,true,10
Dijkstra,Warehouse,349,0.116,165,34,true,10
DFS,Warehouse,349,0.02,34,34,true,9
BFS,Warehouse,349,0.057,165,34,true,10
A*,Warehouse,349,0.129,165,34,true,10
Dijkstra,Warehouse,350,0.116,165,34,true,10
DFS,Warehouse,350,0.02,34,34,true,9
BFS,Warehouse,350,0.055,165,34,true,10
A*,Warehouse,350,0.128,165,34,true,10
Dijkstra,Warehouse,351,0.509,165,34,true,10
DFS,Warehouse,351,0.021,34,34,true,9
BFS,Warehouse,351,0.061,165,34,true,10
A*,Warehouse,351,0.133,165,34,true,10
Dijkstra,Warehouse,352,0.118,165,34,true,10
DFS,Warehouse,352,0.02,34,34,true,9
BFS,Warehouse,352,0.058,165,34,true,10
A*,Warehouse,352,0.131,165,34,true,10
Dijkstra,Warehouse,353,0.117,165,34,true,10
DFS,Warehouse,353,0.021,34,34,true,9
BFS,Warehouse,353,0.056,165,34,true,10
A*,Warehouse,353,0.128,165,34,true,10
Dijkstra,Warehouse,354,0.117,165,34,true,10
DFS,Warehouse,354,0.034,34,34,true,9
BFS,Warehouse,354,0.057,165,34,true,10
A*,Warehouse,354,0.127,165,34,true,10
Dijkstra,Warehouse,355,0.117,165,34,true,10
DFS,Warehouse,355,0.019,34,34,true,9
BFS,Warehouse,355,0.056,165,34,true,10
A*,Warehouse,355,0.129,165,34,true,10
Dijkstra,Warehouse,356,0.118,165,34,true,10
DFS,Warehouse,356,0.02,34,34,true,9
BFS,Warehouse,356,0.058,165,34,true,10
A*,Warehouse,356,0.129,165,34,true,10
Dijkstra,Warehouse,357,0.116,165,34,true,10
DFS,Warehouse,357,0.02,34,34,true,9
BFS,Warehouse,357,0.058,165,34,true,10
A*,Warehouse,357,0.129,165,34,true,10
Dijkstra,Warehouse,358,0.116,165,34,true,10
DFS,Warehouse,358,0.02,34,34,true,9
BFS,Warehouse,358,0.057,165,34,true,10
A*,Warehouse,358,0.129,165,34,true,10
Dijkstra,Warehouse,359,0.116,165,34,true,10
DFS,Warehouse,359,0.019,34,34,true,9
BFS,Warehouse,359,0.056,165,34,true,10
A*,Warehouse,359,0.139,165,34,true,10
Dijkstra,Warehouse,360,0.115,165,34,true,10
DFS,Warehouse,360,0.019,34,34,true,9
BFS,Warehouse,360,0.055,165,34,true,10
A*,Warehouse,360,0.129,165,34,true,10
Dijkstra,Warehouse,361,0.117,165,34,true,10
DFS,Warehouse,361,0.02,34,34,true,9
BFS,Warehouse,361,0.057,165,34,true,10
A*,Warehouse,361,0.129,165,34,true,10
Dijkstra,Warehouse,362,0.117,165,34,true,10
DFS,Warehouse,362,0.019,34,34,true,9
BFS,Warehouse,362,0.056,165,34,true,10
A*,Warehouse,362,0.127,165,34,true,10
Dijkstra,Warehouse,363,0.124,165,34,true,10
DFS,Warehouse,363,0.019,34,34,true,9
BFS,Warehouse,363,0.056,165,34,true,10
A*,Warehouse,363,0.127,165,34,true,10
Dijkstra,Warehouse,364,0.115,165,34,true,10
DFS,Warehouse,364,0.019,34,34,true,9
BFS,Warehouse,364,0.055,165,34,true,10
A*,Warehouse,364,0.131,165,34,true,10
Dijkstra,Warehouse,365,0.248,165,34,true,10
DFS,Warehouse,365,0.036,34,34,true,9
BFS,Warehouse,365,0.137,165,34,true,10
A*,Warehouse,365,0.194,165,34,true,10
Dijkstra,Warehouse,366,0.597,165,34,true,10
DFS,Warehouse,366,0.022,34,34,true,9
BFS,Warehouse,366,0.062,165,34,true,10
A*,Warehouse,366,0.135,165,34,true,10
Dijkstra,Warehouse,367,0.121,165,34,true,10
DFS,Warehouse,367,0.02,34,34,true,9
BFS,Warehouse,367,0.058,165,34,true,10
A*,Warehouse,367,0.13,165,34,true,10
Dijkstra,Warehouse,368,0.118,165,34,true,10
DFS,Warehouse,368,0.02,34,34,true,9
BFS,Warehouse,368,0.058,165,34,true,10
A*,Warehouse,368,0.129,165,34,true,10
Dijkstra,Warehouse,369,0.118,165,34,true,10
DFS,Warehouse,369,0.02,34,34,true,9
BFS,Warehouse,369,0.058,165,34,true,10
A*,Warehouse,369,0.135,165,34,true,10
Dijkstra,Warehouse,370,0.156,165,34,true,10
DFS,Warehouse,370,0.032,34,34,true,9
BFS,Warehouse,370,0.08,165,34,true,10
A*,Warehouse,370,0.135,165,34,true,10
Dijkstra,Warehouse,371,0.117,165,34,true,10
DFS,Warehouse,371,0.022,34,34,true,9
BFS,Warehouse,371,0.056,165,34,true,10
A*,Warehouse,371,0.13,165,34,true,10
Dijkstra,Warehouse,372,0.118,165,34,true,10
DFS,Warehouse,372,0.02,34,34,true,9
BFS,Warehouse,372,0.059,165,34,true,10
A*,Warehouse,372,0.132,165,34,true,10
Dijkstra,Warehouse,373,0.118,165,34,true,10
DFS,Warehouse,373,0.021,34,34,true,9
BFS,Warehouse,373,0.059,165,34,true,10
A*,Warehouse,373,0.14,165,34,true,10
Dijkstra,Warehouse,374,0.166,165,34,true,10
DFS,Warehouse,374,0.029,34,34,true,9
BFS,Warehouse,374,0.097,165,34,true,10
A*,Warehouse,374,0.18,165,34,true,10
Dijkstra,Warehouse,375,0.137,165,34,true,10
DFS,Warehouse,375,0.021,34,34,true,9
BFS,Warehouse,375,0.057,165,34,true,10
A*,Warehouse,375,0.129,165,34,true,10
Dijkstra,Warehouse,376,0.12,165,34,true,10
DFS,Warehouse,376,0.019,34,34,true,9
BFS,Warehouse,376,0.058,165,34,true,10
A*,Warehouse,376,0.129,165,34,true,10
Dijkstra,Warehouse,377,0.119,165,34,true,10
DFS,Warehouse,377,0.02,34,34,true,9
BFS,Warehouse,377,0.057,165,34,true,10
A*,Warehouse,377,0.181,165,34,true,10
Dijkstra,Warehouse,378,0.196,165,34,true,10
DFS,Warehouse,378,0.033,34,34,true,9
BFS,Warehouse,378,0.098,165,34,true,10
A*,Warehouse,378,0.204,165,34,true,10
Dijkstra,Warehouse,379,0.307,165,34,true,10
DFS,Warehouse,379,0.069,34,34,true,9
BFS,Warehouse,379,0.102,165,34,true,10
A*,Warehouse,379,0.18,165,34,true,10
Dijkstra,Warehouse,380,0.128,165,34,true,10
DFS,Warehouse,380,0.021,34,34,true,9
BFS,Warehouse,380,0.062,165,34,true,10
A*,Warehouse,380,0.133,165,34,true,10
Dijkstra,Warehouse,381,0.497,165,34,true,10
DFS,Warehouse,381,0.021,34,34,true,9
BFS,Warehouse,381,0.059,165,34,true,10
A*,Warehouse,381,0.133,165,34,true,10
Dijkstra,Warehouse,382,0.117,165,34,true,10
DFS,Warehouse,382,0.02,34,34,true,9
BFS,Warehouse,382,0.059,165,34,true,10
A*,Warehouse,382,0.128,165,34,true,10
Dijkstra,Warehouse,383,0.117,165,34,true,10
DFS,Warehouse,383,0.019,34,34,true,9
BFS,Warehouse,383,0.057,165,34,true,10
A*,Warehouse,383,0.13,165,34,true,10
Dijkstra,Warehouse,384,0.117,165,34,true,10
DFS,Warehouse,384,0.019,34,34,true,9
BFS,Warehouse,384,0.056,165,34,true,10
A*,Warehouse,384,0.126,165,34,true,10
Dijkstra,Warehouse,385,0.12,165,34,true,10
DFS,Warehouse,385,0.019,34,34,true,9
BFS,Warehouse,385,0.107,165,34,true,10
A*,Warehouse,385,0.169,165,34,true,10
Dijkstra,Warehouse,386,0.119,165,34,true,10
DFS,Warehouse,386,0.021,34,34,true,9
BFS,Warehouse,386,0.059,165,34,true,10
A*,Warehouse,386,0.133,165,34,true,10
Dijkstra,Warehouse,387,0.119,165,34,true,10
DFS,Warehouse,387,0.02,34,34,true,9
BFS,Warehouse,387,0.057,165,34,true,10
A*,Warehouse,387,0.133,165,34,true,10
Dijkstra,Warehouse,388,0.118,165,34,true,10
DFS,Warehouse,388,0.019,34,34,true,9
BFS,Warehouse,388,0.057,165,34,true,10
A*,Warehouse,388,0.133,165,34,true,10
Dijkstra,Warehouse,389,0.115,165,34,true,10
DFS,Warehouse,389,0.02,34,34,true,9
BFS,Warehouse,389,0.056,165,34,true,10
A*,Warehouse,389,0.13,165,34,true,10
Dijkstra,Warehouse,390,0.118,165,34,true,10
DFS,Warehouse,390,0.019,34,34,true,9
BFS,Warehouse,390,0.057,165,34,true,10
A*,Warehouse,390,0.151,165,34,true,10
Dijkstra,Warehouse,391,0.119,165,34,true,10
DFS,Warehouse,391,0.02,34,34,true,9
BFS,Warehouse,391,0.057,165,34,true,10
A*,Warehouse,391,0.129,165,34,true,10
Dijkstra,Warehouse,392,0.116,165,34,true,10
DFS,Warehouse,392,0.019,34,34,true,9
BFS,Warehouse,392,0.057,165,34,true,10
A*,Warehouse,392,0.131,165,34,true,10
Dijkstra,Warehouse,393,0.126,165,34,true,10
DFS,Warehouse,393,0.02,34,34,true,9
BFS,Warehouse,393,0.056,165,34,true,10
A*,Warehouse,393,0.131,165,34,true,10
Dijkstra,Warehouse,394,0.117,165,34,true,10
DFS,Warehouse,394,0.019,34,34,true,9
BFS,Warehouse,394,0.056,165,34,true,10
A*,Warehouse,394,0.131,165,34,true,10
Dijkstra,Warehouse,395,0.118,165,34,true,10
DFS,Warehouse,395,0.019,34,34,true,9
BFS,Warehouse,395,0.056,165,34,true,10
A*,Warehouse,395,0.144,165,34,true,10
Dijkstra,Warehouse,396,0.425,165,34,true,10
DFS,Warehouse,396,0.021,34,34,true,9
BFS,Warehouse,396,0.058,165,34,true,10
A*,Warehouse,396,0.131,165,34,true,10
Dijkstra,Warehouse,397,0.116,165,34,true,10
DFS,Warehouse,397,0.02,34,34,true,9
BFS,Warehouse,397,0.056,165,34,true,10
A*,Warehouse,397,0.131,165,34,true,10
Dijkstra,Warehouse,398,0.117,165,34,true,10
DFS,Warehouse,398,0.019,34,34,true,9
BFS,Warehouse,398,0.057,165,34,true,10
A*,Warehouse,398,0.131,165,34,true,10
Dijkstra,Warehouse,399,0.116,165,34,true,10
DFS,Warehouse,399,0.019,34,34,true,9
BFS,Warehouse,399,0.055,165,34,true,10
A*,Warehouse,399,0.132,165,34,true,10
Dijkstra,Warehouse,400,0.116,165,34,true,10
DFS,Warehouse,400,0.032,34,34,true,9
BFS,Warehouse,400,0.056,165,34,true,10
A*,Warehouse,400,0.131,165,34,true,10
Dijkstra,Warehouse,401,0.126,165,34,true,10
DFS,Warehouse,401,0.021,34,34,true,9
BFS,Warehouse,401,0.061,165,34,true,10
A*,Warehouse,401,0.13,165,34,true,10
Dijkstra,Warehouse,402,0.117,165,34,true,10
DFS,Warehouse,402,0.02,34,34,true,9
BFS,Warehouse,402,0.058,165,34,true,10
A*,Warehouse,402,0.129,165,34,true,10
Dijkstra,Warehouse,403,0.118,165,34,true,10
DFS,Warehouse,403,0.019,34,34,true,9
BFS,Warehouse,403,0.057,165,34,true,10
A*,Warehouse,403,0.126,165,34,true,10
Dijkstra,Warehouse,404,0.116,165,34,true,10
DFS,Warehouse,404,0.02,34,34,true,9
BFS,Warehouse,404,0.056,165,34,true,10
A*,Warehouse,404,0.128,165,34,true,10
Dijkstra,Warehouse,405,0.117,165,34,true,10
DFS,Warehouse,405,0.019,34,34,true,9
BFS,Warehouse,405,0.072,165,34,true,10
A*,Warehouse,405,0.13,165,34,true,10
Dijkstra,Warehouse,406,0.116,165,34,true,10
DFS,Warehouse,406,0.019,34,34,true,9
BFS,Warehouse,406,0.056,165,34,true,10
A*,Warehouse,406,0.128,165,34,true,10
Dijkstra,Warehouse,407,0.117,165,34,true,10
DFS,Warehouse,407,0.019,34,34,true,9
BFS,Warehouse,407,0.056,165,34,true,10
A*,Warehouse,407,0.128,165,34,true,10
Dijkstra,Warehouse,408,0.126,165,34,true,10
DFS,Warehouse,408,0.021,34,34,true,9
BFS,Warehouse,408,0.064,165,34,true,10
A*,Warehouse,408,0.178,165,34,true,10
Dijkstra,Warehouse,409,0.124,165,34,true,10
DFS,Warehouse,409,0.021,34,34,true,9
BFS,Warehouse,409,0.058,165,34,true,10
A*,Warehouse,409,0.543,165,34,true,10
Dijkstra,Warehouse,410,0.203,165,34,true,10
DFS,Warehouse,410,0.038,34,34,true,9
BFS,Warehouse,410,0.111,165,34,true,10
A*,Warehouse,410,0.191,165,34,true,10
Dijkstra,Warehouse,411,0.793,165,34,true,10
DFS,Warehouse,411,0.035,34,34,true,9
BFS,Warehouse,411,0.095,165,34,true,10
A*,Warehouse,411,0.204,165,34,true,10
Dijkstra,Warehouse,412,0.205,165,34,true,10
DFS,Warehouse,412,0.038,34,34,true,9
BFS,Warehouse,412,0.114,165,34,true,10
A*,Warehouse,412,0.242,165,34,true,10
Dijkstra,Warehouse,413,0.224,165,34,true,10
DFS,Warehouse,413,0.039,34,34,true,9
BFS,Warehouse,413,0.113,165,34,true,10
A*,Warehouse,413,0.26,165,34,true,10
Dijkstra,Warehouse,414,0.247,165,34,true,10
DFS,Warehouse,414,0.04,34,34,true,9
BFS,Warehouse,414,0.121,165,34,true,10
A*,Warehouse,414,0.242,165,34,true,10
Dijkstra,Warehouse,415,0.215,165,34,true,10
DFS,Warehouse,415,0.037,34,34,true,9
BFS,Warehouse,415,0.112,165,34,true,10
A*,Warehouse,415,0.229,165,34,true,10
Dijkstra,Warehouse,416,0.218,165,34,true,10
DFS,Warehouse,416,0.036,34,34,true,9
BFS,Warehouse,416,0.127,165,34,true,10
A*,Warehouse,416,0.207,165,34,true,10
Dijkstra,Warehouse,417,0.195,165,34,true,10
DFS,Warehouse,417,0.032,34,34,true,9
BFS,Warehouse,417,0.101,165,34,true,10
A*,Warehouse,417,0.197,165,34,true,10
Dijkstra,Warehouse,418,0.18,165,34,true,10
DFS,Warehouse,418,0.031,34,34,true,9
BFS,Warehouse,418,0.088,165,34,true,10
A*,Warehouse,418,0.178,165,34,true,10
Dijkstra,Warehouse,419,0.172,165,34,true,10
DFS,Warehouse,419,0.03,34,34,true,9
BFS,Warehouse,419,0.089,165,34,true,10
A*,Warehouse,419,0.201,165,34,true,10
Dijkstra,Warehouse,420,0.171,165,34,true,10
DFS,Warehouse,420,0.03,34,34,true,9
BFS,Warehouse,420,0.067,165,34,true,10
A*,Warehouse,420,0.131,165,34,true,10
Dijkstra,Warehouse,421,0.12,165,34,true,10
DFS,Warehouse,421,0.02,34,34,true,9
BFS,Warehouse,421,0.057,165,34,true,10
A*,Warehouse,421,0.133,165,34,true,10
Dijkstra,Warehouse,422,0.118,165,34,true,10
DFS,Warehouse,422,0.021,34,34,true,9
BFS,Warehouse,422,0.056,165,34,true,10
A*,Warehouse,422,0.131,165,34,true,10
Dijkstra,Warehouse,423,0.127,165,34,true,10
DFS,Warehouse,423,0.019,34,34,true,9
BFS,Warehouse,423,0.057,165,34,true,10
A*,Warehouse,423,0.129,165,34,true,10
Dijkstra,Warehouse,424,0.116,165,34,true,10
DFS,Warehouse,424,0.02,34,34,true,9
BFS,Warehouse,424,0.056,165,34,true,10
A*,Warehouse,424,0.145,165,34,true,10
Dijkstra,Warehouse,425,0.116,165,34,true,10
DFS,Warehouse,425,0.019,34,34,true,9
BFS,Warehouse,425,0.061,165,34,true,10
A*,Warehouse,425,0.158,165,34,true,10
Dijkstra,Warehouse,426,0.695,165,34,true,10
DFS,Warehouse,426,0.035,34,34,true,9
BFS,Warehouse,426,0.093,165,34,true,10
A*,Warehouse,426,0.195,165,34,true,10
Dijkstra,Warehouse,427,0.185,165,34,true,10
DFS,Warehouse,427,0.03,34,34,true,9
BFS,Warehouse,427,0.092,165,34,true,10
A*,Warehouse,427,0.195,165,34,true,10
Dijkstra,Warehouse,428,0.142,165,34,true,10
DFS,Warehouse,428,0.021,34,34,true,9
BFS,Warehouse,428,0.072,165,34,true,10
A*,Warehouse,428,0.133,165,34,true,10
Dijkstra,Warehouse,429,0.117,165,34,true,10
DFS,Warehouse,429,0.02,34,34,true,9
BFS,Warehouse,429,0.057,165,34,true,10
A*,Warehouse,429,0.132,165,34,true,10
Dijkstra,Warehouse,430,0.117,165,34,true,10
DFS,Warehouse,430,0.019,34,34,true,9
BFS,Warehouse,430,0.056,165,34,true,10
A*,Warehouse,430,0.132,165,34,true,10
Dijkstra,Warehouse,431,0.116,165,34,true,10
DFS,Warehouse,431,0.019,34,34,true,9
BFS,Warehouse,431,0.056,165,34,true,10
A*,Warehouse,431,0.131,165,34,true,10
Dijkstra,Warehouse,432,0.116,165,34,true,10
DFS,Warehouse,432,0.019,34,34,true,9
BFS,Warehouse,432,0.056,165,34,true,10
A*,Warehouse,432,0.131,165,34,true,10
Dijkstra,Warehouse,433,0.117,165,34,true,10
DFS,Warehouse,433,0.019,34,34,true,9
BFS,Warehouse,433,0.058,165,34,true,10
A*,Warehouse,433,0.141,165,34,true,10
Dijkstra,Warehouse,434,0.117,165,34,true,10
DFS,Warehouse,434,0.019,34,34,true,9
BFS,Warehouse,434,0.056,165,34,true,10
A*,Warehouse,434,0.133,165,34,true,10
Dijkstra,Warehouse,435,0.116,165,34,true,10
DFS,Warehouse,435,0.019,34,34,true,9
BFS,Warehouse,435,0.057,165,34,true,10
A*,Warehouse,435,0.131,165,34,true,10
Dijkstra,Warehouse,436,0.116,165,34,true,10
DFS,Warehouse,436,0.02,34,34,true,9
BFS,Warehouse,436,0.056,165,34,true,10
A*,Warehouse,436,0.13,165,34,true,10
Dijkstra,Warehouse,437,0.117,165,34,true,10
DFS,Warehouse,437,0.019,34,34,true,9
BFS,Warehouse,437,0.056,165,34,true,10
A*,Warehouse,437,0.131,165,34,true,10
Dijkstra,Warehouse,438,0.124,165,34,true,10
DFS,Warehouse,438,0.019,34,34,true,9
BFS,Warehouse,438,0.057,165,34,true,10
A*,Warehouse,438,0.132,165,34,true,10
Dijkstra,Warehouse,439,0.183,165,34,true,10
DFS,Warehouse,439,0.031,34,34,true,9
BFS,Warehouse,439,0.059,165,34,true,10
A*,Warehouse,439,0.137,165,34,true,10
Dijkstra,Warehouse,440,0.119,165,34,true,10
DFS,Warehouse,440,0.021,34,34,true,9
BFS,Warehouse,440,0.058,165,34,true,10
A*,Warehouse,440,0.131,165,34,true,10
Dijkstra,Warehouse,441,0.746,165,34,true,10
DFS,Warehouse,441,0.032,34,34,true,9
BFS,Warehouse,441,0.091,165,34,true,10
A*,Warehouse,441,0.201,165,34,true,10
Dijkstra,Warehouse,442,0.15,165,34,true,10
DFS,Warehouse,442,0.021,34,34,true,9
BFS,Warehouse,442,0.058,165,34,true,10
A*,Warehouse,442,0.135,165,34,true,10
Dijkstra,Warehouse,443,0.119,165,34,true,10
DFS,Warehouse,443,0.021,34,34,true,9
BFS,Warehouse,443,0.059,165,34,true,10
A*,Warehouse,443,0.146,165,34,true,10
Dijkstra,Warehouse,444,0.139,165,34,true,10
DFS,Warehouse,444,0.02,34,34,true,9
BFS,Warehouse,444,0.058,165,34,true,10
A*,Warehouse,444,0.131,165,34,true,10
Dijkstra,Warehouse,445,0.117,165,34,true,10
DFS,Warehouse,445,0.02,34,34,true,9
BFS,Warehouse,445,0.057,165,34,true,10
A*,Warehouse,445,0.132,165,34,true,10
Dijkstra,Warehouse,446,0.117,165,34,true,10
DFS,Warehouse,446,0.02,34,34,true,9
BFS,Warehouse,446,0.065,165,34,true,10
A*,Warehouse,446,0.24,165,34,true,10
Dijkstra,Warehouse,447,0.194,165,34,true,10
DFS,Warehouse,447,0.038,34,34,true,9
BFS,Warehouse,447,0.161,165,34,true,10
A*,Warehouse,447,0.258,165,34,true,10
Dijkstra,Warehouse,448,0.202,165,34,true,10
DFS,Warehouse,448,0.036,34,34,true,9
BFS,Warehouse,448,0.099,165,34,true,10
A*,Warehouse,448,0.214,165,34,true,10
Dijkstra,Warehouse,449,0.213,165,34,true,10
DFS,Warehouse,449,0.031,34,34,true,9
BFS,Warehouse,449,0.093,165,34,true,10
A*,Warehouse,449,0.196,165,34,true,10
Dijkstra,Warehouse,450,0.149,165,34,true,10
DFS,Warehouse,450,0.042,34,34,true,9
BFS,Warehouse,450,0.071,165,34,true,10
A*,Warehouse,450,0.135,165,34,true,10
Dijkstra,Warehouse,451,0.17,165,34,true,10
DFS,Warehouse,451,0.022,34,34,true,9
BFS,Warehouse,451,0.061,165,34,true,10
A*,Warehouse,451,0.134,165,34,true,10
Dijkstra,Warehouse,452,0.119,165,34,true,10
DFS,Warehouse,452,0.02,34,34,true,9
BFS,Warehouse,452,0.058,165,34,true,10
A*,Warehouse,452,0.13,165,34,true,10
Dijkstra,Warehouse,453,0.117,165,34,true,10
DFS,Warehouse,453,0.019,34,34,true,9
BFS,Warehouse,453,0.058,165,34,true,10
A*,Warehouse,453,0.128,165,34,true,10
Dijkstra,Warehouse,454,0.117,165,34,true,10
DFS,Warehouse,454,0.02,34,34,true,9
BFS,Warehouse,454,0.056,165,34,true,10
A*,Warehouse,454,0.126,165,34,true,10
Dijkstra,Warehouse,455,0.136,165,34,true,10
DFS,Warehouse,455,0.019,34,34,true,9
BFS,Warehouse,455,0.057,165,34,true,10
A*,Warehouse,455,0.125,165,34,true,10
Dijkstra,Warehouse,456,0.118,165,34,true,10
DFS,Warehouse,456,0.02,34,34,true,9
BFS,Warehouse,456,0.058,165,34,true,10
A*,Warehouse,456,0.131,165,34,true,10
Dijkstra,Warehouse,457,0.115,165,34,true,10
DFS,Warehouse,457,0.02,34,34,true,9
BFS,Warehouse,457,0.055,165,34,true,10
A*,Warehouse,457,0.127,165,34,true,10
Dijkstra,Warehouse,458,0.118,165,34,true,10
DFS,Warehouse,458,0.019,34,34,true,9
BFS,Warehouse,458,0.056,165,34,true,10
A*,Warehouse,458,0.129,165,34,true,10
Dijkstra,Warehouse,459,0.116,165,34,true,10
DFS,Warehouse,459,0.019,34,34,true,9
BFS,Warehouse,459,0.055,165,34,true,10
A*,Warehouse,459,0.14,165,34,true,10
Dijkstra,Warehouse,460,0.116,165,34,true,10
DFS,Warehouse,460,0.019,34,34,true,9
BFS,Warehouse,460,0.056,165,34,true,10
A*,Warehouse,460,0.127,165,34,true,10
Dijkstra,Warehouse,461,0.116,165,34,true,10
DFS,Warehouse,461,0.021,34,34,true,9
BFS,Warehouse,461,0.056,165,34,true,10
A*,Warehouse,461,0.126,165,34,true,10
Dijkstra,Warehouse,462,0.116,165,34,true,10
DFS,Warehouse,462,0.02,34,34,true,9
BFS,Warehouse,462,0.057,165,34,true,10
A*,Warehouse,462,0.129,165,34,true,10
Dijkstra,Warehouse,463,0.118,165,34,true,10
DFS,Warehouse,463,0.02,34,34,true,9
BFS,Warehouse,463,0.056,165,34,true,10
A*,Warehouse,463,0.128,165,34,true,10
Dijkstra,Warehouse,464,0.116,165,34,true,10
DFS,Warehouse,464,0.019,34,34,true,9
BFS,Warehouse,464,0.055,165,34,true,10
A*,Warehouse,464,0.127,165,34,true,10
Dijkstra,Warehouse,465,0.125,165,34,true,10
DFS,Warehouse,465,0.021,34,34,true,9
BFS,Warehouse,465,0.056,165,34,true,10
A*,Warehouse,465,0.127,165,34,true,10
Dijkstra,Warehouse,466,0.118,165,34,true,10
DFS,Warehouse,466,0.019,34,34,true,9
BFS,Warehouse,466,0.057,165,34,true,10
A*,Warehouse,466,0.126,165,34,true,10
Dijkstra,Warehouse,467,0.116,165,34,true,10
DFS,Warehouse,467,0.019,34,34,true,9
BFS,Warehouse,467,0.057,165,34,true,10
A*,Warehouse,467,0.128,165,34,true,10
Dijkstra,Warehouse,468,0.117,165,34,true,10
DFS,Warehouse,468,0.019,34,34,true,9
BFS,Warehouse,468,0.055,165,34,true,10
A*,Warehouse,468,0.192,165,34,true,10
Dijkstra,Warehouse,469,0.136,165,34,true,10
DFS,Warehouse,469,0.023,34,34,true,9
BFS,Warehouse,469,0.061,165,34,true,10
A*,Warehouse,469,0.132,165,34,true,10
Dijkstra,Warehouse,470,0.121,165,34,true,10
DFS,Warehouse,470,0.02,34,34,true,9
BFS,Warehouse,470,0.059,165,34,true,10
A*,Warehouse,470,0.128,165,34,true,10
Dijkstra,Warehouse,471,0.12,165,34,true,10
DFS,Warehouse,471,0.02,34,34,true,9
BFS,Warehouse,471,0.057,165,34,true,10
A*,Warehouse,471,0.131,165,34,true,10
Dijkstra,Warehouse,472,0.133,165,34,true,10
DFS,Warehouse,472,0.021,34,34,true,9
BFS,Warehouse,472,0.057,165,34,true,10
A*,Warehouse,472,0.129,165,34,true,10
Dijkstra,Warehouse,473,0.118,165,34,true,10
DFS,Warehouse,473,0.019,34,34,true,9
BFS,Warehouse,473,0.057,165,34,true,10
A*,Warehouse,473,0.129,165,34,true,10
Dijkstra,Warehouse,474,0.119,165,34,true,10
DFS,Warehouse,474,0.019,34,34,true,9
BFS,Warehouse,474,0.059,165,34,true,10
A*,Warehouse,474,0.212,165,34,true,10
Dijkstra,Warehouse,475,0.124,165,34,true,10
DFS,Warehouse,475,0.021,34,34,true,9
BFS,Warehouse,475,0.058,165,34,true,10
A*,Warehouse,475,0.133,165,34,true,10
Dijkstra,Warehouse,476,0.12,165,34,true,10
DFS,Warehouse,476,0.021,34,34,true,9
BFS,Warehouse,476,0.059,165,34,true,10
A*,Warehouse,476,0.131,165,34,true,10
Dijkstra,Warehouse,477,0.134,165,34,true,10
DFS,Warehouse,477,0.02,34,34,true,9
BFS,Warehouse,477,0.059,165,34,true,10
A*,Warehouse,477,0.133,165,34,true,10
Dijkstra,Warehouse,478,0.119,165,34,true,10
DFS,Warehouse,478,0.021,34,34,true,9
BFS,Warehouse,478,0.09,165,34,true,10
A*,Warehouse,478,0.206,165,34,true,10
Dijkstra,Warehouse,479,0.201,165,34,true,10
DFS,Warehouse,479,0.03,34,34,true,9
BFS,Warehouse,479,0.097,165,34,true,10
A*,Warehouse,479,0.196,165,34,true,10
Dijkstra,Warehouse,480,0.123,165,34,true,10
DFS,Warehouse,480,0.021,34,34,true,9
BFS,Warehouse,480,0.059,165,34,true,10
A*,Warehouse,480,0.13,165,34,true,10
Dijkstra,Warehouse,481,0.12,165,34,true,10
DFS,Warehouse,481,0.037,34,34,true,9
BFS,Warehouse,481,0.058,165,34,true,10
A*,Warehouse,481,0.128,165,34,true,10
Dijkstra,Warehouse,482,0.129,165,34,true,10
DFS,Warehouse,482,0.021,34,34,true,9
BFS,Warehouse,482,0.058,165,34,true,10
A*,Warehouse,482,0.129,165,34,true,10
Dijkstra,Warehouse,483,0.115,165,34,true,10
DFS,Warehouse,483,0.019,34,34,true,9
BFS,Warehouse,483,0.057,165,34,true,10
A*,Warehouse,483,0.13,165,34,true,10
Dijkstra,Warehouse,484,0.12,165,34,true,10
DFS,Warehouse,484,0.021,34,34,true,9
BFS,Warehouse,484,0.057,165,34,true,10
A*,Warehouse,484,0.128,165,34,true,10
Dijkstra,Warehouse,485,0.119,165,34,true,10
DFS,Warehouse,485,0.019,34,34,true,9
BFS,Warehouse,485,0.057,165,34,true,10
A*,Warehouse,485,0.182,165,34,true,10
Dijkstra,Warehouse,486,0.152,165,34,true,10
DFS,Warehouse,486,0.022,34,34,true,9
BFS,Warehouse,486,0.062,165,34,true,10
A*,Warehouse,486,0.135,165,34,true,10
Dijkstra,Warehouse,487,0.119,165,34,true,10
DFS,Warehouse,487,0.021,34,34,true,9
BFS,Warehouse,487,0.059,165,34,true,10
A*,Warehouse,487,0.131,165,34,true,10
Dijkstra,Warehouse,488,0.119,165,34,true,10
DFS,Warehouse,488,0.02,34,34,true,9
BFS,Warehouse,488,0.057,165,34,true,10
A*,Warehouse,488,0.127,165,34,true,10
Dijkstra,Warehouse,489,0.117,165,34,true,10
DFS,Warehouse,489,0.019,34,34,true,9
BFS,Warehouse,489,0.057,165,34,true,10
A*,Warehouse,489,0.145,165,34,true,10
Dijkstra,Warehouse,490,0.117,165,34,true,10
DFS,Warehouse,490,0.019,34,34,true,9
BFS,Warehouse,490,0.061,165,34,true,10
A*,Warehouse,490,0.161,165,34,true,10
Dijkstra,Warehouse,491,0.156,165,34,true,10
DFS,Warehouse,491,0.022,34,34,true,9
BFS,Warehouse,491,0.059,165,34,true,10
A*,Warehouse,491,0.132,165,34,true,10
Dijkstra,Warehouse,492,0.12,165,34,true,10
DFS,Warehouse,492,0.02,34,34,true,9
BFS,Warehouse,492,0.059,165,34,true,10
A*,Warehouse,492,0.128,165,34,true,10
Dijkstra,Warehouse,493,0.12,165,34,true,10
DFS,Warehouse,493,0.02,34,34,true,9
BFS,Warehouse,493,0.059,165,34,true,10
A*,Warehouse,493,0.134,165,34,true,10
Dijkstra,Warehouse,494,0.117,165,34,true,10
DFS,Warehouse,494,0.019,34,34,true,9
BFS,Warehouse,494,0.056,165,34,true,10
A*,Warehouse,494,0.147,165,34,true,10
Dijkstra,Warehouse,495,0.117,165,34,true,10
DFS,Warehouse,495,0.021,34,34,true,9
BFS,Warehouse,495,0.057,165,34,true,10
A*,Warehouse,495,0.128,165,34,true,10
Dijkstra,Warehouse,496,0.178,165,34,true,10
DFS,Warehouse,496,0.025,34,34,true,9
BFS,Warehouse,496,0.059,165,34,true,10
A*,Warehouse,496,0.131,165,34,true,10
Dijkstra,Warehouse,497,0.117,165,34,true,10
DFS,Warehouse,497,0.019,34,34,true,9
BFS,Warehouse,497,0.057,165,34,true,10
A*,Warehouse,497,0.131,165,34,true,10
Dijkstra,Warehouse,498,0.118,165,34,true,10
DFS,Warehouse,498,0.02,34,34,true,9
BFS,Warehouse,498,0.056,165,34,true,10
A*,Warehouse,498,0.131,165,34,true,10
Dijkstra,Warehouse,499,0.132,165,34,true,10
DFS,Warehouse,499,0.035,34,34,true,9
BFS,Warehouse,499,0.09,165,34,true,10
A*,Warehouse,499,0.248,165,34,true,10
Dijkstra,Warehouse,500,0.183,165,34,true,10
DFS,Warehouse,500,0.03,34,34,true,9
BFS,Warehouse,500,0.086,165,34,true,10
A*,Warehouse,500,0.133,165,34,true,10